dataset_id,generation_type,seed,imse,imae,maxerr,n_samples
0,deterministic,1000,0.0188397929407283,0.0977762603717209,0.3229827163715124,30
1,deterministic,1001,0.0251794968574402,0.1032807323733178,0.3537763479688927,30
2,deterministic,1002,0.0607449814710238,0.1552748261202772,0.5355828356993921,30
3,deterministic,1003,0.0422886119925715,0.1157795435452622,0.0922557355579187,30
4,deterministic,1004,0.0272125235854113,0.1099449899208344,0.385258105399171,30
5,deterministic,1005,0.0840513418051842,0.1874159040326924,0.5932921316999313,30
6,deterministic,1006,0.0471288709972163,0.1405625407912194,0.4831363740959555,30
7,deterministic,1007,0.0497568470894823,0.1934867838401887,0.1985587972280744,30
8,deterministic,1008,0.0265115899083058,0.1018592632031916,0.3889760712939574,30
9,deterministic,1009,0.2380227583037936,0.3306006489954961,0.8547446167666242,30
10,deterministic,1010,0.0442435057169652,0.1177365303952143,0.0910532984414995,30
11,deterministic,1011,27.069264161312383,2.190709500137323,22.23048293266751,30
12,deterministic,1012,0.0834058557383722,0.1484089243949571,0.7409581467698398,30
13,deterministic,1013,0.0105942273686183,0.0804676580043207,0.1533084374850144,30
14,deterministic,1014,0.0511933147079135,0.1390939843357478,0.5059606861175534,30
15,deterministic,1015,0.0310660387542587,0.1071255524691574,0.4221604512463033,30
16,deterministic,1016,0.0264845484798379,0.115438539690586,0.3664258323003189,30
17,deterministic,1017,0.0214941996172485,0.09395624167542,0.3342867889794729,30
18,deterministic,1018,0.0756432961736648,0.1765263032250438,0.5727342469927783,30
19,deterministic,1019,0.0625433251158064,0.2089663570429063,0.1513132074969903,30
20,deterministic,1020,0.0247946019162426,0.0987974752183093,0.370151872545883,30
21,deterministic,1021,0.1828259849294194,0.2989101019710784,0.753481627409641,30
22,deterministic,1022,0.0701086146461472,0.1691110347959776,0.5587294547368762,30
23,deterministic,1023,0.2480638083706953,0.3404609789474117,0.8686562396033861,30
24,deterministic,1024,0.2027589600604583,0.3120367058958322,0.790187676400659,30
25,deterministic,1025,0.0972572468790526,0.177210767340658,1.1596650033872966,30
26,deterministic,1026,0.1334534353624152,0.1757067565802529,0.2116161930960309,30
27,deterministic,1027,0.0298055413621543,0.1175677885770894,0.3901389524958825,30
28,deterministic,1028,27.19206155264761,2.1956168772093645,22.28260322276496,30
29,deterministic,1029,0.0320152096097597,0.1155198006184897,0.4238482371744108,30
30,deterministic,1030,0.0565750530274239,0.2024468147977813,0.1874404200122317,30
31,deterministic,1031,0.0416335174437989,0.1162021997451137,0.7970714446354887,30
32,deterministic,1032,0.0504251273540265,0.1381759893031432,0.5022863226644394,30
33,deterministic,1033,0.0281972319579595,0.1127654038162646,0.366183815963677,30
34,deterministic,1034,0.0677666298782942,0.1666577908182769,0.5506212687124163,30
35,deterministic,1035,0.0126461712632014,0.0861143812470017,0.1335699252170603,30
36,deterministic,1036,0.028013755535853,0.1045224567139173,0.4010488631394469,30
37,deterministic,1037,0.031332598373362,0.1070626517873554,0.4244154882176447,30
38,deterministic,1038,0.0719163748349012,0.2182504578266448,0.1453266051852932,30
39,deterministic,1039,0.0609087556144268,0.2072060011193027,0.1487862884412871,30
40,deterministic,1040,2.091813534799621,0.6279813288421718,5.660905201647502,30
41,deterministic,1041,0.074932650992509,0.2217382774658195,0.4842171881672699,30
42,deterministic,1042,2.5881931920581023,0.7026312682197516,6.259600179183957,30
43,deterministic,1043,0.0247790907780031,0.0983098274963556,0.3780062316983348,30
44,deterministic,1044,0.0599449156062766,0.2059262108874189,0.1706460920491621,30
45,deterministic,1045,0.0578027513913951,0.2034732666852414,0.1744042625449848,30
46,deterministic,1046,0.0279442643242827,0.1029382959510081,0.4020927111524885,30
47,deterministic,1047,0.115029560729765,0.1656307526147546,0.234379691891295,30
48,deterministic,1048,9.251583728007626,1.3218927289560491,12.290987653489005,30
49,deterministic,1049,0.0664163217129808,0.2138833393764321,0.1346373867728423,30
50,deterministic,1050,2.78344460066734,0.7327578510568857,6.450946814308832,30
51,deterministic,1051,0.0371786755912211,0.1163837953035294,0.4519293850084711,30
52,deterministic,1052,0.0270734525792357,0.1084448547381641,0.3365111471307194,30
53,deterministic,1053,0.1447027662056871,0.2773901377563996,0.672885849272213,30
54,deterministic,1054,25.322599701128908,2.1177992086667228,21.49353802031961,30
55,deterministic,1055,0.0934321334698684,0.2365438187486015,0.5493607383870431,30
56,deterministic,1056,0.0240596133698616,0.0980726028601344,0.3397803468070948,30
57,deterministic,1057,0.0625505354070976,0.1613234766400078,0.5439945723561772,30
58,deterministic,1058,0.026808883872838,0.1105109917717935,0.3574288199957078,30
59,deterministic,1059,0.0683538717560538,0.1374843348819784,0.2832093434000682,30
60,deterministic,1060,0.1604043710331023,0.2860683011938998,0.7078658699545612,30
61,deterministic,1061,0.0339584424080001,0.1111904636890461,0.4376290543343137,30
62,deterministic,1062,0.0833621609649542,0.1865357632515942,0.5911969489210063,30
63,deterministic,1063,0.0431271117758277,0.1792062095271953,0.2133556991707625,30
64,deterministic,1064,0.0047191281525032,0.0500650400656205,0.1675688678718567,30
65,deterministic,1065,0.0565998718589796,0.1501834438633413,0.5253472177681506,30
66,deterministic,1066,0.0494397602780957,0.191226990596516,0.184211802455656,30
67,deterministic,1067,0.0111023481296092,0.0827917823980226,0.0369810143380893,30
68,deterministic,1068,0.021005830145365,0.0938151582680415,0.3169198229450978,30
69,deterministic,1069,0.0786811586691884,0.2252229059954997,0.4977725544607336,30
70,deterministic,1070,0.0414600491215334,0.1161271263050256,0.7948089442665118,30
71,deterministic,1071,0.0550792551608318,0.2010208527229881,0.1961094086853885,30
72,deterministic,1072,0.0479766621759312,0.1223032508782822,0.8525277836087537,30
73,deterministic,1073,0.0518559122069209,0.1402756031074726,0.5087748702791433,30
74,deterministic,1074,0.0267180135031393,0.1101940514037046,0.3550947774093735,30
75,deterministic,1075,2.342343805116716,0.6684790230100386,5.9428227576882655,30
76,deterministic,1076,0.2890470901952666,0.3623351543311917,0.9381820249702488,30
77,deterministic,1077,0.0538061601421164,0.1968646759516707,0.1645148821647821,30
78,deterministic,1078,0.0266756494668763,0.1069977275633914,0.3199156823994995,30
79,deterministic,1079,3.8898810165629545,0.853796362985518,7.839523160494853,30
80,deterministic,1080,0.0785213382994659,0.2255029325121949,0.4952468191360863,30
81,deterministic,1081,0.0435841376507246,0.1166145767140921,0.816015788438774,30
82,deterministic,1082,3.337643162683801,0.8057821206979663,7.053404727081709,30
83,deterministic,1083,0.0334055540490383,0.1102171353275646,0.4356189055885764,30
84,deterministic,1084,0.0223209360636738,0.0949059607346616,0.3183594777128564,30
85,deterministic,1085,0.0334869602803864,0.1232148650380213,0.4261461324940323,30
86,deterministic,1086,0.0580982586509818,0.2036834928216684,0.1622534186375817,30
87,deterministic,1087,0.0282315070013725,0.1032231292319613,0.4038996269849995,30
88,deterministic,1088,0.0576803069824952,0.1500540729514683,0.5258336545313917,30
89,deterministic,1089,0.0683177567720434,0.2147153873521204,0.1524181735752865,30
90,deterministic,1090,0.0667027152215425,0.2137820167514968,0.1785156501761293,30
91,deterministic,1091,0.0849458767183588,0.188924614803568,0.5932454663764202,30
92,deterministic,1092,0.0620633373921454,0.2089118107305959,0.1841497705707402,30
93,deterministic,1093,0.056913339322699,0.2021981137979641,0.1648326311251629,30
94,deterministic,1094,0.0982651402971976,0.2045600408549885,0.6233086175668885,30
95,deterministic,1095,0.3485720980800286,0.2704233749304337,2.234181856512436,30
96,deterministic,1096,0.0702912752053051,0.1692458002286945,0.5609758794808681,30
97,deterministic,1097,0.0443000483050426,0.1775644527316456,0.2093556123852886,30
98,deterministic,1098,0.0234477224751067,0.0975899845232863,0.3060582898817725,30
99,deterministic,1099,0.039772799464824,0.1208339740914413,0.4623861732124261,30
100,deterministic,1100,0.0441120210507974,0.1825770700863303,0.2091616264086728,30
101,deterministic,1101,0.0318428773506147,0.1084166632817689,0.4271797973389963,30
102,deterministic,1102,0.0366790554283934,0.1157954607602129,0.4522627679667144,30
103,deterministic,1103,0.1096035155885951,0.2522567906722044,0.5879982318665031,30
104,deterministic,1104,3.2118501451093,0.7905637963271369,6.915419310903694,30
105,deterministic,1105,0.0483699638981398,0.1210132159024027,0.8559492227798713,30
106,deterministic,1106,0.0462878482734573,0.1848313270682549,0.1960927916721635,30
107,deterministic,1107,0.0255297870768735,0.1028787962688167,0.3225656925161386,30
108,deterministic,1108,0.17132936982757,0.2926364950630135,0.7303388625432623,30
109,deterministic,1109,0.0525911586727871,0.1967177505327638,0.1808656294112949,30
110,deterministic,1110,0.0561072203112933,0.2009343800993179,0.1612423026034868,30
111,deterministic,1111,0.0598694099420512,0.1535235467202022,0.5331864452594877,30
112,deterministic,1112,0.0563720240779593,0.2014603063771832,0.1644472148121702,30
113,deterministic,1113,1.1345373752551278,0.4599802231931698,4.232108509310729,30
114,deterministic,1114,0.0318525214933911,0.1080863470647688,0.4265687052836751,30
115,deterministic,1115,0.0920921711322387,0.1600373622819905,0.0897523301495106,30
116,deterministic,1116,0.0641652758363658,0.1608952072129934,0.5460761585638298,30
117,deterministic,1117,0.0269239902452834,0.1141789094922511,0.370257009914936,30
118,deterministic,1118,0.0210271489110585,0.0995419184895387,0.3429524000281221,30
119,deterministic,1119,0.02495580486791,0.1029773283425127,0.3605078785862048,30
120,deterministic,1120,0.1101371527323293,0.174749630282325,1.2280309515162329,30
121,deterministic,1121,0.0795538070450788,0.2250302765454198,0.1437541833818514,30
122,deterministic,1122,0.022830111563392,0.0955335767833914,0.3558670617604726,30
123,deterministic,1123,0.0521641626472604,0.128502137060508,0.8887904081611206,30
124,deterministic,1124,0.4705909457123188,0.2457417089524214,3.7475375750363074,30
125,deterministic,1125,0.0526225243386835,0.1430258624036324,0.5075936457410752,30
126,deterministic,1126,0.091144636615131,0.1654025114799195,1.1342577554786204,30
127,deterministic,1127,0.0792781565716639,0.1812780915270545,0.5819253764385364,30
128,deterministic,1128,0.0772264765796159,0.2247190677415094,0.4884262796029635,30
129,deterministic,1129,0.0068085599789429,0.0567359935649866,0.0886840200410441,30
130,deterministic,1130,0.2583488676063917,0.3435500794535723,0.8877678440381516,30
131,deterministic,1131,0.0531157994070145,0.1443312092832201,0.5149959096693473,30
132,deterministic,1132,6.418900803374628,1.0889948965174725,10.321047789846936,30
133,deterministic,1133,0.1308663479682067,0.1781235927116724,0.2465287714769104,30
134,deterministic,1134,0.0699286132470172,0.1403439115662133,1.0088343751863538,30
135,deterministic,1135,0.0449090216909632,0.1171280116611842,0.0232903299834776,30
136,deterministic,1136,0.010597740137638,0.0819288256239986,0.0332477853286354,30
137,deterministic,1137,0.0551010762038663,0.20007988692013,0.1759794185052539,30
138,deterministic,1138,0.056414392197845,0.2016414273199061,0.1696874358671944,30
139,deterministic,1139,1.2694881825547888,0.4916576819189615,4.3820198125185765,30
140,deterministic,1140,0.0375564952043262,0.1322078559372876,0.4382943279944675,30
141,deterministic,1141,0.0529041423903444,0.1283532613382928,0.8961562208379488,30
142,deterministic,1142,0.0234479674811873,0.0963202192534901,0.3565359369071643,30
143,deterministic,1143,0.0252797832968455,0.101326808026802,0.3535135315001314,30
144,deterministic,1144,0.0299051330406462,0.1182923655566128,0.3827050655624959,30
145,deterministic,1145,0.0731988987088523,0.2227080419771144,0.4564337480280311,30
146,deterministic,1146,0.0801230822086121,0.2269624827229582,0.5009695189218046,30
147,deterministic,1147,0.0374148480800203,0.1162802108104218,0.4540092520206578,30
148,deterministic,1148,0.0944443365294324,0.2418445968009388,0.5405643342227346,30
149,deterministic,1149,0.0777108657269362,0.1466891779037417,1.0576609080678332,30
0,stochastic,20000,0.2540488805078735,0.3412551886984132,0.880339179480111,30
1,stochastic,20001,0.1023470434356588,0.2133180867130492,0.6252361229767729,30
2,stochastic,20002,0.0522742952909778,0.1973959199404755,0.1999058063647272,30
3,stochastic,20003,0.0219539414101957,0.0944698643571143,0.2886083794625409,30
4,stochastic,20004,0.0312686618435155,0.1074418362683577,0.4231266584016175,30
5,stochastic,20005,0.0681876672968732,0.2155228609247454,0.4532326803133975,30
6,stochastic,20006,0.2148538802413855,0.3200571924798075,0.8115831384288792,30
7,stochastic,20007,0.0598041187789839,0.1015017601736715,0.2799836019416566,30
8,stochastic,20008,0.1158185385305045,0.2342824161145651,0.6676198339209227,30
9,stochastic,20009,0.0520139750537572,0.1941441114481804,0.1712333996368231,30
10,stochastic,20010,0.1184651984416786,0.1796946861663303,1.2559126088551475,30
11,stochastic,20011,0.0277280201520693,0.1070088987117558,0.3129241800394124,30
12,stochastic,20012,0.034818575757307,0.1114116006409906,0.2278874476924,30
13,stochastic,20013,22.745120217451067,2.0092895102666946,20.320737101135794,30
14,stochastic,20014,0.058581382688855,0.2042527732519008,0.1550460334647976,30
15,stochastic,20015,0.0858838416702601,0.2311485390463095,0.153620968368374,30
16,stochastic,20016,0.113266108354995,0.1765474050542765,1.2425170130443155,30
17,stochastic,20017,0.0739867246631648,0.1445257203069163,0.0386191973426668,30
18,stochastic,20018,0.112990593242101,0.256659525042945,0.5940155970557535,30
19,stochastic,20019,0.7914349708316359,0.3867025094887449,3.5430237336523924,30
20,stochastic,20020,0.0455371251246926,0.1829921245712731,0.1997933974523622,30
21,stochastic,20021,0.073428286107514,0.2225538391482559,0.4618793621437409,30
22,stochastic,20022,0.0638262992826843,0.2101563560922473,0.1571998459148065,30
23,stochastic,20023,0.019462005137905,0.1002911599236405,0.3217937472012799,30
24,stochastic,20024,0.055846396103161,0.2011222264517571,0.1778893136287203,30
25,stochastic,20025,0.0444971797229204,0.1835587914619987,0.2078205848376986,30
26,stochastic,20026,0.0665787431091206,0.1637416240958027,0.5505238110218098,30
27,stochastic,20027,0.0263808690680992,0.1000660917893275,0.3916627738303257,30
28,stochastic,20028,0.085028888598027,0.2322821105552695,0.1704512620582225,30
29,stochastic,20029,0.1510701045673262,0.2593741522923857,0.7194475348512963,30
30,stochastic,20030,0.1226511682456024,0.2615815472981498,0.6220037968686984,30
31,stochastic,20031,0.026212239254178,0.1011043715865468,0.3868430830004317,30
32,stochastic,20032,0.2383949301764973,0.3321123327476231,0.8537736569040661,30
33,stochastic,20033,0.1017497133513219,0.2450175666750627,0.5685854839093305,30
34,stochastic,20034,0.0540993089302255,0.1981151757163129,0.16726969806074,30
35,stochastic,20035,0.1774687471160589,0.2971512778702023,0.7419982588857881,30
36,stochastic,20036,0.0595345867723046,0.2054442471811404,0.1571131001215633,30
37,stochastic,20037,0.0280190434554678,0.1025294489467147,0.4030938025210142,30
38,stochastic,20038,0.0563942154989111,0.2013088975222879,0.1601176011243792,30
39,stochastic,20039,0.0899681271476797,0.1948425666802168,0.6051606759496417,30
40,stochastic,20040,0.067313033492245,0.2144969820578591,0.1377497998437165,30
41,stochastic,20041,0.3074039999205218,0.2544385737574096,2.10704141915902,30
42,stochastic,20042,0.0964785105154812,0.2421581356979354,0.5503305844810207,30
43,stochastic,20043,0.0722661251486087,0.1722785843719791,0.5632005188590421,30
44,stochastic,20044,0.0533799584996307,0.1434077418522178,0.5156426693249938,30
45,stochastic,20045,2.319493072754818,0.6712894690808063,5.877868790582678,30
46,stochastic,20046,0.0617030912307995,0.1565510382128945,0.5388032076778355,30
47,stochastic,20047,18.10558368284274,1.7953442259938204,18.038434710870018,30
48,stochastic,20048,2.598454645389326,0.7285900928515062,5.871122323576699,30
49,stochastic,20049,0.0928501176754894,0.1588881965575299,0.1002589031728158,30
50,stochastic,20050,6.48637798902133,1.110853681905415,0.0017271261519766,30
51,stochastic,20051,0.1073363114566775,0.173171677503232,1.2171447738526449,30
52,stochastic,20052,0.02740898487086,0.1002254503946546,0.2577097299587096,30
53,stochastic,20053,0.9478582048740264,0.4668802517082854,3.616575732177039,30
54,stochastic,20054,0.0951891507481244,0.238189079884461,0.5535694239528723,30
55,stochastic,20055,0.039723003134281,0.1258822409930152,0.4653706055131539,30
56,stochastic,20056,0.040467207206637,0.1146082289596847,0.7847062636351363,30
57,stochastic,20057,0.077152300761258,0.1790449607710043,0.5786893854022006,30
58,stochastic,20058,0.0076455579360801,0.0566276232520836,0.0990924236622046,30
59,stochastic,20059,0.0308593063339597,0.106360861819971,0.2477850863178492,30
60,stochastic,20060,0.0592859178180053,0.2054045621488782,0.1794326678874944,30
61,stochastic,20061,0.0246972657666354,0.0978791218166097,0.3776493603080446,30
62,stochastic,20062,0.0230686252945619,0.0959263984602719,0.3297025580599935,30
63,stochastic,20063,2.341475522683198,0.6668106955598255,5.959037729987674,30
64,stochastic,20064,0.472747286712953,0.3176877542496341,2.606121166484708,30
65,stochastic,20065,0.0593779737751311,0.1585682090441278,0.5346390641508161,30
66,stochastic,20066,0.0770346197653247,0.1809767166523785,0.5721075015826496,30
67,stochastic,20067,0.011205012081785,0.0651383237088736,0.0313672665985742,30
68,stochastic,20068,0.1652967755479208,0.2888767059845125,0.7206235119392668,30
69,stochastic,20069,0.0691299264335036,0.2177690405039895,0.4412497555993582,30
70,stochastic,20070,0.1937366524451271,0.3046429752702298,0.7748931161599866,30
71,stochastic,20071,0.255324801150979,0.2312536775297721,1.943743825504194,30
72,stochastic,20072,0.0887530409989321,0.2327919751409797,0.5356395823315427,30
73,stochastic,20073,0.0201441631329253,0.1017832526952218,0.3284337239923265,30
74,stochastic,20074,0.0304478787163597,0.1155893662751892,0.3163439275033819,30
75,stochastic,20075,0.0214896758812974,0.0956867999281457,0.2729419644711277,30
76,stochastic,20076,0.1134168938241761,0.2213634739943877,0.6543451818503794,30
77,stochastic,20077,0.1203941804256419,0.2578349928854895,0.6192627104749784,30
78,stochastic,20078,0.1779755846639778,0.2941894475423335,0.7458781159338406,30
79,stochastic,20079,0.0828131706450298,0.1859195815883947,0.5895402973686106,30
80,stochastic,20080,0.0974334099209309,0.2411177743624717,0.5573156941188815,30
81,stochastic,20081,2.336510430901543,0.6663781838284321,5.946824040707233,30
82,stochastic,20082,0.0923338909203142,0.1588557286446449,0.0922509025410343,30
83,stochastic,20083,0.0497671326684849,0.1374206235148502,0.503048474418617,30
84,stochastic,20084,0.1741460470992725,0.1976264407021254,0.2107862975287822,30
85,stochastic,20085,0.0292527093117523,0.1099255119242286,0.2872540187963293,30
86,stochastic,20086,0.0663776295275987,0.1643887313574396,0.5517890771866876,30
87,stochastic,20087,0.0211103809515899,0.1048369648945451,0.3306554989012631,30
88,stochastic,20088,0.0925222373677669,0.2372946830030063,0.5424220624981659,30
89,stochastic,20089,0.262640567690676,0.2367837569870774,0.3023190386913508,30
90,stochastic,20090,0.0432274239316482,0.1256670772250193,0.4780489534909242,30
91,stochastic,20091,0.0571820356466507,0.2043806938736759,0.2032733320094477,30
92,stochastic,20092,15.030417644487487,1.639511205641346,16.352680108269894,30
93,stochastic,20093,0.0448250503379583,0.1286908610000771,0.4826236776921853,30
94,stochastic,20094,1.8993718266711943,0.5980610483194934,5.389344317666234,30
95,stochastic,20095,0.0627197872308815,0.2092729318185386,0.1481342188903522,30
96,stochastic,20096,0.0230967286284868,0.0954084696763223,0.2833728203556145,30
97,stochastic,20097,0.0382128907219946,0.1199009222376174,0.4539643219932161,30
98,stochastic,20098,0.0219785937745569,0.0943535247454837,0.3181044794229555,30
99,stochastic,20099,0.0530883306493392,0.1259838722225902,0.1022772952394093,30
100,stochastic,20100,0.0442719455694615,0.1272059240756159,0.4827934853060434,30
101,stochastic,20101,17.773157170204833,1.7747205889814694,17.911655903011674,30
102,stochastic,20102,0.0346264317229617,0.1122363350421797,0.4410296486511846,30
103,stochastic,20103,0.0532170835121223,0.1446860802202187,0.5085968696775116,30
104,stochastic,20104,0.0664074888785292,0.1637857450779267,0.5487001399275191,30
105,stochastic,20105,0.0286779171457573,0.1131438331270146,0.3862815833951214,30
106,stochastic,20106,0.0256050862111729,0.1008983467545274,0.3156273460116656,30
107,stochastic,20107,0.0723340377575311,0.1454630618203652,1.032703749890763,30
108,stochastic,20108,0.0561286763542541,0.2022938267115487,0.1944563875396343,30
109,stochastic,20109,0.0825410358659284,0.2283988923992818,0.5121201822052468,30
110,stochastic,20110,0.0499192978731586,0.1372587196782156,0.50361730279969,30
111,stochastic,20111,0.0896966307230872,0.1952377827853519,0.6077023093776486,30
112,stochastic,20112,0.0798767507499533,0.2266442470990849,0.5005087048259358,30
113,stochastic,20113,0.0244263399402481,0.0982705983534138,0.2851758347888271,30
114,stochastic,20114,0.0512273472890254,0.1397334224689314,0.5072142559704291,30
115,stochastic,20115,0.0425798311536452,0.1156245046451483,0.806389940305714,30
116,stochastic,20116,0.0036950846954072,0.0489393691452939,0.1216617387296219,30
117,stochastic,20117,0.0640109318837985,0.1600783250957355,0.5434301684233342,30
118,stochastic,20118,0.0240087189090592,0.0979171156375185,0.3632642895154729,30
119,stochastic,20119,0.0660465206610336,0.1373948245568117,0.2905348143773887,30
120,stochastic,20120,0.0318487888362384,0.1080301264356967,0.4266166346722131,30
121,stochastic,20121,0.2562725073655812,0.2341433432365655,1.9491622712514416,30
122,stochastic,20122,0.0958879457083021,0.2387769926483749,0.5554938307893518,30
123,stochastic,20123,0.0942402984145324,0.2372787584854115,0.5512994063989978,30
124,stochastic,20124,0.0641815556260089,0.210718876177013,0.1501363187335003,30
125,stochastic,20125,0.0279013768918354,0.1029790389234759,0.4028394706655973,30
126,stochastic,20126,0.959360248977523,0.4253707338371423,3.849203399198682,30
127,stochastic,20127,0.0475649541110476,0.1224435564893536,0.85045575177136,30
128,stochastic,20128,25.574697900319023,2.1301671437275576,21.58310314534082,30
129,stochastic,20129,0.0459827811646906,0.1870516024831641,0.2048640960948415,30
130,stochastic,20130,0.7486183836539617,0.3772157894702399,3.426704190383937,30
131,stochastic,20131,0.0390655302489205,0.121136256272993,0.2379624304185581,30
132,stochastic,20132,0.0242625822218146,0.1013243616399144,0.348628701003697,30
133,stochastic,20133,0.0445260524268476,0.1278129099440697,0.4823302133841247,30
134,stochastic,20134,0.0552329061443192,0.1474683744745374,0.5154923619318672,30
135,stochastic,20135,0.0595813678309933,0.2055410960341712,0.1724971944260542,30
136,stochastic,20136,0.1274797311529057,0.2615333604026925,0.638156881809691,30
137,stochastic,20137,0.0935898033285188,0.1990758281925257,0.6135562194468678,30
138,stochastic,20138,0.0345976254866824,0.1096872687878513,0.2413808743242707,30
139,stochastic,20139,0.0726308803635716,0.2204520946414364,0.4691419383695243,30
140,stochastic,20140,0.0645587165887415,0.1622159274492297,0.5479776643360599,30
141,stochastic,20141,0.0550741437998665,0.1992906029945563,0.162413846843711,30
142,stochastic,20142,0.0105364475968153,0.0808742376772048,0.1509372655439542,30
143,stochastic,20143,0.0248139837901296,0.1019279493420885,0.3382197175147841,30
144,stochastic,20144,0.0787932585147981,0.1498302263192358,1.065545902395176,30
145,stochastic,20145,0.0230687918120426,0.0955903071372906,0.3091634072095175,30
146,stochastic,20146,0.0614529600622943,0.1562531943345862,0.5377850003453966,30
147,stochastic,20147,0.0614606941935994,0.1565620010829334,0.5348946355374906,30
148,stochastic,20148,0.097836416533047,0.2041341646412543,0.6220690882838786,30
149,stochastic,20149,0.041231041832758,0.1192066888809265,0.2257496545272501,30
150,deterministic,1150,0.0239987986743365,0.0976740807648689,0.3564287048061709,30
151,deterministic,1151,0.0793273198283993,0.2248415412512838,0.142128381347141,30
152,deterministic,1152,0.0958580125517112,0.2428743920568039,0.5453782740608704,30
153,deterministic,1153,0.026839559680101,0.1064126745050993,0.3845023857203231,30
154,deterministic,1154,2.1010901757030025,0.6341999062054644,5.636153311488453,30
155,deterministic,1155,0.024245176791872,0.0986649557232559,0.3160361486664058,30
156,deterministic,1156,0.0322604052957977,0.115268369982703,0.4268155076237012,30
157,deterministic,1157,0.0199478605519101,0.1041470358496046,0.3189624207719119,30
158,deterministic,1158,0.1360897084098021,0.1774428941168226,0.1745786044158035,30
159,deterministic,1159,0.2395981282472239,0.3317331473255148,0.8569579938367533,30
160,deterministic,1160,0.0712425253931074,0.148768241960951,1.0184126789311905,30
161,deterministic,1161,12.11724954815242,1.4636097073222143,14.72947347355895,30
162,deterministic,1162,0.1071204366185883,0.1649070925077432,0.2700245539046024,30
163,deterministic,1163,0.0765653907229909,0.1795596494865466,0.5785717037907765,30
164,deterministic,1164,0.2718888934396944,0.2412185162221838,0.1627827427089214,30
165,deterministic,1165,0.0340688853755312,0.1139893309518305,0.2684729530093794,30
166,deterministic,1166,18.05057788404156,1.7954418867495965,17.981682288708175,30
167,deterministic,1167,1.7780678061621475,0.5786539250416404,5.213462820532383,30
168,deterministic,1168,0.0815042195155123,0.1966390546438371,0.585162575652693,30
169,deterministic,1169,0.0267209982233414,0.1006430476703777,0.3938275399012556,30
170,deterministic,1170,0.0861220383671223,0.2329718472316543,0.5189397229940944,30
171,deterministic,1171,5.530157688467007,1.0276775186681173,9.304841155889712,30
172,deterministic,1172,0.113394588169518,0.2527580704904971,0.6016917665393406,30
173,deterministic,1173,0.1025581903821106,0.2445046226089801,0.5730993336628325,30
174,deterministic,1174,0.2298793745425974,0.3259084526201283,0.8402755235366182,30
175,deterministic,1175,0.0734966195578479,0.2197110491164484,0.1438868963148643,30
176,deterministic,1176,0.0283159802524228,0.1132898763688222,0.3491799141288014,30
177,deterministic,1177,0.0463290567380355,0.1310857246035014,0.4884601185174935,30
178,deterministic,1178,0.0271412015081348,0.1019695335467704,0.3945593538053424,30
179,deterministic,1179,0.0315318869381597,0.1251497417550659,0.3698381022819141,30
180,deterministic,1180,4.934092215899526,0.9717131826467762,8.75370258122715,30
181,deterministic,1181,0.0189749316340745,0.1020921537385802,0.2847877968780037,30
182,deterministic,1182,0.2480413996527172,0.3375884034990665,0.870334822473807,30
183,deterministic,1183,0.0695997741458337,0.168619561756508,0.5565675519930107,30
184,deterministic,1184,0.4882564909010806,0.325937352388238,2.650519096309605,30
185,deterministic,1185,0.0315225233255053,0.10830527224176,0.4253928626143439,30
186,deterministic,1186,0.2794452932947338,0.3557072465406862,0.9234629138709232,30
187,deterministic,1187,0.0205647644670524,0.0940085714856013,0.2949502622556297,30
188,deterministic,1188,0.0309822561815761,0.1086772251055956,0.4219026596836785,30
189,deterministic,1189,0.1894220019293916,0.3017333335945025,0.7670594396221939,30
190,deterministic,1190,0.0848046074718483,0.2301753522180719,0.5202185105926005,30
191,deterministic,1191,0.0468716964709762,0.1316848646028359,0.4912672606336645,30
192,deterministic,1192,0.0518288109389445,0.1263603083302162,0.8864812877126877,30
193,deterministic,1193,0.0478201895962756,0.1898016211311469,0.1964348724506379,30
194,deterministic,1194,0.0277886208062297,0.1007905292609368,0.2481238888593124,30
195,deterministic,1195,26.27000475829153,2.1581741804061068,21.890463580658736,30
196,deterministic,1196,0.0278962881005023,0.104976342575031,0.2930196515355336,30
197,deterministic,1197,0.0543012269165015,0.1267169259938722,0.1043861477022649,30
198,deterministic,1198,0.1398961036229268,0.2708048746021388,0.6668293642081915,30
199,deterministic,1199,0.0725872028193719,0.219263313262396,0.1369986291262903,30
200,deterministic,1200,0.0454854814168388,0.1854600320349811,0.2035478415799234,30
201,deterministic,1201,0.0811549078145848,0.227363971328984,0.5067136158818517,30
202,deterministic,1202,0.0464483180548819,0.1878800494688816,0.2034248861518475,30
203,deterministic,1203,0.1034354412487342,0.2458498703906277,0.5742149616639556,30
204,deterministic,1204,0.0661422684953833,0.1385988399892053,0.9881190602488884,30
205,deterministic,1205,0.0697936012921493,0.2173618184158169,0.4587166335705914,30
206,deterministic,1206,0.0844748497482309,0.2295647759203073,0.5203650914431774,30
207,deterministic,1207,0.0253847385258552,0.1034408605661667,0.3475406662109699,30
208,deterministic,1208,0.0381495606864912,0.1120861258125571,0.2158515372728122,30
209,deterministic,1209,0.0509625365861751,0.1410355564823332,0.5013875062707882,30
210,deterministic,1210,0.028448354609271,0.1134544937395882,0.3799816590754137,30
211,deterministic,1211,0.0834104290258222,0.2283447172646605,0.5187688617899648,30
212,deterministic,1212,0.0653903557851269,0.2122615562891481,0.1433778712563711,30
213,deterministic,1213,0.0618595913356496,0.1573285295509326,0.5357454620845719,30
214,deterministic,1214,0.0428112438020493,0.1258651128462099,0.4778037432868776,30
215,deterministic,1215,0.0354488011705302,0.1265299850406494,0.4117797526442803,30
216,deterministic,1216,0.0220945563062194,0.1116849752371814,0.3401665336242945,30
217,deterministic,1217,0.0404890027231021,0.1210612602995054,0.467902192098065,30
218,deterministic,1218,0.0971877482676539,0.2436660829783787,0.5502223024868367,30
219,deterministic,1219,0.1115746171243428,0.1636507275222645,0.231096591591593,30
220,deterministic,1220,0.0389586050036209,0.1200309221383437,0.4583916706402609,30
221,deterministic,1221,0.0634833344886187,0.1345046161615052,0.9710756813996766,30
222,deterministic,1222,0.0311535921785299,0.1075012868122261,0.4232485844773186,30
223,deterministic,1223,0.1993672481822432,0.207129425742751,0.1708501591214974,30
224,deterministic,1224,0.0284902684979061,0.105679598680666,0.2932322562254605,30
225,deterministic,1225,0.0677611321728655,0.2142405814855235,0.1656299003739594,30
226,deterministic,1226,0.0482630124248178,0.1338826966390708,0.4966852781168724,30
227,deterministic,1227,0.0329500536228749,0.1106580763496931,0.2515278013122084,30
228,deterministic,1228,0.0218427458915421,0.0945022884221924,0.3397145076736896,30
229,deterministic,1229,1.5412659009798657,0.5380939906386897,4.900615074867817,30
230,deterministic,1230,0.0713901616081726,0.1420588668656119,1.019827458129264,30
231,deterministic,1231,0.0566191874648277,0.2022214196747989,0.1812201401237159,30
232,deterministic,1232,0.0446677105402423,0.1285131149490642,0.4818544752946856,30
233,deterministic,1233,2.726126358340367,0.7218505866052553,6.422287331736586,30
234,deterministic,1234,0.0296547350256176,0.1024466236321049,0.2457308978090582,30
235,deterministic,1235,0.0252215883575692,0.1005284010035352,0.3643844290519094,30
236,deterministic,1236,0.108574977278969,0.2164262939868471,0.6431850580572225,30
237,deterministic,1237,0.0412048207995364,0.1258389843385086,0.4719684313561054,30
238,deterministic,1238,0.0532991047158065,0.197955877403831,0.1846093476264174,30
239,deterministic,1239,0.0233598536688154,0.0970561343212479,0.36317108790112,30
240,deterministic,1240,0.0449366106808224,0.1234041302197533,0.3505810777845397,30
241,deterministic,1241,0.0285832228786317,0.1110394895039249,0.3956313619199756,30
242,deterministic,1242,0.0225876874805842,0.0956365544384355,0.3494068536267907,30
243,deterministic,1243,0.0417644618590092,0.1347859289386445,0.4724693357984906,30
244,deterministic,1244,0.0520027654758173,0.1965541930250076,0.1929646202735524,30
245,deterministic,1245,0.0940932805040643,0.1999560269711445,0.613603650611692,30
246,deterministic,1246,0.0241629327395526,0.0978468673391152,0.3627316232371385,30
247,deterministic,1247,0.0552931441057946,0.1984638815580058,0.5758566676551367,30
248,deterministic,1248,0.0206233996645529,0.0961464774684513,0.2911163562078167,30
249,deterministic,1249,0.0813175646994317,0.2298422934888477,0.4973792086862167,30
250,deterministic,1250,0.059281462593038,0.205131866855607,0.1583456658364816,30
251,deterministic,1251,0.0369202864318619,0.1166820596544155,0.4533785642011074,30
252,deterministic,1252,0.1999428799125719,0.3078844363086958,0.7869519643335838,30
253,deterministic,1253,0.0350940773745898,0.1084822241744049,0.2111250996236862,30
254,deterministic,1254,0.0266779949327452,0.1110019984515043,0.3893574207595915,30
255,deterministic,1255,0.0609693899193739,0.2070398594653827,0.1667390802535195,30
256,deterministic,1256,0.9741228801673194,0.4369483098040409,3.79043468692876,30
257,deterministic,1257,0.032837050091062,0.1070783725448778,0.2415309216549541,30
258,deterministic,1258,0.0831244548089438,0.2286777340262094,0.1550058400199447,30
259,deterministic,1259,0.1065632780676788,0.2142068089461318,0.6392124836213404,30
260,deterministic,1260,0.0230265610733542,0.0955155570865499,0.2976115204721843,30
261,deterministic,1261,0.0807289951026207,0.151310990356205,0.1095589934074334,30
262,deterministic,1262,0.0468993141305021,0.1886403015339153,0.201948243699531,30
263,deterministic,1263,2.6858237319897245,0.722960655953944,0.0162045827099026,30
264,deterministic,1264,0.0826837498034699,0.2296844036416654,0.5082043647573693,30
265,deterministic,1265,0.0248015296530198,0.1015781854723203,0.3404029389407044,30
266,deterministic,1266,0.0394080512554226,0.1209643414101273,0.4643821113438617,30
267,deterministic,1267,0.0285242665705318,0.1012549577289476,0.2343975989322522,30
268,deterministic,1268,0.2736065534905577,0.3536619380303334,0.9121680986627188,30
269,deterministic,1269,0.0565710605259144,0.1511152127997973,0.5259274164591301,30
270,deterministic,1270,0.2486633564291812,0.3381434160321471,0.8712276113503274,30
271,deterministic,1271,0.0650008813932371,0.2113685808268518,0.1567071856566073,30
272,deterministic,1272,0.0616146337842537,0.1371636948094536,0.958378428683838,30
273,deterministic,1273,0.0724614216958511,0.1721232293071128,0.5659534888904321,30
274,deterministic,1274,0.0742964971786568,0.1748651015657272,0.5687621249903176,30
275,deterministic,1275,0.0768562916281578,0.2227876935519394,0.139336437193867,30
276,deterministic,1276,0.4395466806256497,0.3025682418119456,2.50244855706278,30
277,deterministic,1277,0.0223597442279607,0.0946544232817571,0.3166118360354835,30
278,deterministic,1278,0.0261200587485887,0.1071105428955053,0.3533131149846147,30
279,deterministic,1279,0.3627382122760266,0.2771483104414544,2.311303127324716,30
280,deterministic,1280,0.0832185145488492,0.1867299955636961,0.5927594689084428,30
281,deterministic,1281,0.0828240080117704,0.1912677613299236,0.5831735303123096,30
282,deterministic,1282,2.2436031344729765,0.652899268616416,5.826442838070287,30
283,deterministic,1283,0.0401019476356977,0.1131487253001895,0.7817499351193389,30
284,deterministic,1284,0.1103996430236324,0.218094845269994,0.6486225753192416,30
285,deterministic,1285,0.1049338173407787,0.2457626426170351,0.5806869462212245,30
286,deterministic,1286,0.0894573623268702,0.2334310106399876,0.5370701252062222,30
287,deterministic,1287,0.026954644332207,0.1012859252466392,0.2701901135374918,30
288,deterministic,1288,17.322867880178972,1.7552341027710117,17.649649591027515,30
289,deterministic,1289,0.1136074506828684,0.2577955331747238,0.5945600852483541,30
290,deterministic,1290,0.0673980711192877,0.1652305167027325,0.5520741189475276,30
291,deterministic,1291,0.0626523200300386,0.2093304399632763,0.1449149943198429,30
292,deterministic,1292,0.0229791171724609,0.0956472526692363,0.3152192141109382,30
293,deterministic,1293,0.055498460903888,0.1496168425513212,0.5225729596454465,30
294,deterministic,1294,1.3280471491430594,0.508851547323497,4.4295238307790985,30
295,deterministic,1295,0.0461306583595267,0.1840631398379925,0.1967425266247802,30
296,deterministic,1296,0.0257405914725569,0.1053542417958327,0.3210314423737754,30
297,deterministic,1297,0.0498355538484167,0.1906623249794686,0.1799186233786609,30
298,deterministic,1298,0.0551805755997353,0.1998664392382186,0.1672995215262438,30
299,deterministic,1299,0.0269784540293603,0.104759668876444,0.391254444599844,30
150,stochastic,20150,0.2479448260371307,0.3378628642409913,0.8699036371543327,30
151,stochastic,20151,0.0444969201389758,0.1347763113480077,0.4852935297419138,30
152,stochastic,20152,0.2077025641154359,0.3124947443043103,0.8012310724926128,30
153,stochastic,20153,0.0424551696041961,0.178808019586993,0.2178651032409404,30
154,stochastic,20154,0.0370020012639809,0.1120407976537908,0.2252526270766308,30
155,stochastic,20155,0.2464602355002098,0.2279804900480188,1.9007608805212883,30
156,stochastic,20156,0.067628204201962,0.2156889172689652,0.4400869829971769,30
157,stochastic,20157,0.1155277241840042,0.2263051801987945,0.6530626792020686,30
158,stochastic,20158,0.0244959097464798,0.0998912121157309,0.3369614196728978,30
159,stochastic,20159,0.0662323881156645,0.2129325388805641,0.1730065976828751,30
160,stochastic,20160,0.0349349983439938,0.1123931350172399,0.4433647806596461,30
161,stochastic,20161,0.0541532480440237,0.1448857058632534,0.5136070439053655,30
162,stochastic,20162,0.1021494294862241,0.1672645475513939,0.0867679931333618,30
163,stochastic,20163,24.878999782394303,2.1000598342916748,21.2900318850064,30
164,stochastic,20164,0.0523839993890132,0.1491286239585165,0.4781009792620652,30
165,stochastic,20165,0.0621374873768094,0.2088181878684802,0.1425152472156807,30
166,stochastic,20166,0.0187652742849318,0.0966180651556149,0.320053566743574,30
167,stochastic,20167,0.0604501348899133,0.1441410147341984,0.9400277487553416,30
168,stochastic,20168,0.0314367085908572,0.1072197148702336,0.4248161410889741,30
169,stochastic,20169,0.1184176513732488,0.2554111006315278,0.6158876966865283,30
170,stochastic,20170,0.0234083618057449,0.0966493466357255,0.3566128740385155,30
171,stochastic,20171,0.0430475211855891,0.1336144436474036,0.4789567085154744,30
172,stochastic,20172,0.0828007158003427,0.1862589621696967,0.5917822922996896,30
173,stochastic,20173,2.107609468610144,0.6316882496102145,5.661543498182603,30
174,stochastic,20174,0.0305334602202868,0.1110257917398475,0.4169778734589608,30
175,stochastic,20175,0.0362290670579331,0.1160672249486455,0.4462570406206869,30
176,stochastic,20176,0.0160983458514732,0.0954641470834471,0.1520457129074741,30
177,stochastic,20177,0.0296906444620881,0.1029933743421097,0.2508249653633627,30
178,stochastic,20178,6.332607496031982,1.0918242685385686,10.096873239143967,30
179,stochastic,20179,0.0306443661612724,0.1210566936271257,0.3445824709836431,30
180,stochastic,20180,0.0604747320527236,0.1356477162829598,0.951480138703285,30
181,stochastic,20181,0.0277229197686349,0.1106574562678574,0.363886936436542,30
182,stochastic,20182,0.4422554991567702,0.3068679813934261,2.526025004344088,30
183,stochastic,20183,0.0444458276369716,0.1281302674908723,0.481085053264167,30
184,stochastic,20184,0.0739485054289984,0.2200981666623286,0.1443462599064333,30
185,stochastic,20185,3.1659282402120006,0.7832883761727496,6.878026150473239,30
186,stochastic,20186,0.2447376659928185,0.3347815828236118,0.8657403363952629,30
187,stochastic,20187,0.0576092332669452,0.2031202480272087,0.1675193939091435,30
188,stochastic,20188,1.9989018679392336,0.6162095713948705,5.497415657459964,30
189,stochastic,20189,0.0605775646067097,0.2067408629992442,0.1525313870662104,30
190,stochastic,20190,0.022580121233952,0.0954769974407054,0.3404510806688483,30
191,stochastic,20191,0.0452509964604527,0.1301783365953717,0.4829033393060564,30
192,stochastic,20192,0.0240968250632876,0.1010899065834982,0.3408974615952793,30
193,stochastic,20193,0.0243914763905352,0.0982329998160402,0.3714692545516924,30
194,stochastic,20194,0.0496923889267606,0.1954196814356282,0.2233062283944598,30
195,stochastic,20195,0.5601455236545091,0.2654757220494798,0.0742706129110417,30
196,stochastic,20196,0.015615630674042,0.0919378156051595,0.2899131581597496,30
197,stochastic,20197,25.78822085565465,2.13821612818815,21.684192254686725,30
198,stochastic,20198,0.0702382658677485,0.1455540064313479,0.323113826106312,30
199,stochastic,20199,2.6553743278341937,0.71230583624686,6.331142741039948,30
200,stochastic,20200,0.0237729519459975,0.098051063126737,0.3242866289703818,30
201,stochastic,20201,0.0894561777257563,0.2349717033426157,0.5323572971267634,30
202,stochastic,20202,0.0855155407765252,0.2335077783542984,0.513084767230001,30
203,stochastic,20203,0.7416392696618902,0.4042713864171791,3.194263338491225,30
204,stochastic,20204,0.0540465545894202,0.1926146110720493,0.6307072223861905,30
205,stochastic,20205,0.7761641126726131,0.3818809493512647,0.2023930055257161,30
206,stochastic,20206,0.0513466959823167,0.1246772257279806,0.8824547207982021,30
207,stochastic,20207,16.325863199006665,1.7085605881432278,17.06140916910682,30
208,stochastic,20208,0.0776339606850562,0.1508194991639581,0.1073477432406728,30
209,stochastic,20209,0.0687205240906363,0.2151801261498827,0.1643158801134299,30
210,stochastic,20210,0.1584253709553085,0.2831157229076608,0.706782317661621,30
211,stochastic,20211,0.0246513501117669,0.0977600740386393,0.3768451122692311,30
212,stochastic,20212,0.0699516819390812,0.1686415549877457,0.5595410350220349,30
213,stochastic,20213,0.0953750435314213,0.240047516059616,0.1536927124237643,30
214,stochastic,20214,0.0320760119546711,0.1063290178695979,0.2502139772343428,30
215,stochastic,20215,0.0079193968518368,0.0490555071772106,0.1987589630248045,30
216,stochastic,20216,8.064660172869452,1.2344713432064698,11.427326283529116,30
217,stochastic,20217,0.1120128316193313,0.1654132358391625,0.24608331690004,30
218,stochastic,20218,0.1018923322474029,0.2444796814791892,0.5702781194306064,30
219,stochastic,20219,0.0649892909956365,0.1403681878564309,0.9839236699462393,30
220,stochastic,20220,0.0509617232166355,0.194489437316376,0.1860803063159593,30
221,stochastic,20221,0.062650774001259,0.13329081088347,0.9990509176501456,30
222,stochastic,20222,25.711266279170665,2.1345013201175598,21.65677464825658,30
223,stochastic,20223,0.0134261633743518,0.0861486815262887,0.2770018363691924,30
224,stochastic,20224,0.3225422237022087,0.2599364734253041,2.187297172409078,30
225,stochastic,20225,0.0250454641393025,0.0986111950410215,0.3766919433572071,30
226,stochastic,20226,0.049988326439958,0.1843782475255053,0.6272912546830063,30
227,stochastic,20227,0.376848286341141,0.2180757177065435,3.3516806209843284,30
228,stochastic,20228,0.0301028961965446,0.1072851677069516,0.4152581385587388,30
229,stochastic,20229,0.0325447243970168,0.1135689283018052,0.4299128878179195,30
230,stochastic,20230,15.85682169326162,1.6827165159003286,16.82899101592852,30
231,stochastic,20231,0.0206806108625396,0.0936670329809044,0.3207876564408307,30
232,stochastic,20232,0.0121035999816452,0.0824851373581749,0.0387706712835309,30
233,stochastic,20233,0.0245780342529903,0.0976695646492509,0.3733325587476952,30
234,stochastic,20234,0.0231352692256865,0.0964123228556852,0.2697417451406347,30
235,stochastic,20235,0.0786200420045806,0.2256686848425741,0.4952557903203187,30
236,stochastic,20236,0.0924507152787518,0.1980310549748553,0.6130085675002248,30
237,stochastic,20237,0.069636987031877,0.2169495185271259,0.4603173943448952,30
238,stochastic,20238,0.0553921208243855,0.1314165887661946,0.9145493419078732,30
239,stochastic,20239,0.0704598884747658,0.2171837094446836,0.140327150101811,30
240,stochastic,20240,0.1241521204688911,0.1712935547773022,0.2258284483275092,30
241,stochastic,20241,0.0491718797169461,0.1911514903913445,0.1867581865059686,30
242,stochastic,20242,0.5144231523638827,0.3277831699267196,0.0164755340889533,30
243,stochastic,20243,0.0477349939177348,0.1815853556736676,0.1942420050029802,30
244,stochastic,20244,0.0563808935521533,0.2013804216631398,0.161862509579008,30
245,stochastic,20245,0.0449872422712139,0.1171375758038381,0.8266258174176166,30
246,stochastic,20246,0.0204750690316757,0.0956042749984289,0.2833327770533982,30
247,stochastic,20247,0.9915425432541534,0.4306244986994129,4.043693116408541,30
248,stochastic,20248,0.0361253192179596,0.114295895329197,0.4483898830102029,30
249,stochastic,20249,0.051647543553077,0.1955222189131101,0.1850329038653537,30
250,stochastic,20250,0.0489741191012621,0.1903285063574697,0.1855278487593463,30
251,stochastic,20251,0.0356081903062644,0.1109014971555882,0.2279254567952273,30
252,stochastic,20252,0.0763459110909872,0.2243969949800614,0.4822216688572562,30
253,stochastic,20253,0.0783687766771079,0.2242442676419508,0.5000038230731176,30
254,stochastic,20254,0.049344601117272,0.1919886169089202,0.1898821483518507,30
255,stochastic,20255,0.0367524733839911,0.1115127632764106,0.2241233630019188,30
256,stochastic,20256,0.0297643156305909,0.1062655439277494,0.1125601439291208,30
257,stochastic,20257,0.0515851832105958,0.1952199930861191,0.1823323558555389,30
258,stochastic,20258,2.062751421594215,0.6244972508646167,5.602040699430127,30
259,stochastic,20259,2.812279132200891,0.734210684898643,6.509840170508129,30
260,stochastic,20260,0.1121715541635142,0.1768922364506182,0.0461875754782401,30
261,stochastic,20261,0.0539869552533402,0.1940727523414835,0.6135954892189963,30
262,stochastic,20262,0.0237462820555579,0.0968949083592555,0.3681571728856156,30
263,stochastic,20263,0.0246445521582302,0.1034344829765783,0.346975876934497,30
264,stochastic,20264,0.0229225580905141,0.0959836304480683,0.3503072728956193,30
265,stochastic,20265,0.0192839177361883,0.0971980288645407,0.3234773433796643,30
266,stochastic,20266,0.028724561049144,0.1035872526313842,0.408455105678529,30
267,stochastic,20267,0.0542400524323279,0.1991980583995587,0.1832561977157238,30
268,stochastic,20268,0.0222603448943866,0.0952658947789542,0.3523040756847537,30
269,stochastic,20269,0.0535198801046007,0.1981901804393271,0.1830121279056409,30
270,stochastic,20270,0.0617869260338584,0.2083892615146132,0.141907127522388,30
271,stochastic,20271,0.0372146890729065,0.1163186842686207,0.4544020288031598,30
272,stochastic,20272,0.2749386640904159,0.3536693310880266,0.915048255494888,30
273,stochastic,20273,0.024905720826324,0.0997668578911818,0.376163731469886,30
274,stochastic,20274,0.0098190051310325,0.0782631668734372,0.1907406271873348,30
275,stochastic,20275,0.1180972147781433,0.2643103147315761,0.6014554626340223,30
276,stochastic,20276,0.0780037371171801,0.1478906543461284,0.129426883026412,30
277,stochastic,20277,0.0065020049085928,0.0594733866358824,0.1837320778284632,30
278,stochastic,20278,0.0584816444722903,0.2041529574400835,0.1604315006981362,30
279,stochastic,20279,0.0617496854794622,0.2079771843500027,0.1561195590605306,30
280,stochastic,20280,0.0241958730169192,0.0993208633421352,0.353642084022248,30
281,stochastic,20281,24.46684646037489,2.082511779960388,21.112046095807724,30
282,stochastic,20282,0.0302075717875398,0.1134338463148163,0.4105777309551603,30
283,stochastic,20283,0.0250026246868356,0.0994201951324055,0.3776869984221198,30
284,stochastic,20284,2.761777114126324,0.7287384992323599,6.434822099235179,30
285,stochastic,20285,0.0567607070996694,0.1485114720300268,0.5244197750049793,30
286,stochastic,20286,0.0685104073866672,0.2155607384553726,0.1383535649138472,30
287,stochastic,20287,0.0422514622017028,0.1813802175988574,0.2271794313349873,30
288,stochastic,20288,0.0153444403189501,0.0924945817683012,0.2888467096347602,30
289,stochastic,20289,0.0297857059105115,0.1051411967228969,0.4151362559150993,30
290,stochastic,20290,0.0347267896540208,0.1147314774692334,0.2484896138746015,30
291,stochastic,20291,0.0265378914978531,0.1010465647205849,0.3935287977791297,30
292,stochastic,20292,2.0433529833703274,0.6239496988291976,5.549783210777576,30
293,stochastic,20293,27.20351208997062,2.1955541571025323,22.294040335756808,30
294,stochastic,20294,0.0668301395599512,0.2132584862546029,0.1531519625775059,30
295,stochastic,20295,0.029321889023528,0.1050949428686229,0.4112720534414138,30
296,stochastic,20296,0.0710945654976104,0.1708091806173939,0.559908359775076,30
297,stochastic,20297,0.0983990916953036,0.2309902470340673,0.6377312812735245,30
298,stochastic,20298,0.043959532988621,0.1842628238587686,0.2174844270989426,30
299,stochastic,20299,0.0344622812236338,0.1133465232440143,0.4380643979206295,30
