dataset_id,generation_type,seed,selected_degree,c1,c2,coefficients,n_samples
0,deterministic,1000,3,1.0,0.0,"[2.0529165600332724, -0.08407393411822715, 0.06920092954669962, -0.00495385880901997]",30
1,deterministic,1001,2,0.6666666666666666,0.3333333333333333,"[2.0517564748866617, -0.0747916902813604, 0.044024536605716286]",30
2,deterministic,1002,2,0.8,0.2,"[2.0490988560996346, -0.047312489380657345, 0.028292890204466268]",30
3,deterministic,1003,2,0.0,1.0,"[2.034343035481948, -0.06176953328775562, 0.05133119093934452]",30
4,deterministic,1004,3,0.2,0.8,"[2.0386018807301016, -0.09113548369930821, 0.06519715282106432, -0.004242350225812618]",30
5,deterministic,1005,2,0.5714285714285714,0.4285714285714285,"[2.0454433569615, -0.03793632521659333, 0.023498150796176513]",30
6,deterministic,1006,2,0.5,0.5,"[2.0345441194286384, -0.018270127165456968, 0.02515031730778516]",30
7,deterministic,1007,1,0.0,1.0,"[1.985453803720676, 0.1296857841434028]",30
8,deterministic,1008,2,0.8,0.2,"[2.045853384810756, -0.060401782432417825, 0.03909319046229965]",30
9,deterministic,1009,1,0.5714285714285714,0.4285714285714285,"[2.044785027799714, 0.018433138393800317]",30
10,deterministic,1010,2,0.6666666666666666,0.3333333333333333,"[2.033989923951115, -0.06431813797478747, 0.052162560659860406]",30
11,deterministic,1011,6,0.5714285714285714,0.4285714285714285,"[2.0400245969131787, -0.025535135656326386, 0.024635676200116627, -0.012008378088651347, 0.007116259850528268, -0.002494572171024117, 0.0005549630730734268]",30
12,deterministic,1012,5,1.0,0.0,"[2.05077747203787, -0.020949299939856714, 0.008430555566311965, -0.015316031960141368, 0.011783960682416083, -0.0013446795069855016]",30
13,deterministic,1013,3,1.0,0.0,"[2.0070860968370416, -0.06378603009097304, 0.08597439227062234, -0.008066217958799374]",30
14,deterministic,1014,2,0.6666666666666666,0.3333333333333333,"[2.039100984779434, -0.04377867093220242, 0.029511971779156505]",30
15,deterministic,1015,2,0.4285714285714285,0.5714285714285714,"[2.040964420778538, -0.04183045299930307, 0.033314994244149236]",30
16,deterministic,1016,3,0.3333333333333333,0.6666666666666666,"[2.026403590983183, -0.09688785104999635, 0.07615848924898863, -0.006072004757104523]",30
17,deterministic,1017,2,0.8,0.2,"[2.034345778149784, -0.04143032630385811, 0.0382544266960905]",30
18,deterministic,1018,2,0.5714285714285714,0.4285714285714285,"[2.0439391287646838, -0.03724036646855073, 0.024434211820062]",30
19,deterministic,1019,1,0.2,0.8,"[1.9473486261001887, 0.12586311795607125]",30
20,deterministic,1020,2,0.0,1.0,"[2.0388559589091675, -0.058984443521221376, 0.04015338754948781]",30
21,deterministic,1021,1,0.5714285714285714,0.4285714285714285,"[2.008515863698008, 0.04566126924316715]",30
22,deterministic,1022,2,0.8,0.2,"[2.0398350347440974, -0.03658206934371777, 0.025188883240841543]",30
23,deterministic,1023,1,1.0,0.0,"[2.0151686929946457, 0.021467830956203075]",30
24,deterministic,1024,1,0.8,0.2,"[2.0076012361491857, 0.03845245644379476]",30
25,deterministic,1025,2,0.0,1.0,"[2.0952728515923233, -0.15849090721101164, 0.07324427733779967]",30
26,deterministic,1026,3,0.5,0.5,"[2.040673128675623, -0.04063182317310165, 0.011082477308336992, 0.00804935272643113]",30
27,deterministic,1027,2,0.3333333333333333,0.6666666666666666,"[2.074910457153676, -0.09804918129941369, 0.04621044559507923]",30
28,deterministic,1028,6,1.0,0.0,"[2.0400184594796085, -0.025565428441521112, 0.024657363509487724, -0.01199506786736143, 0.007116212089479806, -0.0025014149382340234, 0.0005566500907187638]",30
29,deterministic,1029,2,0.5714285714285714,0.4285714285714285,"[2.062551628799059, -0.0798642505149445, 0.040835591322866564]",30
30,deterministic,1030,1,0.3333333333333333,0.6666666666666666,"[2.002902407084279, 0.11764542419647092]",30
31,deterministic,1031,2,0.0,1.0,"[2.0276116516517657, -0.07658513342553648, 0.05366273912533557]",30
32,deterministic,1032,2,0.5714285714285714,0.4285714285714285,"[2.0393652769322568, -0.040389980971266844, 0.028920076427806203]",30
33,deterministic,1033,2,0.6666666666666666,0.3333333333333333,"[2.0607053736835934, -0.09424405997593796, 0.04740654899096898]",30
34,deterministic,1034,2,0.5714285714285714,0.4285714285714285,"[2.0391178240267163, -0.031629076504147736, 0.024522818578738722]",30
35,deterministic,1035,3,0.5714285714285714,0.4285714285714285,"[2.0211049236508636, -0.07234761814300461, 0.08282072330239046, -0.0074432259051461875]",30
36,deterministic,1036,2,1.0,0.0,"[2.0486560733909767, -0.06235688145897721, 0.03874937162945875]",30
37,deterministic,1037,2,0.2,0.8,"[2.0367817258100436, -0.049587779940759996, 0.035196188154102276]",30
38,deterministic,1038,1,0.0,1.0,"[1.980120128834595, 0.10932934466446466]",30
39,deterministic,1039,1,0.0,1.0,"[1.926562121326279, 0.13347352068119867]",30
40,deterministic,1040,4,0.3333333333333333,0.6666666666666666,"[2.0392211789129355, -0.025305500447559, 0.03124892553754339, -0.018376010977469055, 0.005889096060727829]",30
41,deterministic,1041,1,0.4285714285714285,0.5714285714285714,"[1.9577686296065338, 0.11258813051426894]",30
42,deterministic,1042,4,0.6666666666666666,0.3333333333333333,"[2.0377244612876253, -0.022133226258134422, 0.0312902377777668, -0.020302135054542588, 0.0065091239608081435]",30
43,deterministic,1043,2,0.8,0.2,"[2.0418734754566317, -0.04720615182054534, 0.03684091754349092]",30
44,deterministic,1044,1,0.0,1.0,"[1.982737784621601, 0.11908064495284741]",30
45,deterministic,1045,1,0.2,0.8,"[1.9796857777319496, 0.12196827105573309]",30
46,deterministic,1046,2,0.0,1.0,"[2.0428199361713815, -0.05591388468067965, 0.037516789951253585]",30
47,deterministic,1047,3,0.6666666666666666,0.3333333333333333,"[2.0530446764793693, -0.05511591852575135, 0.015498432614707253, 0.0073190882127661715]",30
48,deterministic,1048,5,0.2,0.8,"[2.04036405289104, -0.027371847391282768, 0.022887852101356597, -0.0014771324084198924, -0.0036484236474230262, 0.0016702577610637863]",30
49,deterministic,1049,1,0.0,1.0,"[1.9217171013238141, 0.1296087994112331]",30
50,deterministic,1050,4,0.3333333333333333,0.6666666666666666,"[2.0399952554859704, -0.021134387292883434, 0.026638245285038477, -0.018388972849218827, 0.006427181706276681]",30
51,deterministic,1051,2,0.6666666666666666,0.3333333333333333,"[2.04060816173741, -0.040486090847260243, 0.031472186081385634]",30
52,deterministic,1052,2,0.0,1.0,"[2.0550027357985012, -0.08848015408275871, 0.04800221826393528]",30
53,deterministic,1053,1,0.6666666666666666,0.3333333333333333,"[1.9717869435934865, 0.06973981786624486]",30
54,deterministic,1054,6,1.0,0.0,"[2.0400098941764107, -0.025509570579260878, 0.02470636188234173, -0.012139350299545866, 0.007095599827088528, -0.002419254977490227, 0.0005345287500457707]",30
55,deterministic,1055,1,0.0,1.0,"[2.0097268590336896, 0.08766224989115123]",30
56,deterministic,1056,2,0.3333333333333333,0.6666666666666666,"[2.0300223384143825, -0.06230003906255506, 0.04305692337443954]",30
57,deterministic,1057,2,0.5714285714285714,0.4285714285714285,"[2.0604193485403517, -0.0624249899613435, 0.030695759243191362]",30
58,deterministic,1058,2,0.4285714285714285,0.5714285714285714,"[2.0698044230564268, -0.08877965331963183, 0.04610852402955024]",30
59,deterministic,1059,3,0.0,1.0,"[2.04652721969215, -0.04589007301831269, 0.01744652258759266, 0.005694926953104994]",30
60,deterministic,1060,1,0.4285714285714285,0.5714285714285714,"[1.9903603618373304, 0.05867140126129908]",30
61,deterministic,1061,2,0.2,0.8,"[2.0349649560043503, -0.042277743344237007, 0.03292112183243214]",30
62,deterministic,1062,2,0.8,0.2,"[2.0438859257815616, -0.036262891001590664, 0.023306667735202968]",30
63,deterministic,1063,1,0.0,1.0,"[1.9367608698570988, 0.15557841871227804]",30
64,deterministic,1064,4,0.6666666666666666,0.3333333333333333,"[2.0746782940742885, -0.06512668389371387, -0.014722740122591546, 0.03156798716976569, -0.003799504701621937]",30
65,deterministic,1065,2,0.4285714285714285,0.5714285714285714,"[2.057662018816529, -0.058125987633309166, 0.03081602863775857]",30
66,deterministic,1066,1,0.0,1.0,"[1.9333072414917092, 0.14522980436915614]",30
67,deterministic,1067,3,0.6666666666666666,0.3333333333333333,"[2.022785043556955, -0.09931197051553217, 0.09322470329125722, -0.008189893837631588]",30
68,deterministic,1068,2,0.2,0.8,"[2.039883941752077, -0.042347404323032765, 0.03910803510390623]",30
69,deterministic,1069,1,0.2,0.8,"[1.9604769192293943, 0.10910080584197501]",30
70,deterministic,1070,2,0.0,1.0,"[2.037830887277173, -0.07180973986664912, 0.05263263640508685]",30
71,deterministic,1071,1,0.0,1.0,"[2.013407038206395, 0.11686196778953521]",30
72,deterministic,1072,2,0.0,1.0,"[2.038523249941819, -0.07227567336795267, 0.05405405878945491]",30
73,deterministic,1073,2,0.8,0.2,"[2.0375619948674366, -0.04533853027329581, 0.029799604887721744]",30
74,deterministic,1074,2,0.6666666666666666,0.3333333333333333,"[2.069104404604464, -0.08852612061564614, 0.04621524878059448]",30
75,deterministic,1075,4,0.5714285714285714,0.4285714285714285,"[2.0398421426273243, -0.025385427141022553, 0.02899382131040606, -0.017366619814019827, 0.005945055062068031]",30
76,deterministic,1076,1,1.0,0.0,"[2.037796704680714, 0.0041315913057747775]",30
77,deterministic,1077,1,0.0,1.0,"[1.9037352928107074, 0.1492268451371228]",30
78,deterministic,1078,2,0.2,0.8,"[2.057051800704429, -0.08495207735869274, 0.04797708882790682]",30
79,deterministic,1079,5,0.4285714285714285,0.5714285714285714,"[2.0392303298636607, -0.026055531736572175, 0.030967655989453686, -0.01493273772371672, 0.0033044176646616265, 0.0005053537722770653]",30
80,deterministic,1080,1,0.0,1.0,"[1.9506178374650105, 0.1117557004337413]",30
81,deterministic,1081,2,0.0,1.0,"[2.0247572457283805, -0.06764372197542683, 0.05280308407192182]",30
82,deterministic,1082,4,0.8,0.2,"[2.0395139079254268, -0.018377017608708118, 0.027206728875570303, -0.02119491244425439, 0.007173138424530276]",30
83,deterministic,1083,2,0.4285714285714285,0.5714285714285714,"[2.041433773561028, -0.04998658156872019, 0.03445263506442988]",30
84,deterministic,1084,2,0.4285714285714285,0.5714285714285714,"[2.0373256831304087, -0.052918635836402036, 0.04163521078683309]",30
85,deterministic,1085,2,0.4285714285714285,0.5714285714285714,"[2.0779877647696434, -0.09540349100722767, 0.0434822992826814]",30
86,deterministic,1086,1,0.0,1.0,"[1.9483347380276166, 0.13002479505532236]",30
87,deterministic,1087,2,0.8,0.2,"[2.039503652097611, -0.05646938509358002, 0.037725501235394]",30
88,deterministic,1088,2,0.5,0.5,"[2.0419844831615346, -0.0428621574208672, 0.028145623664695297]",30
89,deterministic,1089,1,0.0,1.0,"[1.9809779306638393, 0.11202716021310025]",30
90,deterministic,1090,1,0.0,1.0,"[2.028615802878824, 0.1026344221351939]",30
91,deterministic,1091,2,0.4285714285714285,0.5714285714285714,"[2.0411450009592746, -0.031240614280785617, 0.02222727893861644]",30
92,deterministic,1092,1,0.0,1.0,"[2.021559125963779, 0.10819246899121446]",30
93,deterministic,1093,1,0.2,0.8,"[1.9468539731183898, 0.13171326315280255]",30
94,deterministic,1094,2,0.4285714285714285,0.5714285714285714,"[2.042858596658475, -0.031978076408731154, 0.02084071089688]",30
95,deterministic,1095,3,0.8,0.2,"[2.047601986539679, -0.03561836818246181, -0.0009266860238186274, 0.012588948049284707]",30
96,deterministic,1096,2,0.8,0.2,"[2.047672757199599, -0.04382657199685633, 0.026304549541730463]",30
97,deterministic,1097,1,0.0,1.0,"[1.907661177017229, 0.16554146609643924]",30
98,deterministic,1098,2,0.4285714285714285,0.5714285714285714,"[2.043124430920785, -0.06090011071446168, 0.04386020199541333]",30
99,deterministic,1099,2,0.4285714285714285,0.5714285714285714,"[2.0375845170490154, -0.03746535120288872, 0.03039936938888585]",30
100,deterministic,1100,1,0.0,1.0,"[1.948772953709824, 0.14906908249184392]",30
101,deterministic,1101,2,0.6666666666666666,0.3333333333333333,"[2.0454610701625477, -0.051893822621835665, 0.035122245027650795]",30
102,deterministic,1102,2,0.4285714285714285,0.5714285714285714,"[2.0443970237226154, -0.056552230851253424, 0.03492763846557884]",30
103,deterministic,1103,1,0.5714285714285714,0.4285714285714285,"[1.956387064789473, 0.09076741777993716]",30
104,deterministic,1104,4,0.3333333333333333,0.6666666666666666,"[2.0389866021063026, -0.018824207020785785, 0.027224501503611116, -0.02039928557905704, 0.00697493731442415]",30
105,deterministic,1105,2,0.0,1.0,"[2.027789327401982, -0.06541593458366046, 0.0533337524734134]",30
106,deterministic,1106,1,0.0,1.0,"[1.9238222806440446, 0.15384763228138112]",30
107,deterministic,1107,2,1.0,0.0,"[2.0452113102531695, -0.07622004591949504, 0.0464319225679049]",30
108,deterministic,1108,1,0.3333333333333333,0.6666666666666666,"[1.9972974294731387, 0.05264677718133047]",30
109,deterministic,1109,1,0.0,1.0,"[1.9597571295932152, 0.13301147180442208]",30
110,deterministic,1110,1,0.0,1.0,"[1.9256494717975927, 0.1389818481951985]",30
111,deterministic,1111,2,0.8,0.2,"[2.0435583914875384, -0.045815664796839774, 0.028358037348070537]",30
112,deterministic,1112,1,0.0,1.0,"[1.940745526048278, 0.13408485963299274]",30
113,deterministic,1113,4,1.0,0.0,"[2.0402501907860344, -0.025744115989470708, 0.02454850164289283, -0.011413749610467563, 0.0041771708721129305]",30
114,deterministic,1114,2,0.5714285714285714,0.4285714285714285,"[2.0393660891933667, -0.042117292315517654, 0.033233279826228486]",30
115,deterministic,1115,2,0.0,1.0,"[2.0287028582635926, -0.09864907003716485, 0.06515775677133301]",30
116,deterministic,1116,2,0.8,0.2,"[2.051740393715226, -0.05041738738879923, 0.028326959374108385]",30
117,deterministic,1117,3,0.3333333333333333,0.6666666666666666,"[2.0330263094485503, -0.07411286781608334, 0.06646001286281225, -0.005164187836052253]",30
118,deterministic,1118,2,0.4285714285714285,0.5714285714285714,"[2.0313187780419297, -0.017802028296880556, 0.03248454510563427]",30
119,deterministic,1119,2,0.3333333333333333,0.6666666666666666,"[2.05517577226797, -0.07128334495154927, 0.04265349867285414]",30
120,deterministic,1120,2,0.0,1.0,"[2.0337497595988636, -0.1065165136933829, 0.06832251797864422]",30
121,deterministic,1121,1,0.0,1.0,"[2.0043029139081465, 0.0980020808311266]",30
122,deterministic,1122,2,0.0,1.0,"[2.032039564877409, -0.043203988857210565, 0.037627501503294816]",30
123,deterministic,1123,2,0.0,1.0,"[2.040747946055793, -0.09349216135100151, 0.05812376574512728]",30
124,deterministic,1124,5,0.0,1.0,"[2.034549873770787, -0.01622839327749167, 0.07073109649708607, -0.08397344594203718, 0.03543781540014555, -0.003952674860337154]",30
125,deterministic,1125,2,0.5714285714285714,0.4285714285714285,"[2.0403479655386163, -0.03530119696423584, 0.02745108019594926]",30
126,deterministic,1126,2,0.0,1.0,"[2.06572377537692, -0.12617520193771617, 0.06837066138184437]",30
127,deterministic,1127,2,0.8,0.2,"[2.044507251438053, -0.03788595237540692, 0.02409429722463731]",30
128,deterministic,1128,1,0.3333333333333333,0.6666666666666666,"[1.9405889344304081, 0.11537493173045099]",30
129,deterministic,1129,4,0.5,0.5,"[2.061124968039777, -0.039021994713013486, -0.043315509389631135, 0.043957163872448995, -0.005181244593262677]",30
130,deterministic,1130,1,0.6666666666666666,0.3333333333333333,"[2.0347564466876786, 0.014037560446537041]",30
131,deterministic,1131,2,0.8,0.2,"[2.0572852391743583, -0.06068766399497023, 0.03194494212919095]",30
132,deterministic,1132,6,0.4285714285714285,0.5714285714285714,"[2.0395457151005933, -0.02510974805641258, 0.02784774438543191, -0.014644191271350316, 0.004963083717711289, -0.0002689662760448654, 0.00011338244001850989]",30
133,deterministic,1133,3,0.2,0.8,"[2.0458966466214314, -0.029724057173989193, 0.0004944994247232354, 0.009397396158223775]",30
134,deterministic,1134,2,0.0,1.0,"[2.0239375391570826, -0.07526746555385938, 0.05855912350187887]",30
135,deterministic,1135,2,0.2,0.8,"[2.02404092015889, -0.055582530759934294, 0.051162015350824784]",30
136,deterministic,1136,3,0.6666666666666666,0.3333333333333333,"[2.02576196942805, -0.09932808682260026, 0.0962187083892809, -0.008697127178601792]",30
137,deterministic,1137,1,0.0,1.0,"[1.9659369548155636, 0.12840796175239919]",30
138,deterministic,1138,1,0.0,1.0,"[1.9577846759267823, 0.1291845117564113]",30
139,deterministic,1139,4,0.3333333333333333,0.6666666666666666,"[2.0462218717436116, -0.03373291836353308, 0.021547067573025883, -0.007229857212112318, 0.0037142604487979546]",30
140,deterministic,1140,2,0.0,1.0,"[2.02513297016459, 0.0019233647962619558, 0.023354429762589782]",30
141,deterministic,1141,2,0.0,1.0,"[2.031025959925721, -0.09148645201510902, 0.0582196400652962]",30
142,deterministic,1142,2,0.5,0.5,"[2.0367170976586713, -0.05314142098177372, 0.0396463449925902]",30
143,deterministic,1143,2,0.3333333333333333,0.6666666666666666,"[2.0295913902650593, -0.06865612949064398, 0.04381586082836058]",30
144,deterministic,1144,2,1.0,0.0,"[2.0662108941211383, -0.1012192643214077, 0.04783206723436822]",30
145,deterministic,1145,1,0.2,0.8,"[1.891066975082443, 0.13299782405771254]",30
146,deterministic,1146,1,0.2,0.8,"[1.9520223220277577, 0.11022731010905853]",30
147,deterministic,1147,2,0.3333333333333333,0.6666666666666666,"[2.0371837914504045, -0.04389953802632031, 0.03232059684374806]",30
148,deterministic,1148,1,0.3333333333333333,0.6666666666666666,"[1.9289778360789007, 0.10668403374098691]",30
149,deterministic,1149,2,0.0,1.0,"[2.0166776931921055, -0.07947876886099547, 0.06053450487250842]",30
0,stochastic,20000,1,0.8,0.2,"[2.0315438961707617, 0.016064069323495987]",30
1,stochastic,20001,2,0.4285714285714285,0.5714285714285714,"[2.034676296776436, -0.013691497943455895, 0.01713053248955369]",30
2,stochastic,20002,1,0.0,1.0,"[2.0058254070018062, 0.12169840611305431]",30
3,stochastic,20003,2,0.6666666666666666,0.3333333333333333,"[2.0307427773026534, -0.0425170670316346, 0.0411904472638511]",30
4,stochastic,20004,2,0.5714285714285714,0.4285714285714285,"[2.0392194599106106, -0.04019625639799725, 0.032981557810802364]",30
5,stochastic,20005,1,0.0,1.0,"[1.9354056017805246, 0.12408106251188075]",30
6,stochastic,20006,1,1.0,0.0,"[2.0072258537176646, 0.034254335112477115]",30
7,stochastic,20007,5,0.0,1.0,"[2.0383330135954942, -0.000773170025417703, 0.021756760808706827, -0.04393804054944371, 0.022982674025976316, -0.0026231811398103513]",30
8,stochastic,20008,2,0.3333333333333333,0.6666666666666666,"[2.078970768374215, -0.06773544636789923, 0.024814900844065773]",30
9,stochastic,20009,1,0.0,1.0,"[1.9078617646866638, 0.15027196641281504]",30
10,stochastic,20010,2,0.0,1.0,"[2.0134952555960166, -0.08515311458833105, 0.06617515182703013]",30
11,stochastic,20011,2,0.5,0.5,"[2.044219267230092, -0.08476058452199069, 0.04903272827437557]",30
12,stochastic,20012,2,0.6666666666666666,0.3333333333333333,"[2.047611545114291, -0.07312259207774992, 0.05085853761718446]",30
13,stochastic,20013,6,0.4285714285714285,0.5714285714285714,"[2.039709344161512, -0.0249594722357814, 0.02505204469025592, -0.012825813119273867, 0.00709090813054614, -0.002235440173223975, 0.0004930726509310424]",30
14,stochastic,20014,1,0.0,1.0,"[1.9278746315442343, 0.13551795850190027]",30
15,stochastic,20015,1,0.0,1.0,"[2.0408768689934775, 0.08589745696412507]",30
16,stochastic,20016,2,0.0,1.0,"[2.027777266282259, -0.10443259850192405, 0.0684861373092528]",30
17,stochastic,20017,2,0.0,1.0,"[2.0240382606191023, -0.08734627068762604, 0.061122100955859966]",30
18,stochastic,20018,1,0.3333333333333333,0.6666666666666666,"[1.941557061668155, 0.09263216469345956]",30
19,stochastic,20019,4,0.5,0.5,"[2.041905009921155, -0.02748980542035335, 0.019201404467604974, -0.006138731707203506, 0.0031115891991873403]",30
20,stochastic,20020,1,0.0,1.0,"[1.9215527748670806, 0.15623599987251238]",30
21,stochastic,20021,1,0.0,1.0,"[1.9016931206107561, 0.12950871265242267]",30
22,stochastic,20022,1,0.2,0.8,"[1.9707552900822918, 0.1184578242311272]",30
23,stochastic,20023,3,0.8,0.2,"[2.041416564860719, -0.07545901516916612, 0.0709031314809607, -0.005636837155322784]",30
24,stochastic,20024,1,0.0,1.0,"[1.9762429917027908, 0.1248892700563551]",30
25,stochastic,20025,1,0.0,1.0,"[1.9516357961081776, 0.14737010946263068]",30
26,stochastic,20026,2,0.5714285714285714,0.4285714285714285,"[2.043785053582298, -0.04116637025290305, 0.026427733391406694]",30
27,stochastic,20027,2,0.8,0.2,"[2.037835709365998, -0.04680076326614507, 0.0362346623931829]",30
28,stochastic,20028,1,0.2,0.8,"[2.067588313582881, 0.08130854594233564]",30
29,stochastic,20029,2,0.6666666666666666,0.3333333333333333,"[2.0384875495727908, -0.01571837579201746, 0.012987088036810904]",30
30,stochastic,20030,1,0.5714285714285714,0.4285714285714285,"[1.965889632010084, 0.08160007167014327]",30
31,stochastic,20031,2,0.2,0.8,"[2.044551411066619, -0.058852481594947055, 0.038918615834042554]",30
32,stochastic,20032,1,1.0,0.0,"[2.026500551574108, 0.022157237720823886]",30
33,stochastic,20033,1,0.2,0.8,"[1.9660787580117722, 0.09282453199461184]",30
34,stochastic,20034,1,0.0,1.0,"[1.9261583210100357, 0.14124096723927443]",30
35,stochastic,20035,1,0.5,0.5,"[1.994656470922129, 0.050807599000386956]",30
36,stochastic,20036,1,0.0,1.0,"[1.9434121557906727, 0.12993409863564365]",30
37,stochastic,20037,2,0.5714285714285714,0.4285714285714285,"[2.0315918126553285, -0.04925753928041979, 0.03652536733629304]",30
38,stochastic,20038,1,0.2,0.8,"[1.9243131294703257, 0.13906864217639944]",30
39,stochastic,20039,2,0.8,0.2,"[2.042461295287171, -0.03243253595874955, 0.02184332655182196]",30
40,stochastic,20040,1,0.0,1.0,"[1.937825710425362, 0.12416464090285705]",30
41,stochastic,20041,3,0.4285714285714285,0.5714285714285714,"[2.0479149358232767, -0.03622487193845275, 0.002470929784320352, 0.011616493149819882]",30
42,stochastic,20042,1,0.0,1.0,"[1.946109467451054, 0.10094328160252729]",30
43,stochastic,20043,2,0.2,0.8,"[2.042155707982015, -0.03433455479622644, 0.024348756091559984]",30
44,stochastic,20044,2,0.8,0.2,"[2.0477128364867454, -0.05542896124537859, 0.031211712124165486]",30
45,stochastic,20045,4,0.5,0.5,"[2.0420590711945077, -0.030791955126452192, 0.030470846700440382, -0.015902085865204387, 0.00566684044249667]",30
46,stochastic,20046,2,1.0,0.0,"[2.0466205725155358, -0.04769760940502703, 0.028341972682272037]",30
47,stochastic,20047,6,0.6666666666666666,0.3333333333333333,"[2.0399037129289854, -0.025729059910559442, 0.025905167736744162, -0.012521832231589498, 0.006098613703667748, -0.0016956766695537199, 0.0004017356019050018]",30
48,stochastic,20048,6,0.5714285714285714,0.4285714285714285,"[2.0394644221252882, -0.026544666487458228, 0.031597886136044126, -0.012885273707121482, -0.00018896853707928369, 0.0020400397982859586, -0.00018729093660568158]",30
49,stochastic,20049,2,0.0,1.0,"[2.0089597177229286, -0.08196740454070017, 0.0630444614140184]",30
50,stochastic,20050,5,0.3333333333333333,0.6666666666666666,"[2.0387317627382333, -0.025954338879625685, 0.033659622353430466, -0.015564376690093217, 0.002222496677018267, 0.0008748501212711771]",30
51,stochastic,20051,2,0.0,1.0,"[2.037217514866455, -0.11166183176864691, 0.06877436278663823]",30
52,stochastic,20052,2,0.0,1.0,"[2.0302126176194575, -0.05736468208146448, 0.04642346759280285]",30
53,stochastic,20053,3,0.8,0.2,"[2.025036684015352, 0.06331807082960322, -0.07947097055777333, 0.027446914034667574]",30
54,stochastic,20054,1,0.0,1.0,"[1.995518535631747, 0.0897734040685518]",30
55,stochastic,20055,2,0.5,0.5,"[2.0659060276642998, -0.07170109132366884, 0.036581381076537016]",30
56,stochastic,20056,2,0.2,0.8,"[2.037224338966661, -0.0652442444137579, 0.0513977987500094]",30
57,stochastic,20057,2,0.8,0.2,"[2.0508359200687014, -0.04533890772799766, 0.02560082097611437]",30
58,stochastic,20058,4,1.0,0.0,"[2.0665308452538613, -0.06371558520616669, -0.03236732967936548, 0.043309482276796124, -0.005367434807248812]",30
59,stochastic,20059,2,0.2,0.8,"[2.0426019173015404, -0.06978594503471121, 0.04922606617299955]",30
60,stochastic,20060,1,0.0,1.0,"[1.9993405554182044, 0.11574573316763108]",30
61,stochastic,20061,2,0.4285714285714285,0.5714285714285714,"[2.0376382172222844, -0.044597921425903145, 0.03648344168429344]",30
62,stochastic,20062,2,0.6666666666666666,0.3333333333333333,"[2.0269293292566917, -0.05452459982666614, 0.041958882037390774]",30
63,stochastic,20063,4,0.8,0.2,"[2.0393762802262034, -0.02376942340210327, 0.029606318888748605, -0.018381068593567286, 0.006090087411015739]",30
64,stochastic,20064,3,0.0,1.0,"[2.0474527320007256, -0.008062904422244738, -0.027125788284780274, 0.017322276364392174]",30
65,stochastic,20065,2,0.4285714285714285,0.5714285714285714,"[2.0704181089219484, -0.06822183256836098, 0.031971564981203036]",30
66,stochastic,20066,2,0.5714285714285714,0.4285714285714285,"[2.0368144880408234, -0.025102095423574486, 0.022118258718353993]",30
67,stochastic,20067,4,0.0,1.0,"[2.064626445988072, -0.029779412270310942, -0.07455724239966176, 0.05622369959195892, -0.006447795847885136]",30
68,stochastic,20068,1,0.4285714285714285,0.5714285714285714,"[2.0775730039822906, 0.03837078855453298]",30
69,stochastic,20069,1,0.0,1.0,"[1.894042890871355, 0.1356527657228407]",30
70,stochastic,20070,1,1.0,0.0,"[2.0216615990097977, 0.03869980294775145]",30
71,stochastic,20071,3,0.0,1.0,"[2.057148655094151, -0.059309776535427274, 0.010896916014426192, 0.010238333326682836]",30
72,stochastic,20072,1,0.0,1.0,"[2.0155226870902263, 0.08933518953992012]",30
73,stochastic,20073,3,0.8,0.2,"[2.017057772785344, -0.08466409755192196, 0.07703422060991091, -0.006347228106766222]",30
74,stochastic,20074,2,0.3333333333333333,0.6666666666666666,"[2.0658392256353815, -0.1027952954117825, 0.05189548492672386]",30
75,stochastic,20075,2,0.0,1.0,"[2.041431767050199, -0.03746688891346093, 0.04028098571022195]",30
76,stochastic,20076,2,0.2,0.8,"[2.0435485992186493, -0.030929156739766598, 0.01908368294696917]",30
77,stochastic,20077,1,0.0,1.0,"[1.988618499048336, 0.07741111860043585]",30
78,stochastic,20078,1,0.5714285714285714,0.4285714285714285,"[2.0369424292296907, 0.04145837915762735]",30
79,stochastic,20079,2,0.8,0.2,"[2.042114448042989, -0.03483062137904567, 0.023157649222642848]",30
80,stochastic,20080,1,0.0,1.0,"[1.9712356810804472, 0.09411970841161568]",30
81,stochastic,20081,4,0.4285714285714285,0.5714285714285714,"[2.0397082139974825, -0.022776079683426192, 0.027881273962060502, -0.01762937731828503, 0.006004626853040134]",30
82,stochastic,20082,2,0.0,1.0,"[2.0122161329477692, -0.08872015545560305, 0.06402383558887469]",30
83,stochastic,20083,2,0.8,0.2,"[2.0520204869577805, -0.05523132617199476, 0.03159252802535092]",30
84,stochastic,20084,3,0.8,0.2,"[2.0574326796474076, -0.043946595184150374, 0.0025641535336988004, 0.010113801906598656]",30
85,stochastic,20085,2,0.8,0.2,"[2.059579061182542, -0.0873490622396277, 0.05021960234601293]",30
86,stochastic,20086,2,0.2,0.8,"[2.053114992078052, -0.04967520916856438, 0.027802906482963248]",30
87,stochastic,20087,3,1.0,0.0,"[2.037662015921282, -0.07148301337772937, 0.07002383477748995, -0.005700488560305465]",30
88,stochastic,20088,1,0.0,1.0,"[1.9663145703105966, 0.09832638255722768]",30
89,stochastic,20089,4,1.0,0.0,"[2.0406186302600444, -0.030891383695138337, 0.02626360048953988, -0.007092125309053339, 0.0023291512175551386]",30
90,stochastic,20090,2,0.6666666666666666,0.3333333333333333,"[2.044123169815929, -0.04682990764609315, 0.031380855821438895]",30
91,stochastic,20091,1,0.0,1.0,"[2.0372064869408475, 0.10970264338356406]",30
92,stochastic,20092,6,0.3333333333333333,0.6666666666666666,"[2.039569450547279, -0.02500191217373831, 0.02650345216837126, -0.013897101788112277, 0.006380842554982852, -0.0014980929766064185, 0.000346920645025576]",30
93,stochastic,20093,2,0.5,0.5,"[2.037983369594404, -0.03976508943652017, 0.02985744315726885]",30
94,stochastic,20094,4,0.8,0.2,"[2.0400320648041457, -0.024150208543894505, 0.026372185902574573, -0.01533967800165952, 0.005380602941148489]",30
95,stochastic,20095,1,0.2,0.8,"[1.9389040031149438, 0.12806855774600484]",30
96,stochastic,20096,2,0.2,0.8,"[2.0304846029580657, -0.04787585938444912, 0.04274908718191156]",30
97,stochastic,20097,2,0.2,0.8,"[2.0388082332634645, -0.03149282808125819, 0.029413803029879233]",30
98,stochastic,20098,2,0.0,1.0,"[2.036638028133766, -0.04995960455287379, 0.04099537248385428]",30
99,stochastic,20099,2,0.2,0.8,"[2.033262745729345, -0.06456541628414182, 0.05388716349128522]",30
100,stochastic,20100,2,1.0,0.0,"[2.0429644221353422, -0.04940574943352739, 0.0317811361712939]",30
101,stochastic,20101,6,0.2,0.8,"[2.0399856280941333, -0.025717946147381838, 0.025090219032825913, -0.01163578174588226, 0.0058934744053383975, -0.0017214816207697554, 0.0004061080591548846]",30
102,stochastic,20102,2,0.5,0.5,"[2.0427495932982653, -0.04542837323746421, 0.033056646296050894]",30
103,stochastic,20103,2,0.4285714285714285,0.5714285714285714,"[2.040888534626397, -0.033069516520762045, 0.02687010003964357]",30
104,stochastic,20104,2,0.4285714285714285,0.5714285714285714,"[2.0418381042099614, -0.03693446302451413, 0.025669141754504174]",30
105,stochastic,20105,2,0.6666666666666666,0.3333333333333333,"[2.064132903441473, -0.09043109142481819, 0.045229748964605784]",30
106,stochastic,20106,2,0.2,0.8,"[2.026600590313095, -0.069042462597687, 0.046156962173568815]",30
107,stochastic,20107,2,0.0,1.0,"[2.0304434038685932, -0.1028406932381803, 0.06321212963697082]",30
108,stochastic,20108,1,0.0,1.0,"[2.015344656430359, 0.11532582297879396]",30
109,stochastic,20109,1,0.2,0.8,"[1.9696268055533825, 0.10407641780381734]",30
110,stochastic,20110,2,1.0,0.0,"[2.0490792853919166, -0.05409119011824779, 0.031455977480081734]",30
111,stochastic,20111,2,0.8,0.2,"[2.05215344413439, -0.04364714419910627, 0.023725967373096055]",30
112,stochastic,20112,1,0.2,0.8,"[1.9537956393105858, 0.10994601484156963]",30
113,stochastic,20113,2,0.2,0.8,"[2.041125413147386, -0.05966514028573525, 0.044832319825732055]",30
114,stochastic,20114,2,0.6666666666666666,0.3333333333333333,"[2.05088861506299, -0.051921750715793545, 0.03068687453211987]",30
115,stochastic,20115,2,0.0,1.0,"[2.0266666705673146, -0.06611862408519764, 0.052295429344615486]",30
116,stochastic,20116,4,0.0,1.0,"[2.051984031866042, -0.085866540942297, 0.029890471082020982, 0.018638841231478076, -0.002748831296784632]",30
117,stochastic,20117,2,0.8,0.2,"[2.045567737827396, -0.04179674042244126, 0.026835974810326336]",30
118,stochastic,20118,2,0.5,0.5,"[2.043574024053467, -0.056832257445170085, 0.03977053530469786]",30
119,stochastic,20119,3,0.0,1.0,"[2.0591825739918956, -0.059135982658321984, 0.020887123333331998, 0.005355416258881661]",30
120,stochastic,20120,2,0.4285714285714285,0.5714285714285714,"[2.0365456691204415, -0.04181934295559751, 0.03331048471147075]",30
121,stochastic,20121,3,1.0,0.0,"[2.04816506500774, -0.02968355929052795, 0.0007465155890922714, 0.01115116277796347]",30
122,stochastic,20122,1,0.2,0.8,"[1.994559164979751, 0.0895695143210572]",30
123,stochastic,20123,1,0.0,1.0,"[2.002062584602635, 0.0888706403775557]",30
124,stochastic,20124,1,0.0,1.0,"[1.9542935425102768, 0.12244342315129077]",30
125,stochastic,20125,2,0.0,1.0,"[2.038310891846272, -0.03744876842020872, 0.03346571820772334]",30
126,stochastic,20126,4,0.3333333333333333,0.6666666666666666,"[2.0430042785905607, -0.03573641566225607, 0.027659575952149427, -0.007994105732200687, 0.0033977740334646526]",30
127,stochastic,20127,2,0.5,0.5,"[2.038327493073821, -0.07900245536824656, 0.055044539538140945]",30
128,stochastic,20128,6,0.4285714285714285,0.5714285714285714,"[2.039998303624141, -0.025581165813979834, 0.02489517239531745, -0.012098836099072759, 0.006932550286407378, -0.002359326478200985, 0.0005301087370380396]",30
129,stochastic,20129,1,0.0,1.0,"[1.9656871838757044, 0.14045000911601058]",30
130,stochastic,20130,4,0.3333333333333333,0.6666666666666666,"[2.0487731977498074, -0.04666362966310738, 0.030495083180959903, -0.007027006697033353, 0.002981748728755787]",30
131,stochastic,20131,2,1.0,0.0,"[2.065935480565257, -0.09701647151862515, 0.05493934636617052]",30
132,stochastic,20132,2,0.6666666666666666,0.3333333333333333,"[2.0526292322594424, -0.06918057306173521, 0.04294750714078206]",30
133,stochastic,20133,2,0.6666666666666666,0.3333333333333333,"[2.041670384780641, -0.04367398782900155, 0.030569635356368467]",30
134,stochastic,20134,2,1.0,0.0,"[2.040937080519136, -0.034588683002648855, 0.026860304205245412]",30
135,stochastic,20135,1,0.0,1.0,"[1.9851554610568423, 0.1188396621356302]",30
136,stochastic,20136,1,0.2,0.8,"[2.0181641429835513, 0.06732216376463461]",30
137,stochastic,20137,2,0.6666666666666666,0.3333333333333333,"[2.0433900593869514, -0.033361598882569496, 0.021593699163296943]",30
138,stochastic,20138,2,0.0,1.0,"[2.030469839744529, -0.07447800101796259, 0.05138778660491712]",30
139,stochastic,20139,1,0.0,1.0,"[1.9309760433914278, 0.12160109935621095]",30
140,stochastic,20140,2,0.5714285714285714,0.4285714285714285,"[2.054988427820802, -0.05418625184063664, 0.02891395581753538]",30
141,stochastic,20141,1,0.0,1.0,"[1.9168187679624507, 0.14307036611954627]",30
142,stochastic,20142,3,0.3333333333333333,0.6666666666666666,"[2.0252549673993085, -0.07705045724523281, 0.08779747668074013, -0.007964910107579708]",30
143,stochastic,20143,2,0.2,0.8,"[2.0475276731621723, -0.07344766787371697, 0.044792586009236725]",30
144,stochastic,20144,2,0.0,1.0,"[2.036539950209162, -0.09366000860182544, 0.062432748701366836]",30
145,stochastic,20145,2,0.0,1.0,"[2.0296108277896274, -0.05435745284766857, 0.04289838355319692]",30
146,stochastic,20146,2,1.0,0.0,"[2.048180977373185, -0.047395579603594556, 0.02824659285428614]",30
147,stochastic,20147,2,0.8,0.2,"[2.042261080130639, -0.037205641200765416, 0.02640201404486462]",30
148,stochastic,20148,2,0.3333333333333333,0.6666666666666666,"[2.042184690245432, -0.031013222588729714, 0.020721035456769704]",30
149,stochastic,20149,2,0.0,1.0,"[2.0463397383092006, -0.08988295302946352, 0.05505063488597196]",30
150,deterministic,1150,2,0.2,0.8,"[2.036774879802703, -0.059318553112591016, 0.04108620155548694]",30
151,deterministic,1151,1,0.2,0.8,"[2.0002752972049054, 0.09907165733501686]",30
152,deterministic,1152,1,1.0,0.0,"[1.93176640097241, 0.10505918713047652]",30
153,deterministic,1153,2,0.6666666666666666,0.3333333333333333,"[2.0586375660954093, -0.0734557803226079, 0.04167324170105442]",30
154,deterministic,1154,4,0.8,0.2,"[2.0419063604014793, -0.03253635109816281, 0.03370816483471597, -0.01720895906861056, 0.005662302277342309]",30
155,deterministic,1155,2,0.2,0.8,"[2.037409301630199, -0.06555863251871497, 0.044718523352786345]",30
156,deterministic,1156,2,0.8,0.2,"[2.06533959544024, -0.07389861891782307, 0.03915155979779255]",30
157,deterministic,1157,3,0.6666666666666666,0.3333333333333333,"[2.0358501371922246, -0.09306676918805604, 0.0802010871701974, -0.006741926586644763]",30
158,deterministic,1158,3,0.0,1.0,"[2.055982408060613, -0.07821113291728342, 0.030599857591454272, 0.005846226398571495]",30
159,deterministic,1159,1,1.0,0.0,"[2.0391934830474305, 0.019083838698057513]",30
160,deterministic,1160,2,0.3333333333333333,0.6666666666666666,"[2.0636383083028007, -0.11200252029546373, 0.0634977130047567]",30
161,deterministic,1161,6,0.0,1.0,"[2.040005105528884, -0.025736344997804805, 0.025073618206011443, -0.011243680665151946, 0.0051410812735060585, -0.0012403943101215657, 0.0003062921399086399]",30
162,deterministic,1162,3,0.5714285714285714,0.4285714285714285,"[2.058705695425044, -0.047155935228296926, 0.007433055314517774, 0.00821191406554303]",30
163,deterministic,1163,2,1.0,0.0,"[2.056916238492556, -0.05143532406197524, 0.026664355504836562]",30
164,deterministic,1164,3,0.0,1.0,"[2.052007303380756, -0.030727939360247526, -0.008427302616520645, 0.012865436423827554]",30
165,deterministic,1165,2,0.3333333333333333,0.6666666666666666,"[2.0473070393001658, -0.09258279545854865, 0.05320836106952654]",30
166,deterministic,1166,6,0.6666666666666666,0.3333333333333333,"[2.0399781548499343, -0.02525296891289448, 0.025916493889884165, -0.013052153754469711, 0.00625747705547978, -0.0016713416071486662, 0.00039536188091314484]",30
167,deterministic,1167,4,0.3333333333333333,0.6666666666666666,"[2.0400619149428048, -0.024962435021018775, 0.025605426089528552, -0.014115960799171655, 0.005114898129037353]",30
168,deterministic,1168,2,0.0,1.0,"[2.088754287830332, -0.051908046785968054, 0.024866241914010913]",30
169,deterministic,1169,2,0.4285714285714285,0.5714285714285714,"[2.0395407623733157, -0.05004943927720585, 0.036778221420641626]",30
170,deterministic,1170,1,0.0,1.0,"[1.9448538486186244, 0.1079138214661075]",30
171,deterministic,1171,5,0.8,0.2,"[2.0384749387226835, -0.024621984440705125, 0.03161562173656115, -0.01649551098451349, 0.003377751472207822, 0.0006542518699473561]",30
172,deterministic,1172,1,0.4285714285714285,0.5714285714285714,"[1.9862788909938134, 0.081583858437081]",30
173,deterministic,1173,1,0.3333333333333333,0.6666666666666666,"[1.9842437820873862, 0.08803030426480102]",30
174,deterministic,1174,1,1.0,0.0,"[2.037711459268173, 0.022601934188995653]",30
175,deterministic,1175,1,0.0,1.0,"[1.9832285046337919, 0.10735081402789036]",30
176,deterministic,1176,2,0.4285714285714285,0.5714285714285714,"[2.0651514704036664, -0.0975777551489224, 0.0488800303235247]",30
177,deterministic,1177,2,1.0,0.0,"[2.0431088976330285, -0.04265453642619803, 0.02994910421631057]",30
178,deterministic,1178,2,0.6666666666666666,0.3333333333333333,"[2.0388733547758062, -0.05853207958156455, 0.038735232721965246]",30
179,deterministic,1179,2,1.0,0.0,"[2.0931216604658296, -0.11648617041649298, 0.050638722845061955]",30
180,deterministic,1180,5,0.4285714285714285,0.5714285714285714,"[2.0383811404222407, -0.023850637295368852, 0.031379490436218044, -0.017651648483401776, 0.004209207784006992, 0.0005066354457426239]",30
181,deterministic,1181,2,0.0,1.0,"[2.0161203024742544, -0.004733685576134056, 0.03338488950305706]",30
182,deterministic,1182,1,0.8,0.2,"[2.0309312168585234, 0.018099138496950124]",30
183,deterministic,1183,2,0.3333333333333333,0.6666666666666666,"[2.039865093860875, -0.034495475246394826, 0.02482911710270394]",30
184,deterministic,1184,3,0.8,0.2,"[2.0386002774255734, 0.005236871983832682, -0.03376278858217482, 0.018222467987125415]",30
185,deterministic,1185,2,0.5714285714285714,0.4285714285714285,"[2.0451180981764363, -0.05728982188643041, 0.036474610048561125]",30
186,deterministic,1186,1,0.6666666666666666,0.3333333333333333,"[2.0439454004065776, 0.005678699679280844]",30
187,deterministic,1187,2,0.5,0.5,"[2.0389304336875065, -0.0364617203547297, 0.03898147308902041]",30
188,deterministic,1188,2,0.3333333333333333,0.6666666666666666,"[2.051977122591762, -0.05757470627308942, 0.03636194660686703]",30
189,deterministic,1189,1,0.5,0.5,"[2.024499973339608, 0.03970184873721832]",30
190,deterministic,1190,1,0.0,1.0,"[1.975560984047724, 0.10108399347973582]",30
191,deterministic,1191,2,0.0,1.0,"[2.0374764021305762, -0.04372820551645482, 0.030337745391910215]",30
192,deterministic,1192,2,0.0,1.0,"[2.0351935703728024, -0.08328431521590023, 0.05663013852538554]",30
193,deterministic,1193,1,0.2,0.8,"[1.9603041241147785, 0.13920242395070706]",30
194,deterministic,1194,2,0.3333333333333333,0.6666666666666666,"[2.0344963767441997, -0.05536753891608537, 0.04624763230910203]",30
195,deterministic,1195,6,1.0,0.0,"[2.040017962552299, -0.02555351672064783, 0.024745041538773424, -0.012077787119170104, 0.007060324990380378, -0.0024387432587900113, 0.0005433826441123913]",30
196,deterministic,1196,2,0.0,1.0,"[2.040072322165025, -0.07820769589577971, 0.04882648920483889]",30
197,deterministic,1197,2,0.2,0.8,"[2.030583834397281, -0.06278956892725235, 0.05388038454087195]",30
198,deterministic,1198,1,0.5,0.5,"[2.0578603897809162, 0.05324853835350218]",30
199,deterministic,1199,1,0.0,1.0,"[1.9633678380059398, 0.11297143360924933]",30
200,deterministic,1200,1,0.0,1.0,"[1.9522770200435093, 0.1453784964851014]",30
201,deterministic,1201,1,0.0,1.0,"[1.964219679724329, 0.10638658342755518]",30
202,deterministic,1202,1,0.0,1.0,"[1.9669187226737501, 0.13935631718172847]",30
203,deterministic,1203,1,0.0,1.0,"[1.9735645320091908, 0.09004990287654056]",30
204,deterministic,1204,2,0.0,1.0,"[2.033645690134057, -0.08590525528315796, 0.05947562452136541]",30
205,deterministic,1205,1,0.0,1.0,"[1.9324961222915888, 0.12352457792246667]",30
206,deterministic,1206,1,0.2,0.8,"[1.9853505809906165, 0.09896884400870265]",30
207,deterministic,1207,2,0.5714285714285714,0.4285714285714285,"[2.047893404750032, -0.07647653544802668, 0.04497074165724936]",30
208,deterministic,1208,2,0.0,1.0,"[2.029893511040109, -0.06950270283475135, 0.051685209344039335]",30
209,deterministic,1209,2,0.3333333333333333,0.6666666666666666,"[2.0382897836320453, -0.03247838427555119, 0.027234692026189944]",30
210,deterministic,1210,2,0.4285714285714285,0.5714285714285714,"[2.0676526813743545, -0.09250758142276301, 0.045865656915219155]",30
211,deterministic,1211,1,0.6666666666666666,0.3333333333333333,"[2.0090372283421574, 0.09427770140180611]",30
212,deterministic,1212,1,0.0,1.0,"[1.9424590456928177, 0.12458329722326583]",30
213,deterministic,1213,2,0.4285714285714285,0.5714285714285714,"[2.039876987187031, -0.03568555215291422, 0.026138159581722987]",30
214,deterministic,1214,2,1.0,0.0,"[2.0507444635498033, -0.05558972444924309, 0.03304403760531233]",30
215,deterministic,1215,3,0.4285714285714285,0.5714285714285714,"[2.0158655938951315, -0.05867442827828316, 0.05876036875327281, -0.004490710747360882]",30
216,deterministic,1216,2,0.4285714285714285,0.5714285714285714,"[1.987929476070411, 0.006994269644841052, 0.029223117432941793]",30
217,deterministic,1217,2,0.5,0.5,"[2.0420181739162566, -0.04906887936488683, 0.032525384934693966]",30
218,deterministic,1218,1,0.4285714285714285,0.5714285714285714,"[1.9360987030974615, 0.10310033818477475]",30
219,deterministic,1219,3,0.8,0.2,"[2.0594176352948566, -0.0563186573812515, 0.016553678670326002, 0.0070876526472759965]",30
220,deterministic,1220,2,0.2,0.8,"[2.0372932589516775, -0.03523217724122748, 0.03011317562341255]",30
221,deterministic,1221,2,0.0,1.0,"[2.0113257454153888, -0.07483361599367833, 0.057897184402018395]",30
222,deterministic,1222,2,0.6666666666666666,0.3333333333333333,"[2.045868400642924, -0.05181460123751179, 0.03528981219903051]",30
223,deterministic,1223,3,0.5,0.5,"[2.055318695176716, -0.04681963897683884, 0.006931416074758022, 0.009850636533120821]",30
224,deterministic,1224,2,0.5,0.5,"[2.035072983780477, -0.07902707007310199, 0.0492877618993713]",30
225,deterministic,1225,1,0.0,1.0,"[2.0072742024923307, 0.1063456909158024]",30
226,deterministic,1226,2,0.3333333333333333,0.6666666666666666,"[2.0427784045012047, -0.04722267946935357, 0.0305789319287175]",30
227,deterministic,1227,2,0.6666666666666666,0.3333333333333333,"[2.0485757920218486, -0.08090889475157738, 0.051318938004219425]",30
228,deterministic,1228,2,0.3333333333333333,0.6666666666666666,"[2.03973588828924, -0.04503905903350431, 0.038508888670674486]",30
229,deterministic,1229,4,0.5714285714285714,0.4285714285714285,"[2.039955208741827, -0.03300452185440719, 0.037650175137399634, -0.017610278597084895, 0.005221487561714024]",30
230,deterministic,1230,2,0.0,1.0,"[2.0265241372533445, -0.08096353566508564, 0.05963441215081912]",30
231,deterministic,1231,1,0.0,1.0,"[1.9891395885900862, 0.12085169069887813]",30
232,deterministic,1232,2,0.4285714285714285,0.5714285714285714,"[2.041408100582471, -0.04023436627164375, 0.02982730840515042]",30
233,deterministic,1233,4,0.5714285714285714,0.4285714285714285,"[2.0369713228377724, -0.020336368815490266, 0.03180297955299052, -0.021320687674587946, 0.006738705540111926]",30
234,deterministic,1234,2,0.0,1.0,"[2.0254893246557684, -0.05803784247131324, 0.04751819053635836]",30
235,deterministic,1235,2,0.0,1.0,"[2.032782373894153, -0.06545302450129711, 0.042300590106796904]",30
236,deterministic,1236,2,0.6666666666666666,0.3333333333333333,"[2.040932411414425, -0.026901198621714636, 0.018861685265208292]",30
237,deterministic,1237,2,0.6666666666666666,0.3333333333333333,"[2.059262812415988, -0.06527985096262949, 0.03511504858867516]",30
238,deterministic,1238,1,0.0,1.0,"[1.9761175458805482, 0.12775982293395807]",30
239,deterministic,1239,2,0.5,0.5,"[2.044620483782842, -0.04714308767815467, 0.03747282450168568]",30
240,deterministic,1240,3,0.3333333333333333,0.6666666666666666,"[2.050108910538692, -0.044216061691674344, 0.016687953455254003, 0.00480767247859598]",30
241,deterministic,1241,2,0.5,0.5,"[2.0637617289658365, -0.08162919690176082, 0.04269481600081627]",30
242,deterministic,1242,2,0.6666666666666666,0.3333333333333333,"[2.0422071606040215, -0.049256586307829295, 0.03883230282123877]",30
243,deterministic,1243,2,0.2,0.8,"[2.081141407877924, -0.08857308318520149, 0.039275424489026906]",30
244,deterministic,1244,1,0.0,1.0,"[1.988117727414465, 0.12623329108122291]",30
245,deterministic,1245,2,1.0,0.0,"[2.0410579260728565, -0.030043021855356865, 0.020972842986340917]",30
246,deterministic,1246,2,0.3333333333333333,0.6666666666666666,"[2.0394611899729758, -0.057942446969073864, 0.040279303228444786]",30
247,deterministic,1247,1,0.0,1.0,"[1.888666677318056, 0.1527475756635026]",30
248,deterministic,1248,2,0.0,1.0,"[2.025697781502567, -0.030843635410634996, 0.038599769774461695]",30
249,deterministic,1249,1,0.0,1.0,"[1.9220350149467849, 0.11744090117492641]",30
250,deterministic,1250,1,0.0,1.0,"[1.9453392674117447, 0.12964469188810254]",30
251,deterministic,1251,2,0.5714285714285714,0.4285714285714285,"[2.0478916308797612, -0.05864289296509815, 0.03516462521823228]",30
252,deterministic,1252,1,0.8,0.2,"[2.031906647968131, 0.034244458449373995]",30
253,deterministic,1253,2,0.5,0.5,"[2.0342872104118546, -0.05867369137439827, 0.04912394394106432]",30
254,deterministic,1254,2,0.0,1.0,"[2.009728681432939, -0.012591118357529326, 0.029977452310477503]",30
255,deterministic,1255,1,0.0,1.0,"[1.9789053054609573, 0.11904895037985291]",30
256,deterministic,1256,4,0.5,0.5,"[2.0483631622104714, -0.04217337237169159, 0.021746135237670175, -0.002128945328080388, 0.002622919206298335]",30
257,deterministic,1257,2,0.0,1.0,"[2.0305427483411145, -0.0688890543572173, 0.05004549884176215]",30
258,deterministic,1258,1,0.5714285714285714,0.4285714285714285,"[2.0361340022006016, 0.08871138253425594]",30
259,deterministic,1259,2,0.8,0.2,"[2.04096145669722, -0.02734781615620768, 0.019148460773465274]",30
260,deterministic,1260,2,0.8,0.2,"[2.0342305269995293, -0.053340561810490045, 0.0430410784518391]",30
261,deterministic,1261,2,0.0,1.0,"[2.0377680463870527, -0.0825980837282549, 0.060797508182663856]",30
262,deterministic,1262,1,0.0,1.0,"[1.9676286047526474, 0.13845944819353906]",30
263,deterministic,1263,4,0.3333333333333333,0.6666666666666666,"[2.0402738255968274, -0.023556712268241298, 0.026466947763838018, -0.016760623560564566, 0.0061131982679696936]",30
264,deterministic,1264,1,0.0,1.0,"[1.9462456196002595, 0.10991480444382115]",30
265,deterministic,1265,2,1.0,0.0,"[2.0452897876042346, -0.07259241031930067, 0.04459532077224083]",30
266,deterministic,1266,2,0.5714285714285714,0.4285714285714285,"[2.0513438475883183, -0.059434383175118385, 0.0345889526158058]",30
267,deterministic,1267,2,0.3333333333333333,0.6666666666666666,"[2.03071695699508, -0.04888313653063321, 0.04569311307663917]",30
268,deterministic,1268,1,1.0,0.0,"[2.031096649454814, 0.010131622357637251]",30
269,deterministic,1269,2,1.0,0.0,"[2.061027509898385, -0.06230057002866657, 0.031558104645412255]",30
270,deterministic,1270,1,1.0,0.0,"[2.0295741680429233, 0.0181884088733085]",30
271,deterministic,1271,1,0.5,0.5,"[1.9755533170833932, 0.11620008569107687]",30
272,deterministic,1272,2,0.0,1.0,"[2.0457273932413846, -0.09722349123106652, 0.06022701382507341]",30
273,deterministic,1273,2,0.2,0.8,"[2.0452583240657036, -0.04113985629669238, 0.02557587818199184]",30
274,deterministic,1274,2,0.8,0.2,"[2.0428708146218173, -0.035458689105303934, 0.024287463134953443]",30
275,deterministic,1275,1,0.0,1.0,"[1.9858988600522125, 0.10419108089265]",30
276,deterministic,1276,3,0.0,1.0,"[2.053998314266339, -0.03621318170175007, -0.010879572348449006, 0.015087796359610436]",30
277,deterministic,1277,2,0.2,0.8,"[2.03015230053143, -0.050467262921904885, 0.041549681960461465]",30
278,deterministic,1278,2,0.0,1.0,"[2.060107371454561, -0.08336167863186449, 0.04559697147187895]",30
279,deterministic,1279,3,0.6666666666666666,0.3333333333333333,"[2.049941233622911, -0.023283793488526806, -0.016120284733032127, 0.01490678836699792]",30
280,deterministic,1280,2,1.0,0.0,"[2.0488361332396017, -0.04280689123160666, 0.02443881135883533]",30
281,deterministic,1281,2,0.8,0.2,"[2.0300386159994614, -0.016497302581367824, 0.020002266283571348]",30
282,deterministic,1282,4,0.6666666666666666,0.3333333333333333,"[2.039291000861978, -0.023304698644054996, 0.02717522925755084, -0.016733719056412973, 0.005818264870353846]",30
283,deterministic,1283,2,0.0,1.0,"[2.0300661685544936, -0.06158148114228836, 0.050933748967243064]",30
284,deterministic,1284,2,0.5,0.5,"[2.04454871873166, -0.03216281121514495, 0.01957958666173221]",30
285,deterministic,1285,1,0.3333333333333333,0.6666666666666666,"[1.9973533802112515, 0.08367036381059974]",30
286,deterministic,1286,1,0.0,1.0,"[2.0005398515151698, 0.09220083969481796]",30
287,deterministic,1287,2,0.5,0.5,"[2.03884986190866, -0.0646057180075121, 0.04695550310039257]",30
288,deterministic,1288,6,0.5714285714285714,0.4285714285714285,"[2.0397886519421893, -0.024848206539816477, 0.025746483090707362, -0.013764962044305749, 0.006968355209968665, -0.0018638968898993663, 0.0004064161748896962]",30
289,deterministic,1289,1,0.2,0.8,"[1.9364924978737197, 0.09358961078569784]",30
290,deterministic,1290,2,1.0,0.0,"[2.046147779713371, -0.040142987854435395, 0.02600235990056856]",30
291,deterministic,1291,1,0.0,1.0,"[1.927733560477974, 0.1313821123044373]",30
292,deterministic,1292,2,0.0,1.0,"[2.0259334872487043, -0.05310444918729646, 0.04247420930901513]",30
293,deterministic,1293,2,0.3333333333333333,0.6666666666666666,"[2.062383329761434, -0.06312186941811705, 0.031846207005913084]",30
294,deterministic,1294,4,0.0,1.0,"[2.042894837847994, -0.03211107558160094, 0.01835110463159771, -0.004615185329122083, 0.003410217434954988]",30
295,deterministic,1295,1,0.0,1.0,"[1.9195561463119184, 0.1558148463267374]",30
296,deterministic,1296,2,0.3333333333333333,0.6666666666666666,"[2.0577659846591003, -0.08052672515565613, 0.046835420101935324]",30
297,deterministic,1297,1,0.0,1.0,"[1.9124452082938375, 0.1519224675463495]",30
298,deterministic,1298,1,0.2,0.8,"[1.9391936784975974, 0.13590331142184556]",30
299,deterministic,1299,2,0.2,0.8,"[2.0549221234427963, -0.06547307352379575, 0.039659073440552105]",30
150,stochastic,20150,1,1.0,0.0,"[2.028300840416943, 0.018688250369517597]",30
151,stochastic,20151,2,0.6666666666666666,0.3333333333333333,"[2.069666746669737, -0.07645233210639071, 0.03642900973527034]",30
152,stochastic,20152,1,0.8,0.2,"[2.035774189341617, 0.03064361938284564]",30
153,stochastic,20153,1,0.0,1.0,"[1.9473803816613782, 0.15313160005360493]",30
154,stochastic,20154,2,0.2,0.8,"[2.035565441323037, -0.07411009115374896, 0.051926553511290933]",30
155,stochastic,20155,3,0.0,1.0,"[2.0540270015760607, -0.06926362887500803, 0.01846688060497662, 0.009164168394113659]",30
156,stochastic,20156,1,0.2,0.8,"[1.905558494276275, 0.13340103655565258]",30
157,stochastic,20157,2,1.0,0.0,"[2.035876487882129, -0.015529294243677296, 0.01615246442297227]",30
158,stochastic,20158,2,0.0,1.0,"[2.0382381345232616, -0.06857155036752245, 0.04422914348575808]",30
159,stochastic,20159,1,0.0,1.0,"[2.0162179444539654, 0.10566034709885502]",30
160,stochastic,20160,2,0.6666666666666666,0.3333333333333333,"[2.038422229566807, -0.049346524784046816, 0.034057467873019304]",30
161,stochastic,20161,2,0.5,0.5,"[2.0428026573350944, -0.03926632060105937, 0.027914592175332105]",30
162,stochastic,20162,2,0.0,1.0,"[2.0221202027721428, -0.09543875405485883, 0.06596797796014074]",30
163,stochastic,20163,6,1.0,0.0,"[2.0399929604098577, -0.02553050650549866, 0.02483849682834564, -0.012185603222210002, 0.007003776826835436, -0.0023578469628360386, 0.0005246527708291082]",30
164,stochastic,20164,3,0.4285714285714285,0.5714285714285714,"[2.0311299900626776, -0.04421332487637754, 0.044880322895220585, -0.0030205437020270043]",30
165,stochastic,20165,1,0.2,0.8,"[1.9139439315107314, 0.13609517283533726]",30
166,stochastic,20166,3,0.8,0.2,"[2.032924187343485, -0.06623442840834118, 0.06812480544927742, -0.005361870303919544]",30
167,stochastic,20167,2,0.8,0.2,"[2.0749112291544947, -0.12806513628701927, 0.06384680522184488]",30
168,stochastic,20168,2,0.4285714285714285,0.5714285714285714,"[2.039404715528623, -0.04676675048483992, 0.0343890857367164]",30
169,stochastic,20169,1,0.5,0.5,"[2.007642390059739, 0.07414185581616813]",30
170,stochastic,20170,2,1.0,0.0,"[2.025879376467767, -0.04806063881755819, 0.03904675642332121]",30
171,stochastic,20171,2,0.8,0.2,"[2.0738728553599053, -0.07862949560318434, 0.03703813018183637]",30
172,stochastic,20172,2,0.5714285714285714,0.4285714285714285,"[2.0497812761453726, -0.04318152863052911, 0.024523670917510624]",30
173,stochastic,20173,4,0.8,0.2,"[2.039882260043189, -0.026340156012035442, 0.030381281722911074, -0.017284513524275135, 0.005745464070854428]",30
174,stochastic,20174,2,0.5,0.5,"[2.059354060315892, -0.07000249685360954, 0.03909477234734008]",30
175,stochastic,20175,2,0.8,0.2,"[2.0369447272425116, -0.03390978702837145, 0.03045855228726137]",30
176,stochastic,20176,3,0.8,0.2,"[2.0527612801819597, -0.1804935534635744, 0.13144649379041434, -0.012089984935046292]",30
177,stochastic,20177,2,0.0,1.0,"[2.0290252051749875, -0.06235313358229177, 0.04805617243149988]",30
178,stochastic,20178,6,0.6666666666666666,0.3333333333333333,"[2.0393623615157637, -0.025918329079287303, 0.0297308935543328, -0.014211199108124878, 0.0030406032418096745, 0.00047295592391466065, 3.921116592114221e-05]",30
179,stochastic,20179,2,1.0,0.0,"[2.08537861275164, -0.11203653637291282, 0.0514162057614162]",30
180,stochastic,20180,2,0.0,1.0,"[2.040873273744541, -0.09606040866523838, 0.05999969528754586]",30
181,stochastic,20181,2,0.5,0.5,"[2.05210539596443, -0.08987230994837629, 0.046980462971744824]",30
182,stochastic,20182,3,1.0,0.0,"[2.0483847221288105, -0.011061121710307605, -0.023938845326461476, 0.016607890891873176]",30
183,stochastic,20183,2,0.8,0.2,"[2.0380341634107144, -0.03933110456647558, 0.02983554707117148]",30
184,stochastic,20184,1,0.0,1.0,"[1.9859941547495854, 0.10634412088424396]",30
185,stochastic,20185,4,0.5714285714285714,0.4285714285714285,"[2.0382166460777764, -0.018555748307464003, 0.028459746167596726, -0.021072223150638666, 0.007027735578396994]",30
186,stochastic,20186,1,0.8,0.2,"[2.040562669492287, 0.017132094440795425]",30
187,stochastic,20187,1,0.0,1.0,"[1.9603085930069375, 0.12722381441937672]",30
188,stochastic,20188,4,0.0,1.0,"[2.0405382572844144, -0.02500081709807847, 0.025408833328341755, -0.01438409657025077, 0.00531974749351798]",30
189,stochastic,20189,1,0.0,1.0,"[1.936795310917431, 0.13078124344738998]",30
190,stochastic,20190,2,0.4285714285714285,0.5714285714285714,"[2.040088754045204, -0.05314684486051384, 0.040335728042825404]",30
191,stochastic,20191,2,0.8,0.2,"[2.039210396231913, -0.03616174791618034, 0.028963508973096876]",30
192,stochastic,20192,2,0.5714285714285714,0.4285714285714285,"[2.0523612092748564, -0.06943901061122333, 0.04344394658388598]",30
193,stochastic,20193,2,0.4285714285714285,0.5714285714285714,"[2.0442527860998836, -0.05304897508319616, 0.03841514967404381]",30
194,stochastic,20194,1,0.0,1.0,"[2.037570397085287, 0.1181559841997888]",30
195,stochastic,20195,5,0.6666666666666666,0.3333333333333333,"[2.04329328867628, -0.0010814357331849008, 0.0014433066458336332, -0.030886020272974237, 0.02235183265451409, -0.002967356520138639]",30
196,stochastic,20196,3,0.4285714285714285,0.5714285714285714,"[2.043666429596842, -0.08450634079251758, 0.0765697507127647, -0.006109831215257858]",30
197,stochastic,20197,6,0.8,0.2,"[2.0400144200003627, -0.025564055334187923, 0.024761014296038764, -0.01205297413324634, 0.007004337992172296, -0.002403432746304384, 0.0005364420381081814]",30
198,stochastic,20198,3,1.0,0.0,"[2.0449932077478117, -0.026809455141499523, 0.0034146487124698294, 0.007431688529817126]",30
199,stochastic,20199,4,0.5714285714285714,0.4285714285714285,"[2.038087649501314, -0.021024192978020655, 0.029161190139002906, -0.01971254626380174, 0.0065046463157473295]",30
200,stochastic,20200,2,0.2,0.8,"[2.039258251135762, -0.06410502489420372, 0.043822363217094956]",30
201,stochastic,20201,1,0.0,1.0,"[1.9607953384811623, 0.10164370238907448]",30
202,stochastic,20202,1,1.0,0.0,"[1.9287096621972835, 0.1126292154755951]",30
203,stochastic,20203,3,0.2,0.8,"[2.042304193903242, 0.011767000168110978, -0.04413409637332337, 0.021629959746397375]",30
204,stochastic,20204,1,0.0,1.0,"[1.8571492811447254, 0.16830302120779547]",30
205,stochastic,20205,4,0.2,0.8,"[2.040881925264247, -0.030257313181211984, 0.030680877152879853, -0.013111794251708513, 0.003948115680942341]",30
206,stochastic,20206,2,0.0,1.0,"[2.0289038638916392, -0.07609706163693451, 0.055577972549150666]",30
207,stochastic,20207,6,0.6666666666666666,0.3333333333333333,"[2.0398792508118393, -0.02565434746986152, 0.026095925635520396, -0.012462716227184036, 0.0056374328133542324, -0.0014196090068182617, 0.00035689627705747656]",30
208,stochastic,20208,2,0.4285714285714285,0.5714285714285714,"[2.049641002265589, -0.09682547318520894, 0.062385458041258016]",30
209,stochastic,20209,1,0.0,1.0,"[2.0082784510107006, 0.10533141433965969]",30
210,stochastic,20210,1,0.3333333333333333,0.6666666666666666,"[2.063500858155951, 0.043986032092577815]",30
211,stochastic,20211,2,0.4285714285714285,0.5714285714285714,"[2.0371093637514317, -0.04548778957053785, 0.03676024278267651]",30
212,stochastic,20212,2,0.5714285714285714,0.4285714285714285,"[2.0457429037494905, -0.04170117306409772, 0.025997482006427458]",30
213,stochastic,20213,1,0.0,1.0,"[2.063058556401933, 0.07553272491186473]",30
214,stochastic,20214,2,0.0,1.0,"[2.025021844326021, -0.06905952257415193, 0.04990740593634656]",30
215,stochastic,20215,5,0.5,0.5,"[2.042418498839665, -0.028567273703813435, 0.019264646449538167, -0.011090808865493249, 0.008135786842705627, -0.0009975970357618228]",30
216,stochastic,20216,5,0.8,0.2,"[2.0403321392426252, -0.02852516834672036, 0.027025586539094322, -0.0059387744502293425, -0.0017305760050200963, 0.0013919523035390098]",30
217,stochastic,20217,3,0.5714285714285714,0.4285714285714285,"[2.0465268236215457, -0.03682910453786491, 0.007622120756375632, 0.008075796645460669]",30
218,stochastic,20218,1,0.0,1.0,"[1.9755593210965363, 0.09046039491198571]",30
219,stochastic,20219,2,0.0,1.0,"[2.0394600152484283, -0.10406253625137288, 0.06203213623027949]",30
220,stochastic,20220,1,0.0,1.0,"[1.9607044323437075, 0.1347767903447745]",30
221,stochastic,20221,3,0.6666666666666666,0.3333333333333333,"[2.0569273583871714, -0.07067654354814065, 0.03403561182117826, 0.0035084357543728037]",30
222,stochastic,20222,6,0.8,0.2,"[2.0400073607596383, -0.025536909502602668, 0.024739236887909865, -0.012122995892361814, 0.007082176027062866, -0.002426634296156605, 0.0005380705752752735]",30
223,stochastic,20223,3,0.5,0.5,"[2.009195102603662, -0.09343573657018564, 0.08431530923403045, -0.00684802379962187]",30
224,stochastic,20224,3,0.6666666666666666,0.3333333333333333,"[2.060058473604454, -0.0428090160856936, -0.006411620386772861, 0.013386897773956456]",30
225,stochastic,20225,2,0.0,1.0,"[2.0386021629146818, -0.054504890606706366, 0.03877546288806412]",30
226,stochastic,20226,1,0.0,1.0,"[1.8665508857077102, 0.17229344744992628]",30
227,stochastic,20227,5,1.0,0.0,"[2.038244711535926, -0.01770087432250436, 0.04498680046483657, -0.056984627609268146, 0.02756789962839648, -0.0032523401970143903]",30
228,stochastic,20228,2,0.2,0.8,"[2.0375140145197754, -0.03199623938963264, 0.03160646445719761]",30
229,stochastic,20229,2,1.0,0.0,"[2.0596986966833963, -0.0674762353425332, 0.03780717987070145]",30
230,stochastic,20230,6,0.4285714285714285,0.5714285714285714,"[2.04000058101675, -0.02465700085717508, 0.025523605960421886, -0.013813402303434388, 0.006769172187525319, -0.0016789571850527817, 0.00037207891091958696]",30
231,stochastic,20231,2,0.4285714285714285,0.5714285714285714,"[2.037845891127197, -0.03745443594931138, 0.037870498332371716]",30
232,stochastic,20232,3,0.6666666666666666,0.3333333333333333,"[2.0091483889002055, -0.06766157427152719, 0.07969552003704262, -0.006895593433908391]",30
233,stochastic,20233,2,0.0,1.0,"[2.0361738151443243, -0.05090442483284334, 0.03825192103525791]",30
234,stochastic,20234,2,0.6666666666666666,0.3333333333333333,"[2.0400791144847705, -0.045999265048792336, 0.04253100237452398]",30
235,stochastic,20235,1,0.0,1.0,"[1.9491144705377743, 0.11207635724621332]",30
236,stochastic,20236,2,0.5714285714285714,0.4285714285714285,"[2.0484052675246938, -0.03998897191752305, 0.022839814967032482]",30
237,stochastic,20237,1,0.0,1.0,"[1.940096636534306, 0.12153719261455302]",30
238,stochastic,20238,2,1.0,0.0,"[2.039060687120991, -0.09588667107089761, 0.05914176603401638]",30
239,stochastic,20239,1,0.0,1.0,"[1.961805551345328, 0.1150728846599493]",30
240,stochastic,20240,3,0.5714285714285714,0.4285714285714285,"[2.0465382233799083, -0.03562268415025263, 0.007815699111365306, 0.00825264372369292]",30
241,stochastic,20241,1,0.0,1.0,"[1.941113781359996, 0.14309046190431732]",30
242,stochastic,20242,3,0.0,1.0,"[2.0578262593234924, -0.04371194435806376, -0.009376454309031095, 0.015656010816804906]",30
243,stochastic,20243,1,0.0,1.0,"[1.8811128484595632, 0.17003593246693732]",30
244,stochastic,20244,1,0.0,1.0,"[1.9313240909285134, 0.1369052973980815]",30
245,stochastic,20245,2,0.0,1.0,"[2.021796525911108, -0.058821255273410235, 0.05176698259294106]",30
246,stochastic,20246,2,0.0,1.0,"[2.0311533048851538, -0.02973491944868146, 0.03846781714135511]",30
247,stochastic,20247,4,0.3333333333333333,0.6666666666666666,"[2.0353969702272208, -0.029886618762428215, 0.04036103593365323, -0.018613240758225673, 0.0048227758734343]",30
248,stochastic,20248,2,0.5,0.5,"[2.03575455691971, -0.044616196304322696, 0.03285191744028289]",30
249,stochastic,20249,1,0.0,1.0,"[1.963942759866705, 0.13300386670685826]",30
250,stochastic,20250,1,0.0,1.0,"[1.930930462175137, 0.14672741461966618]",30
251,stochastic,20251,2,0.5714285714285714,0.4285714285714285,"[2.039226621057198, -0.07281983752125211, 0.051259370240790136]",30
252,stochastic,20252,1,0.0,1.0,"[1.9291873873288472, 0.11916550078668876]",30
253,stochastic,20253,1,0.0,1.0,"[1.9818916799013, 0.10404471500727738]",30
254,stochastic,20254,1,0.0,1.0,"[1.9559220222856109, 0.13831185531365017]",30
255,stochastic,20255,2,0.0,1.0,"[2.034833983166253, -0.07241153257095745, 0.05162734591183715]",30
256,stochastic,20256,2,0.0,1.0,"[2.0282540629581307, -0.03043126593963473, 0.04327962735845645]",30
257,stochastic,20257,1,0.2,0.8,"[1.9547792202620622, 0.13567541170819492]",30
258,stochastic,20258,4,0.0,1.0,"[2.0397869380034153, -0.023608776307074215, 0.026607557786557618, -0.016001571774861625, 0.0055941811238294364]",30
259,stochastic,20259,4,0.5,0.5,"[2.039236987313121, -0.02020558795473602, 0.029081975845359116, -0.020425646120649357, 0.006712711350922345]",30
260,stochastic,20260,2,0.0,1.0,"[2.0341764958393087, -0.11716171516231874, 0.07029717502895826]",30
261,stochastic,20261,1,0.0,1.0,"[1.8672272592541275, 0.16361384920809788]",30
262,stochastic,20262,2,0.5714285714285714,0.4285714285714285,"[2.040547808500785, -0.04511216140889214, 0.03695401364021852]",30
263,stochastic,20263,2,0.5,0.5,"[2.057945244273872, -0.07369333981026775, 0.04380135985860628]",30
264,stochastic,20264,2,0.6666666666666666,0.3333333333333333,"[2.0412306583595416, -0.052546454777803, 0.03960071482448525]",30
265,stochastic,20265,3,0.5714285714285714,0.4285714285714285,"[2.0301748816773446, -0.05713672301291584, 0.06481571689018457, -0.0050868762518798535]",30
266,stochastic,20266,2,0.5,0.5,"[2.0421205476986413, -0.04812881621906996, 0.03542215680828206]",30
267,stochastic,20267,1,0.0,1.0,"[1.979240104034627, 0.12588473692446173]",30
268,stochastic,20268,2,1.0,0.0,"[2.039154285597773, -0.04017196220915224, 0.03673433848029032]",30
269,stochastic,20269,1,0.0,1.0,"[1.973486827927389, 0.12819188526285744]",30
270,stochastic,20270,1,0.0,1.0,"[1.9074546202286464, 0.13851398622896485]",30
271,stochastic,20271,2,0.5,0.5,"[2.044377403930567, -0.053764508117905695, 0.03417852290488858]",30
272,stochastic,20272,1,1.0,0.0,"[2.0364193657006595, 0.008605627192678364]",30
273,stochastic,20273,2,0.8,0.2,"[2.048351864990655, -0.05540430890200532, 0.038489014176650425]",30
274,stochastic,20274,3,0.6666666666666666,0.3333333333333333,"[2.0232164654306906, -0.04941276904287983, 0.08244160042594256, -0.007650902238059418]",30
275,stochastic,20275,1,1.0,0.0,"[1.9171171081288447, 0.09623662094401966]",30
276,stochastic,20276,2,0.0,1.0,"[2.0265155347003776, -0.06139126043441284, 0.05719438458886844]",30
277,stochastic,20277,4,0.0,1.0,"[2.0420773098926044, -0.05969097608665316, 0.0088753745612986, 0.020823512300278756, -0.002599349768803688]",30
278,stochastic,20278,1,0.0,1.0,"[1.9456446590703695, 0.13038627444918804]",30
279,stochastic,20279,1,0.0,1.0,"[1.9559589297071462, 0.12426422399323131]",30
280,stochastic,20280,2,0.2,0.8,"[2.044149922262785, -0.06478940561482528, 0.0421118596081503]",30
281,stochastic,20281,6,0.5,0.5,"[2.0399646882579727, -0.02538617918252559, 0.024756755796540263, -0.0123283548283014, 0.007130122916393686, -0.0023739273930520957, 0.0005223298120111016]",30
282,stochastic,20282,2,1.0,0.0,"[2.065912923827986, -0.08029630620792647, 0.041466085229712894]",30
283,stochastic,20283,2,0.2,0.8,"[2.046396659524683, -0.05409396305787128, 0.03820885308864693]",30
284,stochastic,20284,4,1.0,0.0,"[2.039648807659744, -0.021113043959959634, 0.027333206054134862, -0.018855022855619262, 0.006473516157937871]",30
285,stochastic,20285,2,0.5,0.5,"[2.043940050136338, -0.047693506013410214, 0.029207281137369957]",30
286,stochastic,20286,1,0.0,1.0,"[1.9466113526318998, 0.12070830227049073]",30
287,stochastic,20287,1,0.0,1.0,"[1.9855950457286309, 0.14143421487997704]",30
288,stochastic,20288,3,0.4285714285714285,0.5714285714285714,"[1.9828642011212665, -0.06836928435976967, 0.08052031552404684, -0.007115216183613908]",30
289,stochastic,20289,2,1.0,0.0,"[2.042642556331829, -0.047352396132139866, 0.03486305695104359]",30
290,stochastic,20290,2,0.5,0.5,"[2.058187469098955, -0.08786988724174553, 0.05260235203139246]",30
291,stochastic,20291,2,0.5714285714285714,0.4285714285714285,"[2.0364412004305437, -0.03735151950424485, 0.034033443140575055]",30
292,stochastic,20292,4,0.5,0.5,"[2.0406802186812967, -0.02511544147103901, 0.025618210942187587, -0.014400319084544989, 0.005346961987110851]",30
293,stochastic,20293,6,0.3333333333333333,0.6666666666666666,"[2.040043601376915, -0.02551643568223423, 0.024574982395989868, -0.012062940127825605, 0.0072217409467604105, -0.0025375428817668126, 0.0005601508991991931]",30
294,stochastic,20294,1,0.0,1.0,"[1.9759004715613728, 0.11452804643853641]",30
295,stochastic,20295,2,0.4285714285714285,0.5714285714285714,"[2.0404688923017162, -0.05857058021203596, 0.037766214711512765]",30
296,stochastic,20296,2,1.0,0.0,"[2.041431590052037, -0.033488611073878564, 0.02435986032633474]",30
297,stochastic,20297,2,0.0,1.0,"[2.111377731695123, -0.11427102357948188, 0.035036717936156134]",30
298,stochastic,20298,1,0.0,1.0,"[1.979865717636114, 0.1398121519721691]",30
299,stochastic,20299,2,0.2,0.8,"[2.037320475285837, -0.033786059896192225, 0.03083618202443874]",30
