dataset_id,generation_type,seed,imse,imae,maxerr,n_samples
0,deterministic,1000,0.6998902210107858,0.6059274228298109,2.0792700081949307,30
1,deterministic,1001,1.6713028953241542,1.2773291361298709,1.5534943508903822,30
2,deterministic,1002,1.638993307287615,1.2308490843022255,1.7434475568500878,30
3,deterministic,1003,1.613646162982875,1.1039785295870987,2.471933950040756,30
4,deterministic,1004,0.9143896386880268,0.8987585093109154,1.2751344443245696,30
5,deterministic,1005,1.000089724247594,0.9023656579319256,1.5394324025362618,30
6,deterministic,1006,1.4159769980761214,0.9076096838648806,2.79070821064024,30
7,deterministic,1007,1.2422300614707975,0.9596176005032074,2.06260777495028,30
8,deterministic,1008,2.4004532721757816,1.521870531122245,1.9527065581741396,30
9,deterministic,1009,2.1128456745002646,1.4219128396630456,2.2789811568068323,30
10,deterministic,1010,9.704528673034106,2.208598735650659,1.5873931994492263,30
11,deterministic,1011,4.081019519448329,1.5706692455189977,3.794448687071493,30
12,deterministic,1012,0.9415011112162032,0.9467299883387912,1.0894900310196465,30
13,deterministic,1013,1.0968996806572848,0.8834101307343737,1.1633989619669791,30
14,deterministic,1014,1.6268018446143349,1.253166161914549,1.6073757155789596,30
15,deterministic,1015,0.7016687185391268,0.7872645792180556,1.2122732561627163,30
16,deterministic,1016,1.9881738303502836,1.3050674035421062,2.136139138509052,30
17,deterministic,1017,0.7614856805153347,0.8120290144635041,1.2815596564025058,30
18,deterministic,1018,0.8510413866027003,0.6832188825204283,2.249937088486719,30
19,deterministic,1019,1.1419598320398563,0.8010236252493573,2.5529697037535506,30
20,deterministic,1020,2.3127237914911203,1.433120696504075,2.2176305278115147,30
21,deterministic,1021,1.6730164621919237,1.1723654310801837,2.026749968613164,30
22,deterministic,1022,1.1423170330027306,1.0459301004351902,1.175615787404401,30
23,deterministic,1023,2.0493853460194646,1.2513736953799386,2.3769662899253703,30
24,deterministic,1024,0.982459816450122,0.9663293708872956,1.2915201056108403,30
25,deterministic,1025,2.273068475409449,1.2064731657650103,3.382527231342572,30
26,deterministic,1026,0.4390342405464425,0.5197652963376223,1.6219753011556883,30
27,deterministic,1027,0.240155380205166,0.3581029544046686,1.3079482205389072,30
28,deterministic,1028,1.825269125117206,1.3370965001020187,1.590315382223396,30
29,deterministic,1029,2.980728836835251,1.566340372437644,2.747409312899185,30
30,deterministic,1030,1.7818839252035257,1.2546185558514833,1.9392582439205008,30
31,deterministic,1031,1.4799917646532827,1.0641658149762858,2.4825769593625577,30
32,deterministic,1032,0.6586921585099293,0.5981939707491455,2.018178284894089,30
33,deterministic,1033,1.553995594493359,0.9653800870897749,1.1006722395388224,30
34,deterministic,1034,1.017710991831424,0.950423548731976,1.8864771865779932,30
35,deterministic,1035,2.92723925009934,1.5546150591440042,2.7146182359699083,30
36,deterministic,1036,1.5669907692520062,0.9414476380127524,2.309096646978952,30
37,deterministic,1037,1.3586231112110898,1.1258537722224533,1.5718917023350332,30
38,deterministic,1038,0.5923133318352017,0.5509852603757454,1.9433652095723863,30
39,deterministic,1039,3.786735866437669,1.872917374002958,2.693404362175642,30
40,deterministic,1040,8.519052069594727,2.319905630093082,5.719719741211642,30
41,deterministic,1041,2.744333553920873,1.5462030006123435,2.489205134167364,30
42,deterministic,1042,0.8600580362676746,0.904854913547073,1.1921923101538936,30
43,deterministic,1043,1.098982650273197,1.011208068891919,1.8101178007942655,30
44,deterministic,1044,1.4766488160211773,1.1776368618559698,1.6208881399445416,30
45,deterministic,1045,1.0819168959402774,0.8595564197249607,1.6776620939674678,30
46,deterministic,1046,2.226955790648632,1.1401528652614656,2.766745254473813,30
47,deterministic,1047,1.7908612603346894,1.2489962431769477,1.9803343179849109,30
48,deterministic,1048,1.698400688645091,1.1222615686835626,2.414757922508946,30
49,deterministic,1049,1.8143961723209443,1.3259976671438058,1.6793568896401372,30
50,deterministic,1050,0.5230606570790981,0.6411742495257309,1.5695719254257026,30
51,deterministic,1051,2.159958327804004,1.2630437703581112,2.693350007429491,30
52,deterministic,1052,0.2860317404870074,0.3779663331327526,1.4339017859001697,30
53,deterministic,1053,2.1991975177920744,1.3120295142042906,2.430250669212426,30
54,deterministic,1054,5.753838336244372,1.932906233013992,4.342860640637201,30
55,deterministic,1055,1.7544534063225572,1.1045330859049023,2.2944117331948384,30
56,deterministic,1056,3.2441474100223404,1.767365945373447,2.273438844715977,30
57,deterministic,1057,1.5518815455651969,1.008486128859322,2.1988275584653727,30
58,deterministic,1058,0.7603393804068141,0.8464965635115611,1.1485291536154665,30
59,deterministic,1059,5.083202057619206,1.81705711914142,4.0734478859941685,30
60,deterministic,1060,1.2500664768580356,1.0557323206391442,1.589725195356017,30
61,deterministic,1061,0.8792499999624752,0.8678865707798848,1.3842860856389316,30
62,deterministic,1062,1.31472642971559,1.1025535569165503,1.5658569156564033,30
63,deterministic,1063,1.3844592147460406,0.9095841466730856,2.7509522162132654,30
64,deterministic,1064,0.5721684638891273,0.7305833743923518,0.9152006023471602,30
65,deterministic,1065,0.9499451525742126,0.8196890550991248,2.126595911735456,30
66,deterministic,1066,0.6771162290509409,0.6609937901632287,1.9159333354711745,30
67,deterministic,1067,2.3745709633901426,1.528875191218846,1.7771104838303409,30
68,deterministic,1068,2.881368375866595,1.463247283345892,2.8838994502550035,30
69,deterministic,1069,2.17959531855614,1.4528594225398284,1.844622305404912,30
70,deterministic,1070,1.506057995909461,1.170048668942513,1.7068880998617246,30
71,deterministic,1071,1.773050334046929,1.3009004132691613,2.117808208838892,30
72,deterministic,1072,1.3008331261917114,1.0886718586299409,2.028495249625764,30
73,deterministic,1073,0.802938409685308,0.7739764707474933,1.935127060554036,30
74,deterministic,1074,0.4080043725402867,0.5777057996663593,1.367048689482776,30
75,deterministic,1075,1.0746462302511424,0.8987386855521657,2.182605340695737,30
76,deterministic,1076,1.108497302619936,1.0329349275020647,1.3218718305300312,30
77,deterministic,1077,1.150982755245969,1.0400810948436758,1.4329886666334466,30
78,deterministic,1078,0.6013213953068333,0.750495490524642,0.9385156242608428,30
79,deterministic,1079,2.821312159354451,1.3601743006954083,3.0023483005173497,30
80,deterministic,1080,0.7371803930700219,0.8368715542730295,1.0424207779657702,30
81,deterministic,1081,1.3784276078171769,1.113630791441893,1.6526906050056192,30
82,deterministic,1082,9.095685704831538,2.5741209962704303,5.243389941163022,30
83,deterministic,1083,0.3692263202656495,0.4295039827292147,1.6040793217502958,30
84,deterministic,1084,0.86860425736314,0.8974122544662515,1.2733948032947753,30
85,deterministic,1085,0.6167109496308413,0.7335667808225603,0.9989883623551554,30
86,deterministic,1086,0.9173478106488204,0.7028400641637851,2.328916569868758,30
87,deterministic,1087,1.720555940776789,1.1156100185931028,2.718916144818579,30
88,deterministic,1088,1.21771284481661,1.0706253544693936,1.4695987486039943,30
89,deterministic,1089,0.9038630522130402,0.9222180102697428,1.0343017304098598,30
90,deterministic,1090,0.8312926068254778,0.8795597287619018,1.23808457378369,30
91,deterministic,1091,0.4721691004926522,0.6351155612068853,1.0268853092142043,30
92,deterministic,1092,1.5933755657040558,1.1692917655124222,2.376021515273521,30
93,deterministic,1093,1.5619693380623074,0.9489267895817384,2.922160352788567,30
94,deterministic,1094,0.6938883847773236,0.7881086847217137,1.570767299789405,30
95,deterministic,1095,26.308064653604298,3.76031541373092,13.134226354374528,30
96,deterministic,1096,0.7855673571877607,0.8313755001267029,1.127673254191686,30
97,deterministic,1097,0.6118778526884215,0.6608279112835571,1.758615627040126,30
98,deterministic,1098,0.6145812187823779,0.5689022276616247,1.9691689338567884,30
99,deterministic,1099,3.5863126346105654,1.5884458225389937,3.311016941577819,30
100,deterministic,1100,1.9192380045251825,1.3686089209923078,1.6825392360994482,30
101,deterministic,1101,0.5542128183831956,0.7002513430562823,1.4396145968018683,30
102,deterministic,1102,1.6544163135291394,1.2663673348230011,1.3873097519811557,30
103,deterministic,1103,0.5597959967392225,0.5339401439544714,1.8991825463301228,30
104,deterministic,1104,0.1578630703376912,0.3002354276280522,0.2663890117286325,30
105,deterministic,1105,0.5770436619193298,0.668266999860565,1.651775415131003,30
106,deterministic,1106,3.182324465991028,1.467052024363328,3.1611284712528094,30
107,deterministic,1107,1.3203128163613482,1.0783175932854472,2.1334585326327877,30
108,deterministic,1108,1.074778256684611,0.8898855568703947,1.7173177476984245,30
109,deterministic,1109,0.1829843164108464,0.3664970051948729,0.6916745810874558,30
110,deterministic,1110,0.6421458647886993,0.6301378015524286,1.9070029208292891,30
111,deterministic,1111,1.255448555657588,0.8489569982695296,2.650747642177852,30
112,deterministic,1112,0.9798054843852384,0.7789417899494878,2.338690213872089,30
113,deterministic,1113,41.65383584183749,4.141449524017351,18.280501253027637,30
114,deterministic,1114,0.5796533752573919,0.6025360668059129,1.8148593242351256,30
115,deterministic,1115,0.5380346439385393,0.7045517295518009,0.9941176015466464,30
116,deterministic,1116,0.5241022160616939,0.6233770968318673,1.6209309014394893,30
117,deterministic,1117,0.1743953519569112,0.2975154296637969,1.1600013672378564,30
118,deterministic,1118,2.3633567378213303,1.2390745344684706,2.747669935507889,30
119,deterministic,1119,0.6204900598227335,0.7603022745492527,0.91681065413803,30
120,deterministic,1120,13.723810358280826,2.539785881440885,10.430162022902191,30
121,deterministic,1121,4.092275631466684,1.7627659869313588,3.417160696143565,30
122,deterministic,1122,2.43262155356301,1.1702353657315083,1.2364161067460169,30
123,deterministic,1123,1.436726638894529,1.0008020266850994,1.9737801996356867,30
124,deterministic,1124,2.7346309904243267,1.4110875046442133,2.8350259648503338,30
125,deterministic,1125,1.1820613972128788,1.0553531197735748,1.8169969680811544,30
126,deterministic,1126,17.153664104062454,2.7941103802371456,11.580127960105877,30
127,deterministic,1127,4.07781694084744,1.7401007570761915,3.4512797021826493,30
128,deterministic,1128,0.974569304002742,0.9644269254139464,1.1106684525576695,30
129,deterministic,1129,1.7030656856767463,1.2249875364490006,2.3831109453277284,30
130,deterministic,1130,1.692877125369924,1.0812064442135365,2.258019842949547,30
131,deterministic,1131,0.9764441527527186,0.9649645726219084,1.1073458210859202,30
132,deterministic,1132,0.6252080714144932,0.7306792796568745,1.1772456372547564,30
133,deterministic,1133,0.327970549004603,0.4352469118220748,0.2278758795368896,30
134,deterministic,1134,1.5295013780834716,1.2149930555435762,1.3273454232467097,30
135,deterministic,1135,0.1839139848539616,0.3660117299025328,0.3999462840736161,30
136,deterministic,1136,1.8085833693212037,1.1515418580086454,2.42668710503408,30
137,deterministic,1137,0.5294274239627231,0.5224452031785907,1.852987855112683,30
138,deterministic,1138,1.0243603529771113,0.9067549293984836,2.06420785850792,30
139,deterministic,1139,1.057151370067987,0.9734368806008736,1.4581131525860858,30
140,deterministic,1140,2.46443137521345,1.5482340148813805,1.936149675721861,30
141,deterministic,1141,1.7436513321903435,1.2772957367511086,1.767106514720585,30
142,deterministic,1142,2.597997582053522,1.537687785802562,2.2742008677499896,30
143,deterministic,1143,0.6915851904417782,0.7441516663816553,1.2132818422799707,30
144,deterministic,1144,1.905794567062596,1.3625769214791053,1.689916166030937,30
145,deterministic,1145,0.9217684149287636,0.7326135348158974,2.293086761653261,30
146,deterministic,1146,0.9548203727215304,0.9481869852236002,1.6415545622159264,30
147,deterministic,1147,1.944671632156824,1.1985137081094344,2.355778245822867,30
148,deterministic,1148,0.9687329906540684,0.8725796124208522,2.040969853750892,30
149,deterministic,1149,4.72400972561167,1.6500901132868535,1.5888170542764877,30
0,stochastic,20000,1.6412353785442724,1.2379195567516217,1.721038126859407,30
1,stochastic,20001,1.1593045721152273,0.9124080817871146,2.300141968405522,30
2,stochastic,20002,0.3786443697355144,0.4420278380774337,1.6060707141275348,30
3,stochastic,20003,7.895105300624055,2.085315700884301,1.6079566995432772,30
4,stochastic,20004,0.630439141529626,0.5706132665073559,1.9936144258685444,30
5,stochastic,20005,1.2768721499972229,1.1080628897397893,1.235011750461486,30
6,stochastic,20006,1.0295946372967395,0.9757203201346576,1.390263722419283,30
7,stochastic,20007,3.710012315660304,1.7077697276709851,3.1823952430203675,30
8,stochastic,20008,0.777495282900862,0.7647726649215673,1.901638006168504,30
9,stochastic,20009,1.5164457923284649,1.0416563267110046,1.2843861867276356,30
10,stochastic,20010,2.108559747816854,1.123543752746143,2.6497127613827547,30
11,stochastic,20011,0.6220020333353818,0.5938980562261631,1.959784165529936,30
12,stochastic,20012,2.227449080403197,1.2992717176813706,1.4777588828503023,30
13,stochastic,20013,2.0031456617607484,1.0850508186256185,2.595739491135527,30
14,stochastic,20014,2.226278007420836,1.23280025513456,3.4782693172696684,30
15,stochastic,20015,0.7977201000079954,0.8579269404339552,1.2291707093444946,30
16,stochastic,20016,1.1348976857023274,1.0432565981986563,1.1803139796530744,30
17,stochastic,20017,1.5611797607639528,1.2144279486851772,1.6498327429113189,30
18,stochastic,20018,0.3973349441793337,0.59631576637318,0.8865186658440396,30
19,stochastic,20019,5.030010879530254,1.9017159687404503,3.901769090698666,30
20,stochastic,20020,0.7418095768006046,0.7649904651351783,1.2781751395124827,30
21,stochastic,20021,3.2717407796881863,1.5035689810303798,3.839640325288293,30
22,stochastic,20022,1.5061942789661495,1.1779195039827717,1.680423191334229,30
23,stochastic,20023,1.407989655339231,1.1078100044539831,1.7333996621037084,30
24,stochastic,20024,0.8890888205531169,0.9003570803882114,1.3170717476182712,30
25,stochastic,20025,2.5728157500274165,1.385113887321913,2.714102714546491,30
26,stochastic,20026,3.5201226864371185,1.7663071873613885,2.7786412232420306,30
27,stochastic,20027,0.8889398761613418,0.7281680483090281,2.2336081761449504,30
28,stochastic,20028,1.077012996520759,0.7943763580084169,1.8703751203510173,30
29,stochastic,20029,0.4392966673497063,0.4748969919124826,1.7128747385865633,30
30,stochastic,20030,1.970637513281472,1.0762207588931223,2.57255840873804,30
31,stochastic,20031,2.9820445961001423,1.149578461364777,0.7884977716474628,30
32,stochastic,20032,0.7825637130805881,0.6974235702408431,2.0735231835383523,30
33,stochastic,20033,1.260432944877461,1.096799951525668,1.4546492768025794,30
34,stochastic,20034,0.6648650271719537,0.6554688294944719,1.2471591927026142,30
35,stochastic,20035,3.911421766768328,1.6206674744841685,3.523468154758585,30
36,stochastic,20036,1.158668487938201,1.0274521160585304,1.9267819124333831,30
37,stochastic,20037,1.7074923264988435,0.9613236727096366,0.986287289107258,30
38,stochastic,20038,2.282556704530036,1.3230675653260389,2.5099838948843605,30
39,stochastic,20039,0.7128359239470614,0.8161055195646956,0.951935336707258,30
40,stochastic,20040,0.7019333767340996,0.6297269167593327,2.064584541407092,30
41,stochastic,20041,39.14154903860339,4.137123765072793,17.439369880572553,30
42,stochastic,20042,0.9837412589022264,0.9620661097445832,1.669976342271236,30
43,stochastic,20043,1.7187389965267788,1.1340476741873458,2.1918948331059247,30
44,stochastic,20044,1.52890073688657,1.199272194363703,1.644360225976532,30
45,stochastic,20045,1.8130883361200485,1.1673242259517522,2.249346203503656,30
46,stochastic,20046,1.390412457261382,1.054869126926802,1.536883054896505,30
47,stochastic,20047,5.076467128936155,1.803251340275955,4.0940568748356725,30
48,stochastic,20048,0.908819403910953,0.9139718883644018,1.699800830000732,30
49,stochastic,20049,1.2844331405985432,1.0892145863436675,1.5502922011317144,30
50,stochastic,20050,2.259077426094196,1.4762059166140322,1.8964461009785467,30
51,stochastic,20051,4.281469318623048,1.9543724368611568,3.0517062835878974,30
52,stochastic,20052,2.5212779703140904,1.492553561441087,2.338417159292584,30
53,stochastic,20053,5.440634685889443,1.948886492014429,4.111434393603801,30
54,stochastic,20054,0.869808438499764,0.8111823091680148,1.5040895273624368,30
55,stochastic,20055,2.222740603447923,1.151309060554642,2.7289039032018803,30
56,stochastic,20056,0.7311835485131276,0.7527100730074685,1.8251846222223465,30
57,stochastic,20057,0.7359571725230392,0.7547262219161314,1.8313812485283136,30
58,stochastic,20058,0.7192701755127539,0.6168768983772976,2.1014094339448586,30
59,stochastic,20059,0.2833805671554485,0.4682768708755637,1.2088728279975107,30
60,stochastic,20060,1.304340406309488,1.019127533925912,2.300835015302805,30
61,stochastic,20061,1.6433338719861843,1.262646687589997,1.3896387750226649,30
62,stochastic,20062,6.542060198015491,2.026167024294956,4.741573145532203,30
63,stochastic,20063,0.7100322668432497,0.6417988810285405,2.0447812283701787,30
64,stochastic,20064,5.969078028417943,1.68616201870968,1.4122803308978065,30
65,stochastic,20065,1.0268524766971348,0.7575094909885588,2.4382790724486973,30
66,stochastic,20066,5.99311089388681,1.96649527100392,4.448291395446269,30
67,stochastic,20067,1.1734812571674165,1.0608809126454373,1.1918639498047323,30
68,stochastic,20068,0.4195547337078274,0.4563955111431871,1.6902283627136383,30
69,stochastic,20069,0.6202488316385697,0.641657500677965,1.25317659688695,30
70,stochastic,20070,0.3508350724902833,0.5587002306157889,0.825899188855312,30
71,stochastic,20071,1.3087442070062505,0.8930162210559143,1.006540069382114,30
72,stochastic,20072,0.1455117930249667,0.3328957490919846,0.4308737143717169,30
73,stochastic,20073,2.2284998085072933,1.4234561866649749,2.096404881451761,30
74,stochastic,20074,0.6056044490354456,0.6496578019515248,1.7683173993355232,30
75,stochastic,20075,0.5075546812305829,0.5733354439863758,1.6912015594091132,30
76,stochastic,20076,0.4579758135005025,0.6183798236130823,0.8546112383829378,30
77,stochastic,20077,0.7483859305191045,0.8080185370785509,1.6813680953083154,30
78,stochastic,20078,3.337024547183466,1.765706290974506,2.473988115146642,30
79,stochastic,20079,1.98040878595724,1.2137450555442808,2.629155473910705,30
80,stochastic,20080,1.254013063250034,1.0920603752370477,1.4624958897450728,30
81,stochastic,20081,1.6985705379895994,1.1523823714793529,2.1211768080814317,30
82,stochastic,20082,18.887680987770157,2.941365760507097,12.29879631425316,30
83,stochastic,20083,2.966893831929396,1.516988003774267,2.8584419403272334,30
84,stochastic,20084,1.5090488768349504,1.1055987432277663,2.4244175371377588,30
85,stochastic,20085,0.6580927968541898,0.7049802137118444,1.2862025275407356,30
86,stochastic,20086,1.689061739370962,1.2771028536553493,1.98442560573766,30
87,stochastic,20087,0.4535540241895108,0.5345782371118657,1.6297268202200716,30
88,stochastic,20088,0.5662181816026697,0.7131792045502369,1.4176847308790288,30
89,stochastic,20089,2.02043037385268,1.217362390415281,2.5628787887133204,30
90,stochastic,20090,1.192297512146209,0.9557555268914526,1.776088646885741,30
91,stochastic,20091,1.9028224525592712,1.2132435987193606,2.268594527711647,30
92,stochastic,20092,2.5196734193414256,1.4914344092463738,2.3402558605333743,30
93,stochastic,20093,0.4525203254448182,0.5889242589326737,1.497150021054076,30
94,stochastic,20094,1.7198773213454186,1.2522747396498413,1.8159078232311112,30
95,stochastic,20095,6.214672427259224,2.137690912507761,4.301928685443285,30
96,stochastic,20096,5.311340560064396,1.9687388735451223,4.964787610685427,30
97,stochastic,20097,0.3328851364309336,0.4080579824795597,1.5288425675238693,30
98,stochastic,20098,0.8033607149651513,0.6738874725778964,2.179528313513424,30
99,stochastic,20099,0.5608985802223432,0.62050955180865,1.7227500046199236,30
100,stochastic,20100,0.4919004560356199,0.5062941464337307,1.7946588947117914,30
101,stochastic,20101,23.859094982333037,3.1503577202481554,14.21649238204721,30
102,stochastic,20102,1.0042138005081538,0.9822753725594549,1.255324024447985,30
103,stochastic,20103,0.678044489581647,0.6128564181063836,2.034207867782742,30
104,stochastic,20104,1.6521986012056875,1.0992710663338865,2.3101212226551024,30
105,stochastic,20105,1.2205156094965317,0.8820223889051249,2.490063733428068,30
106,stochastic,20106,1.652000563392662,1.263504848925945,1.6149062745849243,30
107,stochastic,20107,1.5015903652336235,1.198046577873238,1.949755181092752,30
108,stochastic,20108,2.9674749120512445,1.4902112183627452,3.3164271910703085,30
109,stochastic,20109,2.168376604628784,1.4580219583631018,1.6138851708001605,30
110,stochastic,20110,1.8648913186551708,1.3087410102363917,1.8731148444042336,30
111,stochastic,20111,0.9060405833063094,0.8875570478090421,1.2085133296323236,30
112,stochastic,20112,1.6929217580095215,0.995257497423816,3.020039121188878,30
113,stochastic,20113,3.196490714515749,1.5133181625697558,3.0963356638802297,30
114,stochastic,20114,1.2295260140886128,0.9506204038866156,2.0187217092830845,30
115,stochastic,20115,1.789496715806672,1.2677768138467405,1.8967584637442088,30
116,stochastic,20116,1.0589242264184582,0.9998914830478852,1.713437518203285,30
117,stochastic,20117,3.2908140493743905,1.4151857860009571,3.341202147265882,30
118,stochastic,20118,1.3377711258379532,1.1407700312418387,1.3597733221250894,30
119,stochastic,20119,1.4665879972955609,0.9144485569806812,2.8420283394746155,30
120,stochastic,20120,1.4826914892886949,1.0235991889438765,2.05236173039108,30
121,stochastic,20121,1.2719407781471492,1.0597125649508548,2.093078828271031,30
122,stochastic,20122,0.6459448477464032,0.7772431232454183,0.9370924653103544,30
123,stochastic,20123,0.446731947086559,0.4765372932219504,1.7300793517259343,30
124,stochastic,20124,1.0653432846929352,0.9725536854956868,1.4765579034149583,30
125,stochastic,20125,3.3296862868254014,1.5778013030611784,3.511990474712617,30
126,stochastic,20126,1.0921788940845212,1.0263413593539836,1.294596746468686,30
127,stochastic,20127,2.378231455232089,1.4782053714183108,2.1314622080349093,30
128,stochastic,20128,3.2244265656712185,1.589729435891735,2.9652016010825437,30
129,stochastic,20129,1.6340449348659514,1.148426466369176,2.0304323679295693,30
130,stochastic,20130,1.1138927014420943,1.037043472563924,1.2214963703548314,30
131,stochastic,20131,1.541566723504164,0.9781457592425428,2.8612349387101093,30
132,stochastic,20132,0.6541663067271168,0.669529377788695,1.8399128150806647,30
133,stochastic,20133,1.2638012428672325,0.97195415268118,2.116086692082701,30
134,stochastic,20134,1.3720824924421249,1.0589814047252868,1.56228720181798,30
135,stochastic,20135,0.8895879503156401,0.9230000521853636,1.179077360073464,30
136,stochastic,20136,0.6292245231229794,0.5939367699903356,1.961579259025508,30
137,stochastic,20137,2.659667485664132,1.5627317435760313,2.267423182704876,30
138,stochastic,20138,1.6462922781169804,1.1801128836547283,1.954902348960854,30
139,stochastic,20139,0.4088205319011875,0.4506137911355262,1.672712526437045,30
140,stochastic,20140,0.2080873839249939,0.3127857560130911,0.8018285173975932,30
141,stochastic,20141,1.03163288637844,0.997371661518312,1.2414539006530232,30
142,stochastic,20142,1.7954090097380906,1.2898001238487489,1.8170156030138,30
143,stochastic,20143,2.1033373014200407,1.2884678665583542,2.360683020318323,30
144,stochastic,20144,8.346871707234016,2.3394391965571955,5.239938498456048,30
145,stochastic,20145,2.5324031014106048,1.3722153201465388,2.9720199459861463,30
146,stochastic,20146,1.7962777287768603,1.120862440989597,1.4593282178489153,30
147,stochastic,20147,0.8198051064703412,0.681629959610506,2.205700030869536,30
148,stochastic,20148,2.603965381302117,1.4591313382345772,2.3400438303115845,30
149,stochastic,20149,1.0532564491520011,0.966823023483101,1.468961406101116,30
150,deterministic,1150,2.802771215419496,1.5275756268505916,2.634673350045129,30
151,deterministic,1151,0.4327167588956931,0.6020753040578813,1.3729427468813205,30
152,deterministic,1152,0.9420964928787252,0.8850846593142796,1.9431484865209463,30
153,deterministic,1153,0.964315219388864,0.9627502905229466,1.158472405957257,30
154,deterministic,1154,1.5060240832905891,1.208477592035888,1.5198151348283813,30
155,deterministic,1155,0.2032901406233243,0.3160320604567709,1.268549410588091,30
156,deterministic,1156,0.8415737747567409,0.8588480644870573,1.7613310097280102,30
157,deterministic,1157,0.5783916763196214,0.7252189179942686,0.8403191993592776,30
158,deterministic,1158,7.024172180001224,1.837554490547248,1.4086712507057286,30
159,deterministic,1159,2.5214733562842686,1.304268571597806,2.8053567322667154,30
160,deterministic,1160,1.5058555811032124,1.0801183552581228,2.000737011555942,30
161,deterministic,1161,3.5541659261428444,1.6179932029601725,3.2285426189982105,30
162,deterministic,1162,7.941872179001318,1.823641812425357,0.9880137055907114,30
163,deterministic,1163,3.523895757452383,1.46024579133935,3.484280547524003,30
164,deterministic,1164,0.1545641906790183,0.3283241654374578,0.6451397776717478,30
165,deterministic,1165,1.4781330534556347,1.1009347318862013,1.8985344224916865,30
166,deterministic,1166,1.0303293209596165,0.9856086883185146,1.6977940665761633,30
167,deterministic,1167,1.1605400452516423,1.0548141171694985,1.1862114776581536,30
168,deterministic,1168,0.6825457241504588,0.7810411177266614,1.5625510550721624,30
169,deterministic,1169,2.330507125361,1.3145272829706116,2.8265809443132413,30
170,deterministic,1170,2.8907587463907034,1.3529997460633012,3.794813563397172,30
171,deterministic,1171,473.9917568802055,11.843022348345404,70.61732599298401,30
172,deterministic,1172,0.7313212896850374,0.8009110834807801,1.0519713039174994,30
173,deterministic,1173,1.8011758796693167,1.2745444969939432,1.8908733443459775,30
174,deterministic,1174,0.5433515316852827,0.6285235936396035,1.185969984975221,30
175,deterministic,1175,1.4290377915531915,1.12394598796621,1.7145786494155195,30
176,deterministic,1176,1.9276529325321792,1.080323022070656,1.252874418802814,30
177,deterministic,1177,0.7647675339884008,0.6441565316236816,2.154214162516277,30
178,deterministic,1178,2.185248366013101,1.3700950925379416,2.240423957285905,30
179,deterministic,1179,4.810196277609356,1.7501226615465866,3.991429198193538,30
180,deterministic,1180,2.937460259448342,1.63459706959227,2.431251004319178,30
181,deterministic,1181,1.6542758657748706,1.256446752019642,2.051774930146787,30
182,deterministic,1182,0.583984551415081,0.7379137362697852,1.0119471851857835,30
183,deterministic,1183,0.4571342242427805,0.5060147781690515,1.7064577876016285,30
184,deterministic,1184,0.723521068832743,0.7986554583139218,1.6354326700606308,30
185,deterministic,1185,0.6017196165074369,0.7335216431602053,0.9864897229056822,30
186,deterministic,1186,5.757929416097548,2.064100828831543,4.125176867319507,30
187,deterministic,1187,3.3760031532909003,1.586768490585865,3.4825562257952574,30
188,deterministic,1188,0.8043794994533741,0.7928290527170953,1.4242017772831392,30
189,deterministic,1189,0.9661067979742148,0.9212477120914156,1.4212685164470116,30
190,deterministic,1190,1.014532269726766,0.9673816652694112,1.3847308271622822,30
191,deterministic,1191,2.0109628560613704,1.2384257396773626,2.355979915239101,30
192,deterministic,1192,0.7574792164686214,0.8051009854533323,1.2892189774918683,30
193,deterministic,1193,2.717231886256537,1.541568364717808,2.464700064949086,30
194,deterministic,1194,6.148787090776168,2.187786757600373,4.149764098963529,30
195,deterministic,1195,1.366454529976405,0.933614760724477,2.6849593265692064,30
196,deterministic,1196,4.665287179240536,1.3968148320729186,0.7491220282605737,30
197,deterministic,1197,0.2546873883480811,0.4621844813978451,0.6266383092811654,30
198,deterministic,1198,0.5013194025298949,0.5735456592801379,1.6734037855902415,30
199,deterministic,1199,0.7504007786574005,0.7137657778673306,1.409262623621632,30
200,deterministic,1200,0.8781172635926278,0.7136083853617724,2.247417062624705,30
201,deterministic,1201,0.8798843555012915,0.6995750828087198,2.2791843446207354,30
202,deterministic,1202,0.5767994152372097,0.7325871849240391,0.9033886228657924,30
203,deterministic,1203,1.3185380474374973,1.1285344380956217,1.4366238762180954,30
204,deterministic,1204,0.6777806746580478,0.7970021040019152,0.9527580301869824,30
205,deterministic,1205,0.8231103744466844,0.8811869364155005,1.0177976204154875,30
206,deterministic,1206,0.6895793141074065,0.6284237608164316,2.044516716909285,30
207,deterministic,1207,5.819199771010813,1.7378250007120024,1.3239257623126333,30
208,deterministic,1208,1.3418558705034684,0.884925056328945,2.716003438251628,30
209,deterministic,1209,1.0353073248577354,0.9877227836475236,1.7045193672951076,30
210,deterministic,1210,2.8956895002099223,1.5650686002928795,2.641433439923253,30
211,deterministic,1211,0.840022795653611,0.8869999480253073,1.2302140467155849,30
212,deterministic,1212,2.82127966757564,1.4186861289258417,2.9082407817259868,30
213,deterministic,1213,0.6065724554734444,0.5760504506954698,1.9436461441715924,30
214,deterministic,1214,0.608363126515276,0.7485353093269445,0.87934231459647,30
215,deterministic,1215,1.1825817628477802,1.0702602348375396,1.3187133949318923,30
216,deterministic,1216,4.102950497611085,1.759381180259132,3.433750617190974,30
217,deterministic,1217,1.27342679711594,0.844807056351087,2.674177273139934,30
218,deterministic,1218,0.9086880609670248,0.933486263008156,1.1311013833615784,30
219,deterministic,1219,1.830456315962529,1.2493408688101209,2.053291209875855,30
220,deterministic,1220,0.7590940873038251,0.8197766299225657,1.2568145198910043,30
221,deterministic,1221,17.60835334148303,2.7323027973149414,12.016585322036676,30
222,deterministic,1222,2.1273661029470574,1.3281892480432376,2.285978522393844,30
223,deterministic,1223,0.8163282478636318,0.8718012629618083,1.5684374360855315,30
224,deterministic,1224,0.4811417971643417,0.6281444685893856,1.468438924042223,30
225,deterministic,1225,1.971153401011377,1.387758630225323,1.6974979256787073,30
226,deterministic,1226,0.6167376628557216,0.734086656050028,1.1493463868505331,30
227,deterministic,1227,0.3907888848810565,0.4572333073221145,1.6149445319555806,30
228,deterministic,1228,1.373981833301246,0.9139676543336456,2.7315676808568896,30
229,deterministic,1229,13.436836202318782,2.882030229252187,8.35445710399961,30
230,deterministic,1230,1.9176977968920197,1.1599918750344518,1.363535933092741,30
231,deterministic,1231,0.4265982571566322,0.5426079333352302,1.531579339417588,30
232,deterministic,1232,1.010952554436198,0.8922525734161582,1.4857473825678345,30
233,deterministic,1233,31.72811540954489,3.604165918642889,16.20942121522002,30
234,deterministic,1234,1.224344595678965,1.017126319214662,2.147786268491087,30
235,deterministic,1235,0.645218982676611,0.7576947026100245,1.155722719485705,30
236,deterministic,1236,0.8810426388371688,0.7531907126021848,2.1484383721220333,30
237,deterministic,1237,1.7120954666430852,1.227864797926707,2.3901669378257986,30
238,deterministic,1238,0.6827636229870325,0.6078258431893447,2.051617798680915,30
239,deterministic,1239,0.5915970634907078,0.7449924796361949,0.981767912413162,30
240,deterministic,1240,0.5864264898987176,0.7081235004025487,1.542227447780062,30
241,deterministic,1241,4.527379715101265,1.7957818866303463,3.712244096709125,30
242,deterministic,1242,1.7275740590058062,1.1316304550325456,2.433072863996669,30
243,deterministic,1243,1.044822939526463,1.001443878012192,1.2928343765246275,30
244,deterministic,1244,0.8800665782418216,0.9133070359593704,1.052823851315806,30
245,deterministic,1245,0.5177839097290841,0.687967089202807,0.8340423651910736,30
246,deterministic,1246,1.4206763054358178,1.097456547800967,1.799556180026506,30
247,deterministic,1247,1.2258788689142088,1.0144862931853802,1.6754778578977267,30
248,deterministic,1248,1.8073970522060667,1.27508892743141,1.9024963810121327,30
249,deterministic,1249,1.6743700027247683,1.0145424438103194,2.9275966166558867,30
250,deterministic,1250,0.3591140619895458,0.4270118532424257,1.574862970283745,30
251,deterministic,1251,0.3189660186751627,0.5247645219698962,0.8257417546586026,30
252,deterministic,1252,1.0151774847897037,0.781000713178464,2.3621155504874816,30
253,deterministic,1253,0.5869393923436426,0.7414743426873573,0.9411415715785244,30
254,deterministic,1254,1.8998793840609476,1.2819630825752657,2.0619830516745585,30
255,deterministic,1255,1.2974176182565762,0.9367314409527328,2.542695415400254,30
256,deterministic,1256,2.5582123937971004,1.270062395096748,2.888707802828585,30
257,deterministic,1257,0.6971483448415394,0.6531685372554735,1.9850053082538568,30
258,deterministic,1258,5.025099968284229,2.067550368864569,3.49854960529122,30
259,deterministic,1259,0.4493167451371556,0.5822784304892659,1.5053295728811569,30
260,deterministic,1260,2.515736740883362,1.092932743040126,0.7687348769847393,30
261,deterministic,1261,0.5801446016828352,0.6381766850872465,1.7313606264079553,30
262,deterministic,1262,0.7756110529539497,0.7467223272506733,1.5533363918669845,30
263,deterministic,1263,0.7134507737995456,0.7217447369570842,1.8584287605262044,30
264,deterministic,1264,1.249162508733762,0.924856230619453,1.7967504338233955,30
265,deterministic,1265,0.7433698018253304,0.8333734016888974,0.9611109972961244,30
266,deterministic,1266,1.5911813433659856,0.9648638325982014,2.443690394216273,30
267,deterministic,1267,4.500213316022607,1.3987247367055209,0.9567455008244244,30
268,deterministic,1268,1.303064243145018,1.0263349648855988,1.5766458946837512,30
269,deterministic,1269,3.823279809172984,1.58249592270204,3.511569630763318,30
270,deterministic,1270,0.4342809467071318,0.6289984656868639,0.8957489699817391,30
271,deterministic,1271,0.8988287300319162,0.9100732375263364,1.682693457978817,30
272,deterministic,1272,0.6227560211775972,0.7637277063092701,1.0378278741745357,30
273,deterministic,1273,0.8439930938442153,0.8234611952197538,1.2968832208694194,30
274,deterministic,1274,1.4154005690896194,1.0790814494053365,2.333698683901418,30
275,deterministic,1275,1.131014448863172,1.0307728097632352,1.4217870181581764,30
276,deterministic,1276,1.3421293501930935,1.048081947083538,1.804124824667356,30
277,deterministic,1277,2.7606320887933684,1.369115320376459,3.5932728553643054,30
278,deterministic,1278,2.6898695043491525,1.1241146400593132,0.7467106046446028,30
279,deterministic,1279,0.581377704245695,0.5963715038173982,1.8347706149585628,30
280,deterministic,1280,5.119075734538204,1.813655772964337,4.106118975499374,30
281,deterministic,1281,1.1104016858042007,0.8287512051655532,2.4243853333569847,30
282,deterministic,1282,0.6811930506953998,0.6147003781075496,2.043503319519382,30
283,deterministic,1283,2.846299687461708,1.3971701488673118,2.968872842266166,30
284,deterministic,1284,0.8102081265465231,0.8641199924567396,1.601616772819357,30
285,deterministic,1285,5.016880363187012,1.906071859298308,3.884074835109142,30
286,deterministic,1286,0.8692252672491356,0.7033136998978797,2.2607852000066004,30
287,deterministic,1287,1.5745770348660226,1.1636681652145564,1.874270071906819,30
288,deterministic,1288,0.8680128719396506,0.6977061727738482,2.2611424546308942,30
289,deterministic,1289,0.7034462788801856,0.7030879734115603,1.8772245323508912,30
290,deterministic,1290,0.8850690819478271,0.6897964560947752,2.2946287114064527,30
291,deterministic,1291,0.9231543043072992,0.874741088689597,1.4500504401914005,30
292,deterministic,1292,0.8121592918734944,0.8288031514828398,1.3437400032182425,30
293,deterministic,1293,2.3221945411563745,1.4992086311097663,1.906222126941852,30
294,deterministic,1294,1.9933302539982207,1.380246884546951,1.8199761097194704,30
295,deterministic,1295,1.012983915453743,0.798992298230379,2.3067079285450047,30
296,deterministic,1296,1.740085550566967,1.2625264717970874,1.8159567326504111,30
297,deterministic,1297,0.8874407514793391,0.7575201950929835,2.2021556866676346,30
298,deterministic,1298,0.7916757516608448,0.7332388925753606,2.0031298861254765,30
299,deterministic,1299,5.005125866473106,1.745700850489613,4.245850946386385,30
150,stochastic,20150,0.8977342564945182,0.7588763435134886,2.1697659950117325,30
151,stochastic,20151,1.2354249694860389,0.9758179437239638,1.3806571586629464,30
152,stochastic,20152,0.0930824767370678,0.2449944639769256,0.3376316776407315,30
153,stochastic,20153,0.6443392196200871,0.7387232744016232,1.6230961053499784,30
154,stochastic,20154,2.481338812334617,1.4431775639682582,2.4530620382938144,30
155,stochastic,20155,0.7668639339020589,0.8521215625055857,1.0186163909861814,30
156,stochastic,20156,1.0792929830632136,0.954435929803573,2.0358760102381943,30
157,stochastic,20157,2.3000116392467778,1.4862271565961431,2.3437803060135805,30
158,stochastic,20158,1.3488792070523952,1.0819075935762434,1.7020236160623627,30
159,stochastic,20159,3.732190252683684,1.689618470128173,3.245501260019488,30
160,stochastic,20160,2.127661089480368,1.3316025964194882,2.275996511198682,30
161,stochastic,20161,0.8803347514978044,0.7605696578657886,1.6205058876530822,30
162,stochastic,20162,6.711531409734118,1.8248572827522331,1.6138917635374168,30
163,stochastic,20163,2.109135341843748,1.3137510851059542,2.3012580395801665,30
164,stochastic,20164,1.3806589222480277,1.0636902609298355,1.830255176391137,30
165,stochastic,20165,0.66711248906848,0.6352997870440119,0.7278584009800027,30
166,stochastic,20166,3.038374344042216,1.573926627707858,2.595467643096224,30
167,stochastic,20167,1.2961879882178862,0.8574864122661847,2.6960293806383118,30
168,stochastic,20168,2.638296208819184,1.5867998277804671,2.092486253245937,30
169,stochastic,20169,0.9378073458734976,0.8290630138723576,2.0827213327656966,30
170,stochastic,20170,1.6505581174866557,1.2573904457176186,1.6511493538276911,30
171,stochastic,20171,3.071176080808817,1.3598806634768197,3.2399087873251595,30
172,stochastic,20172,0.8192175537307298,0.6698493641765775,2.2161273612952463,30
173,stochastic,20173,1.1572862309352836,1.010039027551402,1.546994675801172,30
174,stochastic,20174,1.3122707500126956,0.8885193484482503,2.650423768640422,30
175,stochastic,20175,0.5026668325682775,0.5293126483462397,1.7811680958611928,30
176,stochastic,20176,1.1753945203476244,0.8633116827699187,2.455464936006261,30
177,stochastic,20177,17.34233058503799,3.251793592667132,9.46172305468476,30
178,stochastic,20178,0.3516822850562924,0.3996179127285547,1.0532861094501766,30
179,stochastic,20179,1.2676966823623208,0.9752230993649704,1.2072337095726056,30
180,stochastic,20180,0.4147115131499481,0.4623713584233954,1.6748418862471943,30
181,stochastic,20181,0.9903046585926856,0.9716178673060816,1.109732450159027,30
182,stochastic,20182,1.8865935486374577,1.2294265441759695,2.204967186149285,30
183,stochastic,20183,0.7648492532168456,0.7487267555458494,1.4258839848616116,30
184,stochastic,20184,0.8025714554782775,0.8637209378860999,1.2185436064506432,30
185,stochastic,20185,2.7559670798519957,1.539406056906428,2.531319068701557,30
186,stochastic,20186,2.9464352256887185,1.6721848647467137,2.2331528241938967,30
187,stochastic,20187,0.5883059064610975,0.5540150135117451,1.9350396638814769,30
188,stochastic,20188,3.010597884512211,1.5155873752005689,2.908430471053401,30
189,stochastic,20189,0.5690890844157218,0.7165814187916146,1.4089412419397795,30
190,stochastic,20190,10.03926637657946,2.567768857266111,5.75961828504242,30
191,stochastic,20191,0.4681167584956083,0.6502953194340189,0.79292308733638,30
192,stochastic,20192,1.2083792180416475,1.0679322043126542,1.8276738208519172,30
193,stochastic,20193,1.4730673886992989,1.043101909921568,2.2296258945526257,30
194,stochastic,20194,0.5463032497158173,0.7124476861918325,0.97995177008761,30
195,stochastic,20195,2.0905408992591683,1.1101678731216942,2.8018212938089326,30
196,stochastic,20196,1.068327517496337,0.959557080597833,1.5156650943801038,30
197,stochastic,20197,2.8246098563907047,1.4720960220938637,2.804680419294152,30
198,stochastic,20198,3.336824281565997,1.4305674752552138,3.35116573948651,30
199,stochastic,20199,0.3821027956725076,0.5001497695326202,1.027602974551138,30
200,stochastic,20200,1.377254341626071,0.970426696736091,1.8714383492636772,30
201,stochastic,20201,1.0065711289965131,0.984330677802394,1.2404759106626806,30
202,stochastic,20202,0.6029970982600661,0.7348986259741723,1.4693095916549748,30
203,stochastic,20203,1.5526281048240291,1.230700533947605,1.490878790541224,30
204,stochastic,20204,0.4743754999268568,0.5367946548056682,1.6852267470859048,30
205,stochastic,20205,4.374778219059031,1.640234627595107,3.874799770869495,30
206,stochastic,20206,3.036502481102586,1.6696094930663363,2.4355822631615958,30
207,stochastic,20207,2.347580129077633,1.3357086062555852,2.5606729236221977,30
208,stochastic,20208,57.8958971634784,4.97548919619256,20.477209395177773,30
209,stochastic,20209,1.7072166733321534,1.2594154977319825,1.7664877199421298,30
210,stochastic,20210,0.8108072760288355,0.7250886345526022,1.5563007826656632,30
211,stochastic,20211,2.666905988897551,1.2542768833454438,3.043569661313909,30
212,stochastic,20212,2.409901980353359,1.405699994417148,2.4652443155575643,30
213,stochastic,20213,3.4492896326159475,1.7908796671614655,2.5438464983371265,30
214,stochastic,20214,2.8907133684030453,1.1272574123863697,0.8361342403457552,30
215,stochastic,20215,0.7022971677251952,0.7993686757968407,1.5358230266630488,30
216,stochastic,20216,3.159894715286212,1.4901738457635918,3.7116849574406823,30
217,stochastic,20217,1.0937883137549318,0.8831943491101151,2.2504248720566595,30
218,stochastic,20218,0.890659329777485,0.7151402270666715,2.270073377246285,30
219,stochastic,20219,0.5993577592722369,0.6907671108508829,1.650405507689371,30
220,stochastic,20220,0.3915499409518114,0.4445706693357172,1.6354206633996269,30
221,stochastic,20221,1.328822647932063,1.1015936610236592,2.0404542445799065,30
222,stochastic,20222,34.70738779984933,3.80272479763706,17.232414009918923,30
223,stochastic,20223,0.5085841416238563,0.5533353896357102,1.7761297598823358,30
224,stochastic,20224,7.631008857039569,1.867663084615305,1.4061327062009925,30
225,stochastic,20225,1.607351598236897,1.0926691324233695,2.3580412741467645,30
226,stochastic,20226,1.4656033176824632,0.90604407111311,2.235108271954455,30
227,stochastic,20227,1.2381214994918746,1.0913015543934896,1.410003960585931,30
228,stochastic,20228,1.1857957384372526,0.8294537281610649,2.5728673354976257,30
229,stochastic,20229,0.7497560063745858,0.7925987081788801,1.7502962626781755,30
230,stochastic,20230,0.8653092571501677,0.9101963861193694,1.11522539307337,30
231,stochastic,20231,0.9239195562814349,0.8076997409051994,2.103124806994485,30
232,stochastic,20232,0.4561907384522173,0.6306550779140883,1.340289378122737,30
233,stochastic,20233,4.267844173161356,1.8466735628770523,3.383805384326341,30
234,stochastic,20234,2.6238598259884864,1.4643757092098912,2.3627752516033467,30
235,stochastic,20235,2.4362154705729218,1.508860850757325,2.087138124336132,30
236,stochastic,20236,1.7256330074320192,1.198665117726438,2.0364191680502786,30
237,stochastic,20237,1.3374386036816677,1.096915193781631,1.6285497232307338,30
238,stochastic,20238,0.2046943113859891,0.3694684089627691,0.7595614949600757,30
239,stochastic,20239,2.7134980240820923,1.632481073786634,1.9569748065062316,30
240,stochastic,20240,4.154099705085453,1.8111497917940536,3.363682706075269,30
241,stochastic,20241,0.4960435771307753,0.6777869133825749,0.9164655728111768,30
242,stochastic,20242,2.0978700407227,1.3830859016899006,2.018172693307255,30
243,stochastic,20243,2.7029132252472743,1.632247014646807,1.8993872275792745,30
244,stochastic,20244,0.3676682652072311,0.5752981897998563,0.7836872196965081,30
245,stochastic,20245,1.3233492329912973,1.0013593467565938,2.2677691620851808,30
246,stochastic,20246,1.6639493374217469,1.0360823084810455,2.9225304878042677,30
247,stochastic,20247,2.082281603633523,1.2308664877377753,2.9474750415059177,30
248,stochastic,20248,5.989990218294537,1.6455767682666211,1.2329019584921008,30
249,stochastic,20249,0.3400654944881797,0.5306300784973981,1.2404525613198902,30
250,stochastic,20250,0.4789447379475377,0.6461475625965252,1.3725614382525264,30
251,stochastic,20251,2.5192580203944126,1.4510219475106827,2.4825768782822357,30
252,stochastic,20252,1.4121147094273334,1.137982515163946,1.637426523675566,30
253,stochastic,20253,0.7599058197898245,0.6352702458645891,2.15316612416914,30
254,stochastic,20254,1.242501500085988,0.967066263307472,2.1290236590780887,30
255,stochastic,20255,3.586556444947836,1.2349773450220691,0.8032873374903955,30
256,stochastic,20256,2.512285623971404,1.417579238883235,2.1636694264929,30
257,stochastic,20257,0.1791534669826926,0.317065577093119,1.131142234279923,30
258,stochastic,20258,1.2407548091763163,0.9157731321932996,1.7525128974724242,30
259,stochastic,20259,1.7047540412436957,1.1737016036164414,2.559961815673368,30
260,stochastic,20260,4.037443793945871,1.357136907160596,1.0807687700158732,30
261,stochastic,20261,2.3164054878612363,1.23427936253617,3.373751138330743,30
262,stochastic,20262,0.8026960230344893,0.6932353770165468,2.131438604805247,30
263,stochastic,20263,1.5521925523212574,0.9601071135475836,2.420703414087084,30
264,stochastic,20264,1.679608508088517,1.2751388529621266,1.6197217632323888,30
265,stochastic,20265,1.128521861234151,0.9448461638068252,1.616993946109334,30
266,stochastic,20266,0.821836126146271,0.7891509529604762,1.940024199258892,30
267,stochastic,20267,0.1143281243696874,0.2528647844235559,0.9398319839352588,30
268,stochastic,20268,2.2186859010536475,1.4449323943822834,1.9703523498061788,30
269,stochastic,20269,4.601588908991329,1.7136068890807397,3.896300606551579,30
270,stochastic,20270,1.406359786258235,0.907086209386594,2.780109497068667,30
271,stochastic,20271,2.098403908681636,1.3576356948801265,2.135398812668603,30
272,stochastic,20272,0.7964655840302726,0.8715923714210332,1.0778635399304373,30
273,stochastic,20273,0.9187370261764888,0.86436709947961,1.2731463366408058,30
274,stochastic,20274,1.8447063640995995,1.226816732606212,2.0193389816556424,30
275,stochastic,20275,1.085025003372354,1.0239385062148232,1.2357920804896692,30
276,stochastic,20276,0.6132493969543868,0.5904196752730888,1.930900169432675,30
277,stochastic,20277,1.1985055648163985,1.0646786294788384,1.4456711254522183,30
278,stochastic,20278,1.2291446077671304,1.087209691800153,1.2217579608856746,30
279,stochastic,20279,0.660936571253496,0.7803720742059825,0.8971133069312436,30
280,stochastic,20280,3.4290186886047027,1.644500899443945,3.0489179952340417,30
281,stochastic,20281,0.3849983348545836,0.4475334980006958,1.614927978523126,30
282,stochastic,20282,1.1906502342136327,1.0342737057827218,1.5410389404334492,30
283,stochastic,20283,6.018443342901559,1.7990964329639154,1.3127058511511775,30
284,stochastic,20284,224.7184105910337,7.999180267044357,50.84186164937432,30
285,stochastic,20285,1.7950065891374158,1.1387776815499868,2.342347262286888,30
286,stochastic,20286,0.7783853342651923,0.856327010509915,1.1651237843900173,30
287,stochastic,20287,0.500149821663223,0.5519971228068645,1.7221416680320936,30
288,stochastic,20288,0.6810270391722861,0.8022069563693058,0.9970800517950646,30
289,stochastic,20289,1.0665405800049768,0.8739403211105169,2.222173540210437,30
290,stochastic,20290,5.144596174907818,1.8250366993705385,5.137009138132664,30
291,stochastic,20291,0.8996458365327621,0.917018209781131,1.27898663994708,30
292,stochastic,20292,0.8749338758188578,0.8187362001312867,1.8292071236865477,30
293,stochastic,20293,15.204159700270155,2.567538909040348,11.26179659694644,30
294,stochastic,20294,0.9233632124836776,0.9240035905950772,1.691836544371507,30
295,stochastic,20295,0.9002250611097306,0.8292390249386796,2.0085421940152064,30
296,stochastic,20296,2.421881435407551,1.427292685736636,2.417037727817441,30
297,stochastic,20297,1.782229308927142,1.0421552756415775,2.416513497175318,30
298,stochastic,20298,0.9039374915029496,0.8552208259185244,1.2467251371804258,30
299,stochastic,20299,1.3923136663111055,1.146311860576929,1.953101706921604,30
