noise_level,degree,local_id,target_noise,noise_actual,seed,coeff_scale,coeff_offset,coeff_mean,coeff_std,coeff_max,deviation
low,1,0,0.229416,0.229416,1,2.5514924197508106,3.105038379014906,-3.2625148866975007,22.592609063935505,25.855123950633004,0.0
low,1,1,0.229416,0.229416,2,2.631178588996416,0.8829639418492523,-13.029568644623648,3.3713258676906515,16.4008945123143,0.0
low,1,2,0.229416,0.22941599999999998,3,3.1133511908132174,3.0660730323779353,-1.8927094794314767,14.478847297480904,16.37155677691238,2.7755575615628914e-17
low,1,3,0.229416,0.22941600000000004,4,4.861525323857442,2.5511431973623115,8.491412386813082,3.234686587338044,11.726098974151125,2.7755575615628914e-17
low,1,4,0.229416,0.22941599999999993,5,1.7323713185769058,3.5863433797676043,23.08306638176384,1.2496833811500778,24.332749762913917,8.326672684688674e-17
low,1,5,0.229416,0.229416,6,4.550012636031207,1.8623353769637672,-3.028539223691551,14.845698539518652,17.874237763210203,0.0
low,1,6,0.229416,0.22941600000000004,7,1.1204948153706202,3.2957401351683666,-4.8297155943227885,18.734657476979603,23.56437307130239,2.7755575615628914e-17
low,1,7,0.229416,0.229416,8,4.468403491725629,3.899330121026982,-19.400573811949833,1.3021414286503479,20.70271524060018,0.0
low,1,8,0.229416,0.229416,9,0.8435714463199399,2.405998694875964,0.21619840400353585,11.677744787548505,11.893943191552042,0.0
low,1,9,0.229416,0.229416,10,4.039546701720333,0.8664062379500849,26.007358433357822,42.0944087203668,68.10176715372462,0.0
low,1,10,0.229416,0.229416,11,1.5571326932824308,0.8623207727603988,-1.4067818809525736,11.652838952752576,13.05962083370515,0.0
low,1,11,0.229416,0.2294160000000001,12,1.447483937994624,3.1681590288492956,-12.757547030319738,0.09543040465946273,12.852977434979202,8.326672684688674e-17
low,1,12,0.229416,0.229416,13,4.066350124410045,1.5601319041117194,3.5726779584449817,15.048659254349428,18.62133721279441,0.0
low,1,13,0.229416,0.22941600000000004,14,2.9585620438452995,3.2741281666537496,0.7265275455787314,15.580121532125874,16.306649077704606,2.7755575615628914e-17
low,1,14,0.229416,0.22941600000000006,15,4.365034328528031,1.3724669597471952,12.143954700985564,24.19435364093312,36.33830834191868,5.551115123125783e-17
low,1,15,0.229416,0.22941600000000004,16,1.7378225324448633,2.4741226924821635,-14.453707309806198,1.1677359065683799,15.621443216374578,2.7755575615628914e-17
low,1,16,0.229416,0.229416,17,2.037593011285861,2.4978776179369415,10.549368437977593,2.6144391670163287,13.163807604993922,0.0
low,1,17,0.229416,0.22941600000000006,18,3.531571815306285,2.4174507959514973,0.4386136478442637,36.58441267864418,37.02302632648844,5.551115123125783e-17
low,1,18,0.229416,0.22941600000000004,19,1.2096411273476968,3.23599909335954,14.343632928796357,2.507436102656442,16.8510690314528,2.7755575615628914e-17
low,1,19,0.229416,0.229416,20,3.270149364524552,3.6726839293101374,-1.7871616330700304,17.427164322287705,19.214325955357737,0.0
low,1,20,0.229416,0.22941599999999998,21,1.0046444993983346,1.725150911327414,-0.48580713291364397,16.643576302057426,17.12938343497107,2.7755575615628914e-17
low,1,21,0.229416,0.229416,22,1.675534256907139,2.341379397642771,12.259173937020208,0.0897815817616312,12.348955518781839,0.0
low,1,22,0.229416,0.229416,23,2.972651112155675,3.8302803322074057,-1.3401059259212804,17.778907324162333,19.119013250083615,0.0
low,1,23,0.229416,0.229416,24,4.832072674010858,3.038438559838643,17.875677057056006,0.3949472745570546,18.27062433161306,0.0
low,1,24,0.229416,0.229416,25,4.45452137383429,2.6632861717521914,-21.99044220012894,4.010348379412383,26.00079057954132,0.0
low,1,25,0.229416,0.22941599999999998,26,2.093326801024878,2.4620527337769627,11.751541177423139,0.99753971149301,12.749080888916149,2.7755575615628914e-17
low,1,26,0.229416,0.22941600000000004,27,2.5880299241793625,3.4066679695825686,13.736353261379382,0.9192277722880418,14.655581033667424,2.7755575615628914e-17
low,1,27,0.229416,0.22941599999999995,28,3.8618577176143,2.5959667274484515,12.084303893375537,32.493149585192384,44.57745347856792,5.551115123125783e-17
low,1,28,0.229416,0.22941599999999998,29,4.427791939394348,1.7116990887284058,-17.294255555043904,9.794941796616703,27.089197351660605,2.7755575615628914e-17
low,1,29,0.229416,0.229416,30,3.5054028514870073,2.0183951668323727,7.513856261841387,13.769494842559126,21.283351104400513,0.0
low,2,0,0.229416,0.229416,31,2.0014260509741657,3.8659378128608006,-17.057274604573568,26.444397917714625,42.46285025822588,0.0
low,2,1,0.229416,0.22941600000000004,32,4.407334922630767,1.992675695920896,0.2671541237249748,13.677179087805895,18.206494833720757,2.7755575615628914e-17
low,2,2,0.229416,0.22941599999999995,33,1.8437425352384658,2.2399213473625457,7.507364046443267,16.471984515586605,22.681476395631346,5.551115123125783e-17
low,2,3,0.229416,0.22941599999999998,34,0.9619590597019206,3.29632147367896,19.921063025679967,46.95281852287295,55.47571865989791,2.7755575615628914e-17
low,2,4,0.229416,0.22941599999999993,35,2.7238307825411807,1.7867187422877173,-22.824099950586646,50.785263467641414,72.46607017290506,8.326672684688674e-17
low,2,5,0.229416,0.229416,36,3.859730204702048,2.7251654795846827,10.082419712895549,1.953307410568354,12.840131619077077,0.0
low,2,6,0.229416,0.229416,37,4.766885732000689,2.285114157774104,-10.66468100225154,5.278629395128997,16.016994714921527,0.0
low,2,7,0.229416,0.22941600000000004,38,2.4160471019703236,3.551065109089981,0.3389460238926576,8.679836078506538,11.935764479406334,2.7755575615628914e-17
low,2,8,0.229416,0.22941599999999995,39,3.09693445581049,3.353276868104337,-12.291209375128021,62.2841900040376,74.01487485697415,5.551115123125783e-17
low,2,9,0.229416,0.22941600000000004,40,2.512285517937202,0.9771713283579523,-3.6231354668816693,6.693638501670169,11.471817671949834,2.7755575615628914e-17
low,2,10,0.229416,0.22941600000000006,41,1.8538792197287488,0.9475066261523577,1.7711733644972771,43.80845027336514,62.492171535590074,5.551115123125783e-17
low,2,11,0.229416,0.22941599999999998,42,2.3730684991589226,3.842285780511732,-7.714657852060495,0.4916412652337767,8.389994261775417,2.7755575615628914e-17
low,2,12,0.229416,0.22941599999999995,43,1.2832291788370718,2.7490129256943403,22.158972484769652,51.99305885154634,69.09437502579635,5.551115123125783e-17
low,2,13,0.229416,0.22941599999999995,44,4.306337024395728,1.1353475339835832,-8.966981450289325,26.58459171435419,46.558911622478384,5.551115123125783e-17
low,2,14,0.229416,0.22941599999999998,45,4.95384835659752,2.5585431259031215,-12.690403415345644,23.15974918237783,29.49235206622824,2.7755575615628914e-17
low,2,15,0.229416,0.22941599999999995,46,4.092095873384153,2.831467859368737,-9.283522889235904,1.4247045170629091,10.97476173792498,5.551115123125783e-17
low,2,16,0.229416,0.22941600000000004,47,1.276651581953328,3.918345902196662,3.369162031814684,7.327519633549345,9.179948215451912,2.7755575615628914e-17
low,2,17,0.229416,0.22941600000000004,48,0.8734591379108411,3.6530344549768268,-3.1376156300203064,9.108524994415497,10.639828380042845,2.7755575615628914e-17
low,2,18,0.229416,0.22941599999999998,49,2.064050714594841,1.5905978622778063,-7.2044975435924075,2.538591097955968,10.257808575328113,2.7755575615628914e-17
low,2,19,0.229416,0.229416,50,2.87732691125969,1.529865934237876,-8.697678752389526,18.35871687705624,25.238882435636697,0.0
low,2,20,0.229416,0.22941600000000004,51,3.6380719451149197,0.9430789830494274,9.021443642944293,1.665423901796184,10.954407940750071,2.7755575615628914e-17
low,2,21,0.229416,0.229416,52,4.257063430981126,0.8835775410235756,-3.8190404491955277,4.641526877917095,8.108484893947551,0.0
low,2,22,0.229416,0.22941600000000004,53,4.355982110282563,2.5957297288481094,-23.16226074917176,60.78980768424609,74.88053080885302,2.7755575615628914e-17
low,2,23,0.229416,0.22941599999999998,54,2.5647684619912505,1.962366390288274,-0.39389402394754214,13.13931813431941,18.034671510692615,2.7755575615628914e-17
low,2,24,0.229416,0.22941600000000004,55,1.1910548040218036,3.90929894396732,-14.140044055090321,32.74767605416974,40.41095908904837,2.7755575615628914e-17
low,2,25,0.229416,0.229416,56,4.933605772278822,1.8669192512468908,-7.577040371650163,17.606748230264053,29.205269976819856,0.0
low,2,26,0.229416,0.22941600000000004,57,1.1668685001891352,1.5375267185655297,-5.076835677454016,0.5886292038942541,5.535245535842819,2.7755575615628914e-17
low,2,27,0.229416,0.22941599999999998,58,2.3334434486953146,2.243858930858681,6.353644509308201,2.33192019654077,9.375173481156116,2.7755575615628914e-17
low,2,28,0.229416,0.22941600000000006,59,4.680947485412586,1.3051858577113342,13.564755863504667,22.442972139478226,33.90007031925793,5.551115123125783e-17
low,2,29,0.229416,0.22941599999999995,60,2.063667986195799,1.3982266122940097,-3.3874837479224413,5.228144414034954,7.924889819299111,5.551115123125783e-17
low,3,0,0.229416,0.22941600000000004,61,4.262771798835784,1.3803191439910392,2.7495791700837025,27.103934611150105,44.839663979134976,2.7755575615628914e-17
low,3,1,0.229416,0.229416,62,0.941769783777475,2.365144025489871,2.901065128782816,0.3890045161354244,3.4007684923284267,0.0
low,3,2,0.229416,0.229416,63,3.1265522945024626,2.0679932598571735,-5.68050201847786,6.985288747094143,12.368961128450414,0.0
low,3,3,0.229416,0.229416,64,2.3922138068218346,2.614714134974765,-9.845849930719428,14.834388746493067,22.869618973291622,0.0
low,3,4,0.229416,0.22941600000000004,65,1.7183092106182656,0.9004887024082578,-6.356213574686174,26.35979115058406,36.6757286509726,2.7755575615628914e-17
low,3,5,0.229416,0.22941600000000004,66,1.4480078281513584,1.227838594240211,1.090334427495843,12.980945592485678,16.98035668300859,2.7755575615628914e-17
low,3,6,0.229416,0.229416,67,3.09257600572691,3.5483411538923493,2.7524177128006557,5.132216857390842,7.061095088021169,0.0
low,3,7,0.229416,0.22941600000000004,68,1.8893601737834624,0.9387553637180809,-2.07939942731658,4.791198111513691,7.066763550576112,2.7755575615628914e-17
low,3,8,0.229416,0.22941600000000004,69,2.044246479024221,3.3890166901546452,-0.8799657004729027,9.744915651855619,12.285938494003721,2.7755575615628914e-17
low,3,9,0.229416,0.22941600000000004,70,4.6954182621996265,3.59176414210949,-2.6833218567268267,28.47870238981492,37.9755658849132,2.7755575615628914e-17
low,3,10,0.229416,0.22941599999999998,71,1.5794161542378653,2.037117769734624,0.3087558875707819,11.094753484715216,13.038169338054551,2.7755575615628914e-17
low,3,11,0.229416,0.22941600000000004,72,1.2483004494723051,2.9898964264918,0.9838222166389405,18.807927869864177,21.32971714656205,2.7755575615628914e-17
low,3,12,0.229416,0.22941600000000004,73,3.4992976463015317,2.5235869791006302,-5.567562839460206,14.537988488772083,21.928293984184922,2.7755575615628914e-17
low,3,13,0.229416,0.22941600000000004,74,1.6492496324070136,3.3105523331537947,5.651666062994172,6.519477150051852,11.9731430392527,2.7755575615628914e-17
low,3,14,0.229416,0.22941600000000006,75,3.1895489245008317,1.011085528286216,1.4898886508595666,6.998526525197459,10.599599306301632,5.551115123125783e-17
low,3,15,0.229416,0.229416,76,2.105485158976692,3.42075910630032,-3.5888478147301646,4.642078160844403,8.235589064290027,0.0
low,3,16,0.229416,0.22941599999999995,77,4.660257933556564,2.8550259197563372,-16.166500653222887,35.6367523815005,44.835541320258756,5.551115123125783e-17
low,3,17,0.229416,0.22941600000000004,78,1.0023611555009984,2.9790816443766976,-10.28930998630226,19.445558930432274,23.35603810897408,2.7755575615628914e-17
low,3,18,0.229416,0.22941600000000004,79,2.9028061306296014,2.2978157630339684,-6.891189979359712,9.844532851607294,13.49268379872766,2.7755575615628914e-17
low,3,19,0.229416,0.22941600000000004,80,2.9920460093010703,3.038100374446925,1.6971209589827785,13.753418453784159,21.822791686319615,2.7755575615628914e-17
low,3,20,0.229416,0.22941600000000004,81,2.2927602947819934,1.8907164054057652,-1.0582835271547926,12.139522797122034,14.691731449427042,2.7755575615628914e-17
low,3,21,0.229416,0.22941600000000006,82,1.9559478131656183,2.8455384349608632,-0.021248680623067617,12.097658764708587,13.266738249500436,5.551115123125783e-17
low,3,22,0.229416,0.22941600000000004,83,1.8795781938415876,2.9881202658274324,7.162088719008777,17.823535733700687,23.54403687956046,2.7755575615628914e-17
low,3,23,0.229416,0.229416,84,0.9933721732522391,1.9847754115699177,5.874925644471652,8.48502219334247,12.040419868140845,0.0
low,3,24,0.229416,0.229416,85,3.4055700211236752,2.428649819665303,11.006873013532672,12.83335067249668,21.13914144254862,0.0
low,3,25,0.229416,0.22941599999999995,86,1.6509492052413401,1.4626979329951142,-1.308347438700462,7.819087675904604,12.044059737574635,5.551115123125783e-17
low,3,26,0.229416,0.229416,87,3.5563095779784186,3.855684406122328,4.228815293560774,0.8088708612379609,5.098569273916536,0.0
low,3,27,0.229416,0.22941600000000004,88,3.5197144072826987,2.4228790022818565,-7.378803780347982,9.43276951504886,17.606850782295552,2.7755575615628914e-17
low,3,28,0.229416,0.22941600000000004,89,2.898716145969103,1.6189988297973448,-4.964244857698193,1.7643669806700886,6.869096296120867,2.7755575615628914e-17
low,3,29,0.229416,0.22941600000000004,90,1.442827634817817,1.3045941152301035,8.178885240751931,14.155232989250905,21.25247988129517,2.7755575615628914e-17
low,4,0,0.229416,0.229416,91,1.6442151036954904,1.8528654927749824,3.02757484168892,4.204850061897287,6.578779667182355,0.0
low,4,1,0.229416,0.22941599999999998,92,4.520698097638028,3.3234610137719187,-4.9654298409472295,6.12577117506459,13.571573706859516,2.7755575615628914e-17
low,4,2,0.229416,0.229416,93,3.346688218661197,2.90403701957701,-1.0794066865566634,17.240464244450475,21.166841098074148,0.0
low,4,3,0.229416,0.22941600000000004,94,3.8214203022246256,2.7431077619903665,-8.50250337122518,19.125881774972697,25.76034305905306,2.7755575615628914e-17
low,4,4,0.229416,0.22941600000000004,95,1.760974647738985,1.4102016595973854,6.753495919927962,38.97018183194853,52.51405316503269,2.7755575615628914e-17
low,4,5,0.229416,0.22941599999999998,96,1.701684933870672,3.7104075882933234,1.3787229174325555,5.695581497826387,6.966140884447228,2.7755575615628914e-17
low,4,6,0.229416,0.22941600000000004,97,4.3151653219109996,3.904754726209055,4.218607413871705,4.1810648158260975,7.956229474168969,2.7755575615628914e-17
low,4,7,0.229416,0.2294160000000001,98,3.875522441889178,2.6150048494428315,2.8589822879449422,8.023421605736852,15.212038720329666,8.326672684688674e-17
low,4,8,0.229416,0.22941600000000004,99,3.623569946249326,2.361850877569868,11.079791443935136,22.297435562885436,33.03985429969652,2.7755575615628914e-17
low,4,9,0.229416,0.22941600000000004,100,3.0823007555220547,1.690782032300148,9.718515356181566,18.383886558197148,34.69067598798734,2.7755575615628914e-17
low,4,10,0.229416,0.22941600000000004,101,2.968874236350274,2.6261362779780475,-1.311150769345725,10.910826174270186,13.599349183652416,2.7755575615628914e-17
low,4,11,0.229416,0.22941599999999998,102,3.3102626567314655,2.963158093991309,1.8438754971540505,29.652560193376814,43.07290912363729,2.7755575615628914e-17
low,4,12,0.229416,0.22941600000000004,103,2.614867063523791,1.357488842236258,1.0075841208978722,7.220892401350096,9.140857165802426,2.7755575615628914e-17
low,4,13,0.229416,0.22941599999999998,104,1.4212666222619559,1.5305547423998929,0.0001821176121996615,11.751767837829366,14.417467724753973,2.7755575615628914e-17
low,4,14,0.229416,0.22941600000000004,105,1.1517076803648052,1.8672201359328033,-6.083947849283032,7.62694239097505,12.470464606029875,2.7755575615628914e-17
low,4,15,0.229416,0.229416,106,0.835972150543192,3.853781353861552,1.3085956813377742,6.0939506491777395,6.78657707125394,0.0
low,4,16,0.229416,0.22941600000000004,107,1.4833608296695666,3.21529880848432,4.248253253301484,4.665357706716754,7.850660674333131,2.7755575615628914e-17
low,4,17,0.229416,0.229416,108,1.781166771131145,0.9100403907303782,-1.1471722486736524,6.612287162592039,8.849922536364115,0.0
low,4,18,0.229416,0.22941599999999993,109,3.368134148930001,2.37256449456736,-20.89116192956773,23.898198092258255,61.89991123067001,8.326672684688674e-17
low,4,19,0.229416,0.229416,110,1.2874472216813544,2.9070572215876913,-2.1709839446286425,8.452425785575006,10.816222737321691,0.0
low,4,20,0.229416,0.22941600000000004,111,3.3711147375939987,1.3410232139060367,3.0531656874922235,5.1749629063558045,7.713613382837181,2.7755575615628914e-17
low,4,21,0.229416,0.22941600000000004,112,2.3752399412677976,2.8489747837524613,-2.3816398264961185,18.420094553364848,27.312367544540333,2.7755575615628914e-17
low,4,22,0.229416,0.229416,113,4.378339069466371,1.036491516295232,5.431633904625369,4.528210839952574,11.218729568826298,0.0
low,4,23,0.229416,0.22941600000000004,114,1.4368542621356162,3.5799848983722002,4.048399578176709,6.968772537942931,9.86185889815975,2.7755575615628914e-17
low,4,24,0.229416,0.22941599999999998,115,1.6235877009077457,3.0488780825485344,1.5592844478785384,7.701531648930709,9.872254768376274,2.7755575615628914e-17
low,4,25,0.229416,0.22941599999999998,116,2.3757082598128716,1.9158637044672842,3.7105823435641936,24.542503098279365,33.65961585097329,2.7755575615628914e-17
low,4,26,0.229416,0.22941600000000004,117,2.6959267312221407,1.757865954380181,1.3163522260223122,5.390540269900967,7.262542519899649,2.7755575615628914e-17
low,4,27,0.229416,0.22941599999999998,118,4.75913659691219,2.6532412575833177,4.066613637233265,12.852507465178165,23.457728259091525,2.7755575615628914e-17
low,4,28,0.229416,0.22941599999999998,119,4.360943760760893,2.393059871336755,15.007227780147668,31.965149417947345,57.42012695671828,2.7755575615628914e-17
low,4,29,0.229416,0.22941600000000004,120,3.647413302476018,2.4414681672306,-1.38598775863418,4.366593596887758,7.164289855995294,2.7755575615628914e-17
low,5,0,0.229416,0.229416,121,1.2675894776220265,1.474456238537059,3.5263855421188843,6.899041681740691,12.007807130684327,0.0
low,5,1,0.229416,0.22941599999999995,122,1.4593657191449998,3.047072135975827,-1.4561427853612015,13.067704656913804,16.259955590862145,5.551115123125783e-17
low,5,2,0.229416,0.22941599999999998,123,3.725170579511019,1.7156458718412144,-11.544810142101035,27.613386218666864,46.76721602528624,2.7755575615628914e-17
low,5,3,0.229416,0.22941599999999998,124,1.2454726050098774,3.1855087516339617,-1.3079998079050166,3.3824059468260423,4.827317225604183,2.7755575615628914e-17
low,5,4,0.229416,0.229416,125,2.9282492482981937,0.9840982245378872,-1.4967442517749892,16.278595382479622,29.451803081066135,0.0
low,5,5,0.229416,0.229416,126,1.241722934314236,1.2100610305088013,-4.872417238474005,11.61703127414115,14.846979074989838,0.0
low,5,6,0.229416,0.22941599999999995,127,3.000099943809639,0.9278815172799174,-4.755783630503108,16.4986239216932,24.573609189817088,5.551115123125783e-17
low,5,7,0.229416,0.22941600000000006,128,4.439875579971671,1.6420635187117245,-3.6176866579391507,6.8317305115292735,13.54829850176874,5.551115123125783e-17
low,5,8,0.229416,0.229416,129,3.196232825610709,1.6584312826044831,-4.300027122139261,3.6410005349699848,8.835140814216906,0.0
low,5,9,0.229416,0.229416,130,1.394847130122311,1.796941955608288,-0.7887980780121002,7.802115179801914,9.88646236991546,0.0
low,5,10,0.229416,0.22941599999999998,131,3.5306451429813466,3.8339493306888635,0.7747832464370408,12.037477587794646,16.368413229939645,2.7755575615628914e-17
low,5,11,0.229416,0.22941599999999998,132,4.079796374928358,2.0196625338218928,-4.110837275640516,4.083948444137387,8.342765092618498,2.7755575615628914e-17
low,5,12,0.229416,0.229416,133,2.5619361886645637,1.2149147497112667,-1.2084766390751114,4.064464970317539,6.322558321374741,0.0
low,5,13,0.229416,0.22941600000000006,134,4.207895230496057,2.2328455835108647,2.118459178588481,7.08079672229303,12.116462452646934,5.551115123125783e-17
low,5,14,0.229416,0.229416,135,3.577581558289852,1.8486230409620956,-14.073744908868639,70.23942875122542,102.3915287559651,0.0
low,5,15,0.229416,0.22941600000000004,136,1.4435069349791458,1.2741370510853167,1.7087072452222116,7.5834320561474,11.33087256767334,2.7755575615628914e-17
low,5,16,0.229416,0.22941599999999998,137,4.764170874102513,1.0833408901231516,0.06594937893422426,13.479392611211997,24.471542517459692,2.7755575615628914e-17
low,5,17,0.229416,0.22941600000000004,138,3.9472374975384925,3.0567363568445263,-1.1207487432846672,18.790861569924257,23.380425835826436,2.7755575615628914e-17
low,5,18,0.229416,0.22941599999999998,139,2.8620420275998146,3.2103834905633253,-2.9374235179169594,7.07487192923189,10.600834507512085,2.7755575615628914e-17
low,5,19,0.229416,0.22941600000000004,140,3.9412031692846856,1.1479434236828874,-1.2705558383592468,15.516259088539902,28.6980467585184,2.7755575615628914e-17
low,5,20,0.229416,0.22941599999999998,141,4.653019032596926,2.47166367243398,-2.381075880967042,4.088142006142512,7.918039921406599,2.7755575615628914e-17
low,5,21,0.229416,0.2294160000000001,142,4.588658404212535,2.5849841145155352,35.34257326930083,114.21211248502877,190.97888041525175,8.326672684688674e-17
low,5,22,0.229416,0.229416,143,3.8985708389326916,1.887855170153992,-9.948363870681275,27.647690437203845,43.693904463815876,0.0
low,5,23,0.229416,0.22941599999999998,144,1.1920450435160308,3.6510176430338515,6.440898963049659,29.1959985873647,35.853795863585596,2.7755575615628914e-17
low,5,24,0.229416,0.22941600000000006,145,1.988776180199482,0.8064953586752314,7.535576436668513,44.78207334854002,72.63541632769714,5.551115123125783e-17
low,5,25,0.229416,0.22941600000000006,146,2.8920596280317605,2.7805022887242825,-1.6344481648613014,3.8196539498037745,6.780932303408257,5.551115123125783e-17
low,5,26,0.229416,0.22941599999999998,147,2.340121391470661,2.8255403742373257,3.6973979402605757,2.867074758244104,5.962979461093679,2.7755575615628914e-17
low,5,27,0.229416,0.229416,148,3.2167045793711866,1.248986903208264,0.9793059181080794,25.767798221029864,40.93585833496413,0.0
low,5,28,0.229416,0.22941600000000004,149,4.501491714101981,3.935051530617331,9.281031964733371,36.15332493325131,55.3842761742475,2.7755575615628914e-17
low,5,29,0.229416,0.229416,150,4.616052541983292,1.625509252080792,-1.2634588088502214,5.5690010175096445,8.974056943972252,0.0
low,6,0,0.229416,0.22941600000000004,151,4.033136128869249,1.365829443516238,0.7376632372995304,4.400574569770949,8.24227461683969,2.7755575615628914e-17
low,6,1,0.229416,0.22941600000000004,152,4.784656650331477,3.179660328994461,1.9469810956196858,1.500287515141402,4.072791146835232,2.7755575615628914e-17
low,6,2,0.229416,0.22941600000000006,153,1.4203393822649475,2.4933900872027843,-2.5083293333140704,5.499515456261222,7.709500734810913,5.551115123125783e-17
low,6,3,0.229416,0.229416,154,2.932439827142497,2.817761943503445,3.2104753643556347,5.512010916709323,9.940144856552612,0.0
low,6,4,0.229416,0.22941599999999995,155,3.5397705683488887,3.7475934875667924,4.137081060098805,17.731840747295063,29.33253986511666,5.551115123125783e-17
low,6,5,0.229416,0.22941599999999998,156,2.1172019361323393,2.588801131705665,-2.7870194452755968,21.90553307989195,27.477385526564376,2.7755575615628914e-17
low,6,6,0.229416,0.22941600000000004,157,4.149088671673119,2.672705831381914,1.2075176338484899,12.630362235161831,19.923965219851343,2.7755575615628914e-17
low,6,7,0.229416,0.22941599999999995,158,1.2043312314866625,1.2960215518583753,5.404731778581192,13.666044888246946,18.76338655985892,5.551115123125783e-17
low,6,8,0.229416,0.22941599999999998,159,4.113154775769355,1.4284547626602841,1.791298008033508,2.7048160095301124,6.709986998584995,2.7755575615628914e-17
low,6,9,0.229416,0.22941599999999998,160,4.3002498641631295,1.8349906396910791,3.243835260478399,3.7219806758649936,10.494448024719134,2.7755575615628914e-17
low,6,10,0.229416,0.22941599999999998,161,4.750829143873482,1.9238662960676358,2.9518071871416285,7.0527632151173565,9.393775915228165,2.7755575615628914e-17
low,6,11,0.229416,0.229416,162,2.1482003465388706,3.2184165791444075,-2.636860001883074,2.1432669386195684,4.711889589823268,0.0
low,6,12,0.229416,0.22941599999999998,163,3.6936481904147422,2.3170869154027227,-4.542154456433421,37.870452056844535,57.285819254536435,2.7755575615628914e-17
low,6,13,0.229416,0.229416,164,2.2993274733502354,1.7814474603524109,-2.582655677793095,21.229228747033385,31.811056069738193,0.0
low,6,14,0.229416,0.229416,165,4.270136133636574,2.7708806526100593,-0.013876447774254277,9.484506810768126,17.074761472803765,0.0
low,6,15,0.229416,0.229416,166,2.0505039268812104,3.447286661297375,-2.5393392689228267,2.1072889956626315,4.249603532058812,0.0
low,6,16,0.229416,0.229416,167,4.573192003594657,1.3283695962445385,2.1992275957144654,4.121636108591308,9.012251114707324,0.0
low,6,17,0.229416,0.229416,168,3.310754752076183,2.4667078274148606,-4.922529413221211,15.743350125778303,23.718952944400552,0.0
low,6,18,0.229416,0.229416,169,3.6122812738093417,3.704238885217517,3.0372826022794888,5.066916676713516,7.345785140043254,0.0
low,6,19,0.229416,0.22941599999999998,170,1.0211107539107525,1.5259577042712267,1.8573235268806596,7.962544787013046,13.96169004371836,2.7755575615628914e-17
low,6,20,0.229416,0.229416,171,3.5625339493646884,3.630324566090331,-1.6117697570934826,11.57351574475008,18.746511570884035,0.0
low,6,21,0.229416,0.22941600000000006,172,1.4274877467155904,1.1987459815084316,4.297505624134427,4.534880830678072,6.9018820780470405,5.551115123125783e-17
low,6,22,0.229416,0.229416,173,1.191681414120744,3.0694881066147603,-4.1184883964324355,41.063251394085974,51.6998603318835,0.0
low,6,23,0.229416,0.22941599999999998,174,2.732162681489566,3.6682095265991697,-1.4792159853411722,3.56559027367928,5.3934586900598305,2.7755575615628914e-17
low,6,24,0.229416,0.229416,175,4.168768955429235,1.6512471116255694,0.7508593205588033,12.207832366978334,18.294604190384046,0.0
low,6,25,0.229416,0.22941599999999998,176,2.3012388074806207,1.4803358013755816,-2.3215177639028624,3.244184687515054,6.981630817066785,2.7755575615628914e-17
low,6,26,0.229416,0.229416,177,2.911890681875839,3.3145738166021568,0.5879285829227309,12.699095720768943,15.523289464778507,0.0
low,6,27,0.229416,0.22941599999999995,178,3.0033042611743195,0.9227520046268893,4.72816439452509,11.047718630189262,18.503221920190978,5.551115123125783e-17
low,6,28,0.229416,0.22941599999999998,179,4.791911195266982,1.7296875090492148,-0.8449775136205867,5.8681960079881295,10.97551726149767,2.7755575615628914e-17
low,6,29,0.229416,0.229416,180,3.1634370195739825,1.1048408517007489,4.514890410290614,11.681675092476517,21.168242767088405,0.0
moderate,1,0,0.333333,0.333333,181,3.0008970593740383,1.1650866009758731,-0.9044894647811335,10.693805521124329,11.598294985905461,0.0
moderate,1,1,0.333333,0.333333,182,4.481582221940929,1.0011630938266576,-0.9393690833081996,9.977134918394995,10.916504001703194,0.0
moderate,1,2,0.333333,0.333333,183,4.258084124011199,3.656391436260682,7.524984523223573,3.1846797606719512,10.709664283895524,0.0
moderate,1,3,0.333333,0.333333,184,1.0875153401606183,2.4169019758246812,0.9106998701362361,10.529458569365662,11.440158439501898,0.0
moderate,1,4,0.333333,0.333333,185,1.3483249072199488,2.448151846512326,1.9435175804293054,8.853683305070433,10.797200885499738,0.0
moderate,1,5,0.333333,0.33333299999999993,186,3.0793343694057125,2.9615431595012103,22.828084874371164,8.674343124633651,31.502427999004816,5.551115123125783e-17
moderate,1,6,0.333333,0.333333,187,2.564172165059966,2.55969197321673,-0.014422338984738658,9.293031970333598,9.307454309318336,0.0
moderate,1,7,0.333333,0.33333299999999993,188,2.950305993386931,3.327007919501683,8.28907581236854,3.1118177222650636,11.400893534633605,5.551115123125783e-17
moderate,1,8,0.333333,0.333333,189,2.5753787901420724,2.009275189451748,6.700758395035082,22.041730801084817,28.7424891961199,0.0
moderate,1,9,0.333333,0.333333,190,3.929536833382196,2.806997917084338,17.104706058712516,1.6537324534389182,18.758438512151432,0.0
moderate,1,10,0.333333,0.33333300000000005,191,3.0747609424361313,1.6176285640772468,-1.1394741562631978,10.140752433367407,11.280226589630605,5.551115123125783e-17
moderate,1,11,0.333333,0.33333299999999993,192,3.980658676124828,1.9710135335210468,7.7714618616362126,4.053111104783251,11.824572966419463,5.551115123125783e-17
moderate,1,12,0.333333,0.33333300000000005,193,2.4883524551658986,2.922038634540634,9.267953527061147,1.428385440946308,10.696338968007455,5.551115123125783e-17
moderate,1,13,0.333333,0.333333,194,4.864333742236708,3.0993176658037944,6.778150520152394,33.52040461637795,40.29855513653035,0.0
moderate,1,14,0.333333,0.333333,195,4.526776179291621,1.1141488113123055,-19.853553066452754,9.130769602422893,28.984322668875645,0.0
moderate,1,15,0.333333,0.33333300000000005,196,3.6959389570807275,2.64952125057485,-2.847812849220647,15.639791532972948,18.487604382193595,5.551115123125783e-17
moderate,1,16,0.333333,0.33333299999999993,197,4.445208367528423,3.311049239990803,9.449945938328417,0.3582602792825291,9.808206217610946,5.551115123125783e-17
moderate,1,17,0.333333,0.333333,198,3.361166669026354,3.868512039422815,6.918636319412899,16.69478711873166,23.613423438144558,0.0
moderate,1,18,0.333333,0.33333300000000005,199,3.5501251174634127,3.942525711262431,-7.326068892497986,0.7707824634646716,8.096851355962658,5.551115123125783e-17
moderate,1,19,0.333333,0.33333299999999993,200,4.780055478777015,1.5249517476215138,-17.174995937279654,2.3165624761419297,19.491558413421583,5.551115123125783e-17
moderate,1,20,0.333333,0.333333,201,1.278399317145778,3.193218632701413,-10.689977965923623,0.015802838441347333,10.70578080436497,0.0
moderate,1,21,0.333333,0.333333,202,1.741665955956432,1.644973795185231,0.03692157253578365,10.321736371326637,10.35865794386242,0.0
moderate,1,22,0.333333,0.333333,203,4.3611802533444575,1.4046029738400414,-0.26284953890841667,8.67889920181165,8.941748740720067,0.0
moderate,1,23,0.333333,0.33333299999999993,204,4.70833753311931,2.0198488189748973,-22.417659488333097,10.761321557300914,33.17898104563401,5.551115123125783e-17
moderate,1,24,0.333333,0.3333330000000001,205,4.833094962412852,2.595014746498247,8.679191758452166,2.0079436461447573,10.687135404596923,1.1102230246251565e-16
moderate,1,25,0.333333,0.33333299999999993,206,2.5947618201070792,2.3516517390688882,7.347994518292751,1.8002812033588906,9.148275721651641,5.551115123125783e-17
moderate,1,26,0.333333,0.33333299999999993,207,2.9124524143516783,1.9712722260566033,0.4003027137069317,8.433857559506784,8.834160273213715,5.551115123125783e-17
moderate,1,27,0.333333,0.33333299999999993,208,1.2658071202027004,3.3855103975139906,9.121045634914069,0.5781858305678655,9.699231465481935,5.551115123125783e-17
moderate,1,28,0.333333,0.333333,209,4.341792059445184,1.8819736317194193,4.308545836807334,13.207460142730962,17.516005979538296,0.0
moderate,1,29,0.333333,0.33333300000000005,210,1.2196816829230426,1.769113919696094,-8.320742209344871,1.938376448350049,10.25911865769492,5.551115123125783e-17
moderate,2,0,0.333333,0.333333,211,4.081745926667976,3.0170523539199268,7.377301610224513,2.819054665665903,11.129706564216006,0.0
moderate,2,1,0.333333,0.33333299999999993,212,1.7781868629148132,3.7174066370032675,-2.010973427287549,3.716437907328708,4.799456079824097,5.551115123125783e-17
moderate,2,2,0.333333,0.33333299999999993,213,1.7173914570482527,3.74094837981566,3.3170361929921484,0.5813264115360534,3.8974980271683934,5.551115123125783e-17
moderate,2,3,0.333333,0.33333299999999993,214,1.0026249185980716,1.9383191069284753,6.811609234783215,14.527077325142995,21.223567720883025,5.551115123125783e-17
moderate,2,4,0.333333,0.33333299999999993,215,1.446470676886059,2.366608394811337,4.2965759622265205,0.2671625718780762,4.491085289179661,5.551115123125783e-17
moderate,2,5,0.333333,0.3333329999999999,216,0.9494739469004575,3.2948629610973326,-7.978843017678571,1.0452771729375698,9.342189763307731,1.1102230246251565e-16
moderate,2,6,0.333333,0.333333,217,1.2353790822100432,3.338939196416802,-2.61742979658165,6.006580440962289,7.2970602000574205,0.0
moderate,2,7,0.333333,0.33333299999999993,218,2.2038655006571477,1.2764262345241197,1.5030880392462922,19.97634059649782,25.81013937674091,5.551115123125783e-17
moderate,2,8,0.333333,0.33333300000000005,219,0.8566722997854116,1.6837354523102288,-7.780215523733422,35.598071534622875,42.5043811714221,5.551115123125783e-17
moderate,2,9,0.333333,0.333333,220,2.3126392845971,1.9956909369545492,-5.014334629621053,0.7856298677988633,6.123957457319993,0.0
moderate,2,10,0.333333,0.333333,221,3.0955970836330575,3.885783515645766,4.589391891027678,0.5231321798917458,5.15014297659804,0.0
moderate,2,11,0.333333,0.33333299999999993,222,3.0093193895534203,2.99301499226776,-4.979535936622162,0.89331698335376,5.673400503581306,5.551115123125783e-17
moderate,2,12,0.333333,0.33333300000000005,223,4.224618895461907,3.322774258651674,-7.461965915420616,4.798571077900058,14.245838164212852,5.551115123125783e-17
moderate,2,13,0.333333,0.33333299999999993,224,2.822027143175731,2.198554573675561,9.039035672971117,12.814803006063334,20.78879336675542,5.551115123125783e-17
moderate,2,14,0.333333,0.333333,225,2.0270958517574313,2.5124973064457503,3.132541875288037,1.318413021784595,4.927730437249343,0.0
moderate,2,15,0.333333,0.33333299999999993,226,4.558820497408023,1.9034457696123153,5.749017628435524,0.21991818089634288,6.011888404437483,5.551115123125783e-17
moderate,2,16,0.333333,0.33333299999999993,227,1.3353801118060322,2.6578177260877762,-8.92098116063449,27.88294734937014,31.385138976147694,5.551115123125783e-17
moderate,2,17,0.333333,0.333333,228,2.580005408172017,2.533576854086901,3.0932893916087187,0.3786045453510701,3.4427539883453457,0.0
moderate,2,18,0.333333,0.33333299999999993,229,1.2075049978986343,3.1633830624995474,13.358942059380231,32.0962943855614,36.479417478705535,5.551115123125783e-17
moderate,2,19,0.333333,0.333333,230,3.450199926944218,3.6233738233153803,-4.2010400799238345,1.6269815053473908,6.460264079302067,0.0
moderate,2,20,0.333333,0.33333299999999993,231,4.082274971481044,2.6694691714737386,5.469910502626585,9.817637986860014,18.29994083547722,5.551115123125783e-17
moderate,2,21,0.333333,0.33333300000000005,232,2.1738045713187653,1.9076439055009566,2.3160131950891136,4.922419898633026,6.631148005521697,5.551115123125783e-17
moderate,2,22,0.333333,0.33333300000000005,233,1.4277703602011396,3.6550899152442655,-8.547270954127322,28.896097626980783,33.42615976752248,5.551115123125783e-17
moderate,2,23,0.333333,0.33333299999999993,234,0.9300628425740568,1.6137026343495942,-4.3973685816079415,0.3389842850077057,4.844964340121218,5.551115123125783e-17
moderate,2,24,0.333333,0.33333299999999993,235,4.708470033317111,2.4726625490083856,15.3455948951248,24.96501830172067,34.9006663214106,5.551115123125783e-17
moderate,2,25,0.333333,0.333333,236,1.1270364232111267,3.3943019261594136,3.2232874152864945,16.795764446561595,20.448206080590722,0.0
moderate,2,26,0.333333,0.33333300000000005,237,4.948796359408092,1.563901393078875,-17.27946219077604,7.7469766982244685,25.02584035867343,5.551115123125783e-17
moderate,2,27,0.333333,0.333333,238,1.0744217138507959,1.648860693261559,7.181564676004656,27.726299600216848,31.97334107614966,0.0
moderate,2,28,0.333333,0.333333,239,2.1012912219693485,1.2153727533847183,-4.974916065890313,10.399630463604138,16.20790818358031,0.0
moderate,2,29,0.333333,0.333333,240,2.0327274684835217,2.1772059703084317,-3.8900311215602588,0.7640285794409801,4.492545180159356,0.0
moderate,3,0,0.333333,0.33333299999999993,241,3.382779176503006,2.650581026782244,10.382977926009506,15.917974401176147,25.15625846660183,5.551115123125783e-17
moderate,3,1,0.333333,0.333333,242,3.6756831058415225,0.9766531564057281,1.7403764568188658,5.991156681062849,9.111635396641534,0.0
moderate,3,2,0.333333,0.33333299999999993,243,1.6720685506488173,3.302374360506997,3.3158802510232626,4.324568142014133,7.056782080021639,5.551115123125783e-17
moderate,3,3,0.333333,0.33333300000000005,244,2.0208461888729934,1.1176865631046153,-3.5746501281738854,12.359047455102077,17.690278290683178,5.551115123125783e-17
moderate,3,4,0.333333,0.3333330000000001,245,4.608786240032186,1.1600960147665,-0.8500620849935498,11.350208770290715,14.673001334012163,1.1102230246251565e-16
moderate,3,5,0.333333,0.33333300000000005,246,2.814527011421788,3.7198926147413482,-3.4598592617244854,27.784825250185577,34.379096435718694,5.551115123125783e-17
moderate,3,6,0.333333,0.33333299999999993,247,2.337957363368135,3.704132805747469,-1.6135869537566743,3.4409808405920526,4.930840052395761,5.551115123125783e-17
moderate,3,7,0.333333,0.333333,248,3.7063437991464525,2.3521120185978486,1.9044074152826682,3.388686961954633,5.50882399858126,0.0
moderate,3,8,0.333333,0.333333,249,2.971133722218516,3.3581565445383434,-1.5893377008633243,3.9281421250345114,5.174236024996398,0.0
moderate,3,9,0.333333,0.333333,250,1.7020732400808294,1.6725236503900858,-0.5753009262814737,6.065574763925346,8.804110272937537,0.0
moderate,3,10,0.333333,0.33333299999999993,251,3.4779671624425106,1.1296527186827434,4.616018052299717,15.575972094529483,28.23243117946915,5.551115123125783e-17
moderate,3,11,0.333333,0.33333300000000005,252,0.8227359860328914,2.186210917989097,-4.810726082780263,7.511527081008428,10.053667530401793,5.551115123125783e-17
moderate,3,12,0.333333,0.333333,253,1.900651459205259,2.98717550739931,-3.040311083397856,14.17853959700533,18.225076423439265,0.0
moderate,3,13,0.333333,0.333333,254,2.9506595345032753,2.8483780787903052,-6.107667773000376,8.14697881530473,14.638449842676465,0.0
moderate,3,14,0.333333,0.333333,255,2.748533374281064,1.5137132279506862,1.953945798284425,8.078618644956839,12.878635030057923,0.0
moderate,3,15,0.333333,0.33333299999999993,256,0.992291966859008,2.675586260058248,-6.584528792578398,14.228886147827325,17.79638245597696,5.551115123125783e-17
moderate,3,16,0.333333,0.33333300000000005,257,4.705271170128317,3.3812997038141894,2.9744112782137844,1.1616585807971662,4.717928699013254,5.551115123125783e-17
moderate,3,17,0.333333,0.33333300000000005,258,1.1554342249416798,2.9053885272235584,3.6734273095606715,0.19697033413802972,3.936111204537399,5.551115123125783e-17
moderate,3,18,0.333333,0.333333,259,3.698923613606312,1.122705910309054,-0.21211461318423108,8.566930695721629,9.197133095614765,0.0
moderate,3,19,0.333333,0.3333330000000001,260,1.2057693023581617,1.4962538973846264,5.190346378455985,8.216245673369414,12.747008775467377,1.1102230246251565e-16
moderate,3,20,0.333333,0.333333,261,4.1639308803862285,2.3545942209135617,0.35107785699980454,16.27552202321227,18.610671400461058,0.0
moderate,3,21,0.333333,0.33333299999999993,262,2.447042393530184,3.1059437273712867,20.200491645746446,106.93081440665719,156.20866234308488,5.551115123125783e-17
moderate,3,22,0.333333,0.33333299999999993,263,3.2077919006596636,3.2251699914445338,4.409594550320155,5.93089400596565,8.795422377567018,5.551115123125783e-17
moderate,3,23,0.333333,0.33333299999999993,264,4.061156920732898,1.7734994033351346,2.389756015288019,3.1774612137473963,5.4509409784510305,5.551115123125783e-17
moderate,3,24,0.333333,0.333333,265,2.9920759058388455,3.0192915405465905,-1.5584596917742997,4.841217837868685,7.8032884643022795,0.0
moderate,3,25,0.333333,0.333333,266,1.1345890703704828,0.8078571973925371,5.175555794763204,6.294201001746831,11.512722635309077,0.0
moderate,3,26,0.333333,0.33333300000000005,267,1.5418475543942012,2.763899270019947,1.0830850047712448,5.788863438871335,7.989378170135484,5.551115123125783e-17
moderate,3,27,0.333333,0.33333299999999993,268,1.4257090004406956,3.0247107321909885,-1.3216406592474468,2.92335642178164,3.9689633541370224,5.551115123125783e-17
moderate,3,28,0.333333,0.33333299999999993,269,1.8849367366787788,1.2238251190538276,4.441686959171339,4.534210463729091,9.423319355028468,5.551115123125783e-17
moderate,3,29,0.333333,0.3333330000000001,270,3.7153247893950123,3.3869743340992837,-9.191195147121762,16.39927572153743,28.36305252265729,1.1102230246251565e-16
moderate,4,0,0.333333,0.333333,271,3.483315939106104,1.880452508840791,-1.6980631176096352,8.905950874845377,10.356773388591284,0.0
moderate,4,1,0.333333,0.333333,272,1.8404262480861067,3.6114263026291598,-0.8620759961647358,4.0965527686610725,4.641328661370821,0.0
moderate,4,2,0.333333,0.3333329999999999,273,1.1054599913825602,1.00782181430274,-0.7641734615122633,3.837090248798116,5.048965210781101,1.1102230246251565e-16
moderate,4,3,0.333333,0.3333330000000001,274,1.9864807151087776,2.722401319168858,-3.9266140940642584,21.078688452382256,27.705616592467386,1.1102230246251565e-16
moderate,4,4,0.333333,0.33333300000000005,275,2.636752314527889,3.2191154881882005,3.198027278699348,4.4288331435905635,6.170579388914382,5.551115123125783e-17
moderate,4,5,0.333333,0.33333299999999993,276,4.847870849707577,3.9271955097852134,-4.907428436549209,12.117800946644666,17.702622161744767,5.551115123125783e-17
moderate,4,6,0.333333,0.333333,277,2.8349230566550254,1.8463760871629278,2.3011954613228944,3.4098568021689912,5.581101338853183,0.0
moderate,4,7,0.333333,0.333333,278,1.622455578142536,3.7031302276970575,2.8884907732276073,4.053493514851605,7.224853192808847,0.0
moderate,4,8,0.333333,0.33333300000000005,279,3.260307679079739,2.3780647614766712,-7.929132560439984,1.8262192025567565,11.433711538251258,5.551115123125783e-17
moderate,4,9,0.333333,0.333333,280,1.359675825421367,1.5816724336178032,-0.7768285901281781,3.7528365372100656,4.28339382630136,0.0
moderate,4,10,0.333333,0.3333329999999999,281,2.708646591661621,1.0812672309846854,10.668937322364759,63.726166903103056,96.24628806851352,1.1102230246251565e-16
moderate,4,11,0.333333,0.3333330000000001,282,2.3473904030499266,2.053511549163023,-2.5410700381041122,0.44472630985576367,3.3406780895872714,1.1102230246251565e-16
moderate,4,12,0.333333,0.333333,283,3.309143528107337,1.84519435982905,1.7436175065427488,3.8746925785920854,5.783110820514681,0.0
moderate,4,13,0.333333,0.333333,284,4.3526860695354594,1.131487612106091,-2.0281522731579473,1.3675197771040066,4.483325413669539,0.0
moderate,4,14,0.333333,0.333333,285,1.8600893481902765,0.9810050755403609,-17.564979048599135,32.98681167396415,46.049959649746945,0.0
moderate,4,15,0.333333,0.333333,286,1.4091005206978802,1.5473398640507712,-2.345686141652133,2.251458034709316,4.498994618041048,0.0
moderate,4,16,0.333333,0.333333,287,1.4068379705598053,3.0744099847239994,5.066189584758305,25.630676620580232,32.21621022212142,0.0
moderate,4,17,0.333333,0.33333299999999993,288,3.12373259159559,3.088103894106804,3.5607516135752055,3.5621025596005462,6.507292810367125,5.551115123125783e-17
moderate,4,18,0.333333,0.33333300000000005,289,3.853952398515321,2.47548400651396,-1.5031550042152702,30.02731639442777,39.07742110297079,5.551115123125783e-17
moderate,4,19,0.333333,0.333333,290,1.9483328511437026,1.6398751626757602,-0.3834943572214808,12.600538737039733,19.48036209548698,0.0
moderate,4,20,0.333333,0.33333299999999993,291,1.212942071709457,2.9579689120466375,0.429834774241246,7.252804224363329,9.338633779718013,5.551115123125783e-17
moderate,4,21,0.333333,0.333333,292,1.8554405554843072,1.9994480797814465,2.063138123438595,2.4912927940407044,5.129050612803935,0.0
moderate,4,22,0.333333,0.333333,293,4.226098871194466,3.0069870562345953,3.9017269469875493,5.65539332947056,9.24819596356765,0.0
moderate,4,23,0.333333,0.333333,294,3.605706521300922,1.2362327298696607,-2.7693683459917957,13.65869454839975,23.595495746360434,0.0
moderate,4,24,0.333333,0.33333300000000005,295,3.413044016350022,1.8610251425709554,3.461030694285352,18.77685478726979,23.875448929699573,5.551115123125783e-17
moderate,4,25,0.333333,0.333333,296,2.0796187446446384,3.1154582517682847,-0.9683167600166321,5.150197450187131,7.0223678043964055,0.0
moderate,4,26,0.333333,0.333333,297,4.788302036032838,0.9687739320194855,-0.023519472537718134,4.625199824753214,9.118019221851531,0.0
moderate,4,27,0.333333,0.33333300000000005,298,3.6883365805217174,2.628236269767886,-5.097401423330216,6.617250531039527,10.497006175334533,5.551115123125783e-17
moderate,4,28,0.333333,0.33333299999999993,299,2.0581309784162256,2.148744243911076,4.245097906505078,12.180227781639482,17.048506192349333,5.551115123125783e-17
moderate,4,29,0.333333,0.33333300000000005,300,2.69471478854023,1.5072714934833453,5.019171856254898,11.770708503120746,21.377071420156444,5.551115123125783e-17
moderate,5,0,0.333333,0.33333299999999993,301,2.2165759941714427,2.6994479474545274,1.8529752429243722,9.547366326808334,13.685388421633453,5.551115123125783e-17
moderate,5,1,0.333333,0.33333300000000005,302,3.472381091052714,3.440135491672205,-2.615346857548838,5.874840686635426,9.467883806668324,5.551115123125783e-17
moderate,5,2,0.333333,0.333333,303,3.9506233783947806,1.699312228257481,0.6539354273439854,6.429154704658308,10.681527187824338,0.0
moderate,5,3,0.333333,0.33333300000000005,304,2.5502769801465206,3.4548271822396144,-1.2111643472795812,3.5538162910830944,4.790849350226718,5.551115123125783e-17
moderate,5,4,0.333333,0.333333,305,1.4516992488514406,3.5177503335447122,-2.0631261760483834,2.646259580342976,4.03232487474213,0.0
moderate,5,5,0.333333,0.33333299999999993,306,2.018355065548925,3.8559793627984016,0.5757781927128249,3.3359396757663164,4.793565087524798,5.551115123125783e-17
moderate,5,6,0.333333,0.333333,307,2.146650177749436,2.1395789432261827,-0.24945984415992198,4.843080785271729,5.98026469241378,0.0
moderate,5,7,0.333333,0.33333300000000005,308,4.09474422626968,3.0043608731512537,10.355352660860436,42.068948342673046,53.87106857382624,5.551115123125783e-17
moderate,5,8,0.333333,0.33333300000000005,309,4.109398098125974,3.3968207453814383,-0.3224336360581381,5.06724449908929,6.26089064804152,5.551115123125783e-17
moderate,5,9,0.333333,0.333333,310,4.237781274632594,2.9394195330293025,0.7573576768218934,5.115240834305982,6.911263509874572,0.0
moderate,5,10,0.333333,0.333333,311,2.709064962865276,2.206412572202913,2.8824602353728057,2.567628077777978,6.15389605970538,0.0
moderate,5,11,0.333333,0.3333330000000001,312,1.710252893227621,2.139910463568848,0.16294752042257699,8.549998476943953,11.310327613550212,1.1102230246251565e-16
moderate,5,12,0.333333,0.333333,313,1.4952664219907341,2.5603339712707394,0.6836265276757674,5.690081524629323,9.760683407429296,0.0
moderate,5,13,0.333333,0.3333329999999999,314,4.650869042270464,2.683334123654151,-4.5297227251759855,12.752691693750315,19.19447512940306,1.1102230246251565e-16
moderate,5,14,0.333333,0.333333,315,3.390052463121341,1.693329446896768,-0.316746098083521,8.911365063643352,12.638554583997921,0.0
moderate,5,15,0.333333,0.33333300000000005,316,4.288395737799975,3.185485520890561,2.412989382723292,4.88406769901342,8.114930077262063,5.551115123125783e-17
moderate,5,16,0.333333,0.333333,317,2.078271318788814,3.1241669577890905,-1.34142703035521,3.135724480403363,4.652889084766534,0.0
moderate,5,17,0.333333,0.333333,318,3.2642584130607615,1.8885647510826833,2.495450992694604,4.330892608458636,8.460175702361552,0.0
moderate,5,18,0.333333,0.333333,319,4.993466923365368,3.7298537204428053,0.5999473971571073,2.9401411712510837,4.438773772607356,0.0
moderate,5,19,0.333333,0.333333,320,3.800286738742283,1.6190931349421906,0.6814930639596172,7.936779075541456,14.646499833543237,0.0
moderate,5,20,0.333333,0.333333,321,4.520981353275514,1.049319547891598,1.8758577708186503,4.0489642241311525,6.721816789382308,0.0
moderate,5,21,0.333333,0.333333,322,2.532812455433339,1.253414601429633,-2.4321455141060198,4.013833196748038,6.453702849673249,0.0
moderate,5,22,0.333333,0.333333,323,4.888231596764211,1.1531097765990481,0.959840382147083,4.57831728233036,6.916513918920588,0.0
moderate,5,23,0.333333,0.33333299999999993,324,1.0533301969747109,2.4447394454434823,1.3860660946600636,1.4463415162485118,2.410938849180372,5.551115123125783e-17
moderate,5,24,0.333333,0.333333,325,4.696485363216624,3.939355348412665,4.5265544438077665,17.92877574374475,27.631827223474595,0.0
moderate,5,25,0.333333,0.33333299999999993,326,2.9819918456401835,3.530226460216878,1.9826738274868028,0.48539406676613145,2.5066211091815167,5.551115123125783e-17
moderate,5,26,0.333333,0.33333299999999993,327,2.681426016841513,3.117723736879986,-24.299529680769677,111.94009566744138,141.602395203391,5.551115123125783e-17
moderate,5,27,0.333333,0.333333,328,1.8189038942046192,1.617476653652053,-2.409052387630917,3.57302423110909,6.468832434093114,0.0
moderate,5,28,0.333333,0.33333300000000005,329,3.2100593799322255,2.0511027740780596,3.9947409537045164,12.404419481911706,19.338936057783773,5.551115123125783e-17
moderate,5,29,0.333333,0.333333,330,2.882282164883576,1.3881238523389325,1.1371722367955721,21.071221918612352,28.838304054283427,0.0
moderate,6,0,0.333333,0.33333299999999993,331,4.776021655264943,1.1711727968871994,1.9625534477871198,9.90625148583168,18.743888468071066,5.551115123125783e-17
moderate,6,1,0.333333,0.333333,332,4.6563349776355745,3.2428813792895097,-0.10059499281502582,12.13795611873589,20.264641850856982,0.0
moderate,6,2,0.333333,0.33333299999999993,333,3.081822565505985,3.1326423292768224,1.919359863559253,3.3095678441143863,5.412828378810381,5.551115123125783e-17
moderate,6,3,0.333333,0.333333,334,1.8001735805021766,0.9039529234965276,-7.6497718091957285,31.862997345754096,63.45730266450764,0.0
moderate,6,4,0.333333,0.333333,335,3.994168860511003,0.8681501353809925,2.67243983744923,2.998638504763972,6.618817717286561,0.0
moderate,6,5,0.333333,0.3333330000000001,336,2.649675932853786,3.669025013265262,1.9055933244151277,5.55241761502641,7.4786141962532025,1.1102230246251565e-16
moderate,6,6,0.333333,0.333333,337,4.159608533310271,1.2914157186880058,1.8421342806101717,2.9099321385952073,5.064588914125418,0.0
moderate,6,7,0.333333,0.333333,338,1.2936470483157259,2.599791594944974,4.237892346394085,26.22796539262649,37.87237886263215,0.0
moderate,6,8,0.333333,0.33333299999999993,339,3.478538704893115,1.3491588288224619,0.4964489493372125,3.8972434691290645,4.958922612887631,5.551115123125783e-17
moderate,6,9,0.333333,0.333333,340,1.9819636016363968,3.9094856526739328,1.0196171557658338,2.581712710597345,3.6403881147280495,0.0
moderate,6,10,0.333333,0.3333330000000001,341,1.9137009941557965,3.764731444436099,0.4366089704904001,9.421060126791032,13.0348164646391,1.1102230246251565e-16
moderate,6,11,0.333333,0.33333299999999993,342,1.0731444667361023,3.431405502499616,-2.1660268325195706,1.8712016810071164,3.652593348068493,5.551115123125783e-17
moderate,6,12,0.333333,0.333333,343,1.1152353268909714,2.867260843070989,-2.723027313410057,6.696386139206978,9.582205487893917,0.0
moderate,6,13,0.333333,0.33333299999999993,344,2.1183205079736087,3.261988967062809,-1.7776358105599357,2.300523554485189,4.157626646892068,5.551115123125783e-17
moderate,6,14,0.333333,0.333333,345,2.357892320459761,2.9276295251948925,1.4683347471862869,6.004662110294132,7.994835259077098,0.0
moderate,6,15,0.333333,0.33333299999999993,346,3.2932020266558517,0.8291272151428996,-6.112676984705755,25.8198200653685,38.46659434941002,5.551115123125783e-17
moderate,6,16,0.333333,0.333333,347,1.919140945530465,1.7205786393422149,1.8968431903466674,9.32898359732936,13.589574139153662,0.0
moderate,6,17,0.333333,0.333333,348,1.9460027721874549,2.029708206497112,1.585658246466256,9.974480818326755,13.816290841589316,0.0
moderate,6,18,0.333333,0.333333,349,1.699008401524133,3.906703604922578,2.5525043258653572,6.1086951626754855,7.784667971706185,0.0
moderate,6,19,0.333333,0.333333,350,2.614951037283977,3.0919955923704983,-0.3817635781266779,5.600938780116269,7.836034263616139,0.0
moderate,6,20,0.333333,0.333333,351,0.8473162356353486,1.705681585797936,-1.2128617250088851,2.899661627360849,3.5857114679367847,0.0
moderate,6,21,0.333333,0.333333,352,4.466325825779609,2.597402274919303,-0.7891810897936608,12.165564898609185,21.828417543427214,0.0
moderate,6,22,0.333333,0.333333,353,2.631956105377586,1.6416142651842858,4.41127130940824,20.459544627687997,32.44709386825304,0.0
moderate,6,23,0.333333,0.33333300000000005,354,3.8722024744740846,2.5022022641479595,-0.38569285638085227,14.203290704371742,23.52675881022095,5.551115123125783e-17
moderate,6,24,0.333333,0.333333,355,1.771163810574583,2.246676111467374,-0.9095212203382353,4.057666310886041,5.7233778430644255,0.0
moderate,6,25,0.333333,0.33333299999999993,356,2.845261535609554,1.5468920281789977,1.443422251120415,7.943781305823876,14.88732413571392,5.551115123125783e-17
moderate,6,26,0.333333,0.33333299999999993,357,3.8377108948886294,1.6596755987124856,3.2597717138694042,5.991314510725306,9.537658700890798,5.551115123125783e-17
moderate,6,27,0.333333,0.333333,358,3.797172430691261,1.4064164004584698,-1.5949456422684751,7.01354002974317,13.853265377251244,0.0
moderate,6,28,0.333333,0.333333,359,4.491571454795139,3.0400749586002904,-4.46674306205918,19.734980622974632,30.709133431255474,0.0
moderate,6,29,0.333333,0.33333299999999993,360,2.890668427198359,3.8128811136293708,-3.550594091092798,22.241905526773778,30.88705734982641,5.551115123125783e-17
high,1,0,0.5,0.5,361,1.262835421286424,3.0212955220265387,-6.267188248588585,0.6665780598077626,6.933766308396348,0.0
high,1,1,0.5,0.5000000000000001,362,0.8669945131498467,2.3494529875144625,5.387711501012875,0.15937668214842438,5.547088183161299,1.1102230246251565e-16
high,1,2,0.5,0.5,363,1.242711321423397,3.0723574028900362,-7.518528145017823,0.8603732421812524,8.378901387199075,0.0
high,1,3,0.5,0.5,364,2.585991804746871,1.1169052923163791,6.107016846739665,0.5149138505473885,6.621930697287054,0.0
high,1,4,0.5,0.5,365,4.754114122589246,2.8531286565427587,1.0717086471425068,7.47741976062319,8.549128407765696,0.0
high,1,5,0.5,0.5,366,1.2403386110810557,2.1807674850985705,0.1652689332012085,5.288697426691893,5.453966359893102,0.0
high,1,6,0.5,0.5000000000000001,367,1.1809931102682418,1.2129252733796827,0.8438306058254392,4.908951517942208,5.7527821237676475,1.1102230246251565e-16
high,1,7,0.5,0.5000000000000001,368,2.543669104711838,0.8002432577528009,3.0933426863580498,2.3531474072138274,5.446490093571877,1.1102230246251565e-16
high,1,8,0.5,0.4999999999999999,369,3.5299973041344366,1.8990366883644372,-14.952869668864938,7.354839411771862,22.3077090806368,1.1102230246251565e-16
high,1,9,0.5,0.5000000000000002,370,2.3363378094159692,1.7634307838924883,-9.656883168524988,3.6661006765927397,13.322983845117728,2.220446049250313e-16
high,1,10,0.5,0.5,371,3.6171815779904133,2.6326261477193844,0.10340478500656314,7.55630980082981,7.659714585836373,0.0
high,1,11,0.5,0.4999999999999999,372,1.7653854755692229,1.273940451145675,-2.32191850384013,8.905175360925396,11.227093864765527,1.1102230246251565e-16
high,1,12,0.5,0.5,373,3.716193680091189,2.6664173051643276,-12.423366372947097,0.8019137495711526,13.22528012251825,0.0
high,1,13,0.5,0.5,374,1.369599618686523,2.2718942885055076,-4.577389592599875,0.11646793665658572,4.693857529256461,0.0
high,1,14,0.5,0.5,375,1.6533367821451197,1.063006580593601,8.60396355906952,3.3672950079100743,11.971258566979595,0.0
high,1,15,0.5,0.49999999999999994,376,2.4975217664945157,3.3497436429522356,11.472883669210095,4.135811877283483,15.608695546493578,5.551115123125783e-17
high,1,16,0.5,0.5000000000000001,377,1.2976333949516416,2.4670368582023343,5.861255063274184,0.646250795820055,6.507505859094239,1.1102230246251565e-16
high,1,17,0.5,0.5,378,3.2961615043906054,0.9633827633698981,-2.1463235060005266,4.2617198620338534,6.40804336803438,0.0
high,1,18,0.5,0.5,379,4.176968540639731,1.3189439145125434,6.592750739268553,0.3162828013483394,6.909033540616892,0.0
high,1,19,0.5,0.5,380,1.660762745996583,3.343462578670355,0.3209680252126681,8.89586872231247,9.216836747525138,0.0
high,1,20,0.5,0.5,381,3.258269457302702,2.212451489628008,-0.9705450585155955,15.26419785727681,16.234742915792406,0.0
high,1,21,0.5,0.4999999999999999,382,3.9667126507959916,1.8520542663191926,-7.653947753579137,1.7731917748784127,9.42713952845755,1.1102230246251565e-16
high,1,22,0.5,0.5,383,2.64764759405071,1.4545593300763278,0.8787835586002923,4.167715989922204,5.046499548522497,0.0
high,1,23,0.5,0.5,384,4.099510987923392,1.7112348372705668,-15.99015744760533,8.941676429826845,24.931833877432176,0.0
high,1,24,0.5,0.49999999999999994,385,1.1487044466549512,1.4315949402255148,1.142299428814308,3.861839977898094,5.004139406712402,5.551115123125783e-17
high,1,25,0.5,0.5,386,3.9004525221477104,2.2106517186892445,-2.8244657435574987,7.92529210316607,10.749757846723568,0.0
high,1,26,0.5,0.4999999999999999,387,3.2863197707994543,1.4653960385352716,-0.8461956698103603,8.090385750746348,8.936581420556708,1.1102230246251565e-16
high,1,27,0.5,0.49999999999999983,388,2.2071613066559594,2.4132135752023522,0.9218636931533175,4.01015185076915,4.932015543922468,1.6653345369377348e-16
high,1,28,0.5,0.5,389,2.0230963699797417,3.798321633367217,0.928545281634706,5.53177339762642,6.460318679261126,0.0
high,1,29,0.5,0.5,390,4.5684570467606465,2.60315034877147,-19.0743899289282,11.028443549349939,30.10283347827814,0.0
high,2,0,0.5,0.5,391,1.0459363848779621,1.199448471419382,1.7049140708945938,3.869063832195096,4.887698315333394,0.0
high,2,1,0.5,0.5,392,2.3331487488914453,3.7588055487533927,-2.668019507804571,0.2761970704994092,3.0346306863415093,0.0
high,2,2,0.5,0.49999999999999994,393,1.6375875889765625,1.2335944828710752,0.2521824294212496,4.159599016135367,5.594280825725727,5.551115123125783e-17
high,2,3,0.5,0.5,394,2.9392699876362833,2.4997063741717103,8.067067943098019,19.96003656978645,25.384535303699533,0.0
high,2,4,0.5,0.5,395,2.840859137845947,1.3974934604092741,0.38864728473206805,5.646927380167275,7.533481768213957,0.0
high,2,5,0.5,0.5,396,2.0939194308181275,2.0288254449388408,-0.529137815063993,3.4321300483046135,4.296288532328023,0.0
high,2,6,0.5,0.4999999999999997,397,1.6917463908118129,1.2018626275127993,-4.455110351538431,8.00668617786044,10.319353748055535,2.7755575615628914e-16
high,2,7,0.5,0.49999999999999983,398,3.9136237757039254,0.9277903959196832,-0.2528833137486508,4.056078464489148,5.738771927095719,1.6653345369377348e-16
high,2,8,0.5,0.5,399,2.3752438945405583,2.956242901383564,-1.0098909451948457,3.3494220182440437,3.726634386613675,0.0
high,2,9,0.5,0.5,400,3.6086614171035336,1.5231951043150553,-10.496729509831903,26.833218432828787,30.906581276195443,0.0
high,2,10,0.5,0.4999999999999997,401,3.8626495266699106,1.882817619862701,-23.33203237397558,40.39585980703823,68.00523034143426,2.7755575615628914e-16
high,2,11,0.5,0.49999999999999994,402,1.0136020769629495,2.3254427543320686,-3.592174048333476,0.0996424339591424,3.731478718348904,5.551115123125783e-17
high,2,12,0.5,0.4999999999999999,403,1.5659689766951495,2.66077340865471,7.400583444121799,26.694158434511852,30.295356475107948,1.1102230246251565e-16
high,2,13,0.5,0.5,404,3.6090653596509554,1.9222762091830483,-14.999060325106575,35.05045084162729,46.736345169746826,0.0
high,2,14,0.5,0.4999999999999999,405,3.746650191310727,1.6904765455463147,7.230867556157169,18.590304896774676,26.95950130729249,1.1102230246251565e-16
high,2,15,0.5,0.49999999999999994,406,4.656500382495969,2.536995371065745,-2.9925217468147576,1.191068893241434,4.655695222865441,5.551115123125783e-17
high,2,16,0.5,0.5000000000000001,407,4.379961897583986,2.412123518820537,-1.4840754098606943,3.6424344114945097,4.576045857133828,1.1102230246251565e-16
high,2,17,0.5,0.5,408,2.8733057394335155,3.4627144679260136,5.538392347416715,24.363481259545825,28.46699091997074,0.0
high,2,18,0.5,0.4999999999999999,409,1.6871990767202196,3.6469667498004936,-2.9644024777960003,0.1708033965922037,3.167544177489653,1.1102230246251565e-16
high,2,19,0.5,0.5000000000000001,410,4.5270868133101345,2.8602534658424092,6.101903305543469,19.360451943375924,24.50259734192398,1.1102230246251565e-16
high,2,20,0.5,0.4999999999999999,411,4.350518140498991,2.780365456056054,7.863798303441971,9.707995384473154,14.745877310984268,1.1102230246251565e-16
high,2,21,0.5,0.5,412,4.768862508083201,3.6199774572639605,-1.9584909849671794,2.6507204297812104,3.924201601986326,0.0
high,2,22,0.5,0.5,413,3.558495107625979,2.0321340649737554,-9.870058867795217,17.648893261012315,24.6196126904825,0.0
high,2,23,0.5,0.49999999999999994,414,0.9206778902978546,2.6868097532880335,2.328220379691692,0.5092341945522618,3.0444163480796376,5.551115123125783e-17
high,2,24,0.5,0.5,415,1.0645330947982028,3.4206097485081806,-6.586698078385059,17.100551908610072,19.038184026298133,0.0
high,2,25,0.5,0.5,416,2.3859598235887427,1.5937227610530718,-2.634107816428489,0.3616471934993336,2.8967565562143336,0.0
high,2,26,0.5,0.5000000000000001,417,0.8797067173715247,3.956846961512489,-10.053954576236016,25.125544465088115,28.69227322023793,1.1102230246251565e-16
high,2,27,0.5,0.5,418,2.1462046780413835,1.478080798051567,1.1104550514878386,12.964114066224107,17.10598112275388,0.0
high,2,28,0.5,0.49999999999999983,419,2.0187098746221164,3.4299311148544334,-7.609638768591698,19.4419204301266,23.652151290004255,1.6653345369377348e-16
high,2,29,0.5,0.5000000000000001,420,2.1257128412729354,2.2496981659068553,6.137619135429557,0.9865669040625694,7.175431039099116,1.1102230246251565e-16
high,3,0,0.5,0.5,421,3.667684450890375,3.3705947757376657,-0.833396208990685,8.45949617238649,9.538280507508105,0.0
high,3,1,0.5,0.5000000000000001,422,1.838482578347881,1.9819134275750867,0.7482409666911349,5.771697351465415,6.978457508133718,1.1102230246251565e-16
high,3,2,0.5,0.5,423,2.215983586980312,2.4698053388406347,-0.1719638250167249,4.065402967148897,5.401060634956059,0.0
high,3,3,0.5,0.5000000000000001,424,4.228286370777639,2.288567501957662,2.7064805113913155,0.8892074701596681,4.099919885348522,1.1102230246251565e-16
high,3,4,0.5,0.5,425,3.9838287591740684,1.6620293372203723,-11.491992658716597,31.580608404825334,44.76182023663867,0.0
high,3,5,0.5,0.4999999999999999,426,4.461275564248709,2.1231725451398096,2.0684100238290766,20.213004558902423,32.93911006520433,1.1102230246251565e-16
high,3,6,0.5,0.4999999999999999,427,4.807055632058696,2.445371608947986,3.8159307487902288,13.71357697845856,19.715083469470645,1.1102230246251565e-16
high,3,7,0.5,0.5000000000000001,428,4.237381141143997,3.5981256595160263,-1.8022098971831366,0.5994949946870559,2.557022685803437,1.1102230246251565e-16
high,3,8,0.5,0.4999999999999999,429,2.3251286676829923,1.8708972173062504,1.479080018624048,1.8464522052884706,2.8071271889368496,1.1102230246251565e-16
high,3,9,0.5,0.5000000000000001,430,1.4549263986437984,3.0075517680486277,-1.6923031206375547,2.2899701051902333,4.179943749591364,1.1102230246251565e-16
high,3,10,0.5,0.5,431,4.683192586394591,2.33500326671303,-3.8351387364569547,6.4353258262754744,10.791718088421339,0.0
high,3,11,0.5,0.5,432,4.5953743944486,3.66723288630081,2.5170757567576265,10.210636744052032,15.254173288753611,0.0
high,3,12,0.5,0.4999999999999999,433,2.8082667342350573,1.0506781673543621,1.4558762005826242,11.240861713735107,15.561262834843774,1.1102230246251565e-16
high,3,13,0.5,0.5,434,2.284671257831514,1.803072437087356,2.1559441684764535,0.45770569793122157,2.5953332023671223,0.0
high,3,14,0.5,0.5,435,4.7194890164674375,3.341101988454226,-2.08576891690773,0.8347940568090741,3.5290926676368493,0.0
high,3,15,0.5,0.5,436,1.7957162697938802,3.1921577068687608,-1.2064839435039387,7.940640962830264,10.086004004298978,0.0
high,3,16,0.5,0.5,437,3.060481173201558,2.0868247738025714,2.6082714311298516,1.3137493428099645,4.842114169866925,0.0
high,3,17,0.5,0.4999999999999999,438,1.4955665464152377,3.9474411747282803,-0.0477960411969538,9.486999225310827,10.91718231143561,1.1102230246251565e-16
high,3,18,0.5,0.49999999999999994,439,3.277400909290246,3.493723302735188,3.7162235257049128,5.0622864120623685,9.026597896581679,5.551115123125783e-17
high,3,19,0.5,0.5000000000000001,440,1.5218062699897765,3.8884666513486055,3.484375733300811,7.766359483087108,9.957309966063749,1.1102230246251565e-16
high,3,20,0.5,0.5,441,4.878783733725675,2.0681450100481173,1.3011627373700225,3.5860042653618263,5.161105849335264,0.0
high,3,21,0.5,0.5,442,2.4576399316453035,1.4342612516390016,-11.64915745808451,103.29163866066526,160.42013701574436,0.0
high,3,22,0.5,0.49999999999999994,443,3.7444724076429283,3.765431385757033,-0.45753423972082596,4.863001381284696,5.981487189180181,5.551115123125783e-17
high,3,23,0.5,0.5000000000000001,444,4.325316399249697,3.428143888241375,-3.2861705920897064,7.121671141113787,9.036825537535858,1.1102230246251565e-16
high,3,24,0.5,0.5,445,3.5016981370608864,1.0100668349509523,-1.349385798971302,1.839041278672901,3.859417501869452,0.0
high,3,25,0.5,0.5000000000000001,446,4.018921995590087,2.1250303452201207,-2.0989748324278956,4.92783984249242,6.275001470653233,1.1102230246251565e-16
high,3,26,0.5,0.5,447,2.11691034205549,2.140345945688832,-1.2840093335519347,1.8945276386623435,2.710690075419764,0.0
high,3,27,0.5,0.5000000000000001,448,3.22153602088218,3.4030473873401608,3.6631068341367805,4.13012924413626,8.358681803155749,1.1102230246251565e-16
high,3,28,0.5,0.5,449,3.1462496473196753,2.517219751777829,-2.9724103868939027,4.740226962431769,7.170812373095334,0.0
high,3,29,0.5,0.5000000000000001,450,4.077750807074022,2.823176047227892,2.9959842300532986,10.187512014044831,14.29567648700462,1.1102230246251565e-16
high,4,0,0.5,0.5000000000000001,451,4.046551454768107,2.9220217477110486,0.38321123922148514,10.502349416238074,15.678510975958877,1.1102230246251565e-16
high,4,1,0.5,0.5,452,4.523000482567722,2.1656864195718732,-1.9738962418387715,5.5353704007310975,8.527657978343681,0.0
high,4,2,0.5,0.5000000000000001,453,4.580046344930402,2.4768273711946547,1.9440309034493288,2.069643259895021,4.41371809625161,1.1102230246251565e-16
high,4,3,0.5,0.5,454,3.6085465987290837,3.1443883873241907,3.059049522429458,5.757953688914327,8.15885334954093,0.0
high,4,4,0.5,0.5000000000000001,455,2.531380851451727,1.9427325711158483,-2.1802558034000024,7.7588865788389,12.595873127642136,1.1102230246251565e-16
high,4,5,0.5,0.5,456,1.8447748192998277,1.3218137061963406,-1.4687108571393803,3.7472816989423214,5.674864286407955,0.0
high,4,6,0.5,0.5000000000000001,457,1.564009511956592,1.833789651712557,-1.0821546242890685,7.335794096525352,9.829462591080143,1.1102230246251565e-16
high,4,7,0.5,0.5,458,4.185060214212879,3.952077785012829,2.357288055836654,11.337349433197026,14.590024897565481,0.0
high,4,8,0.5,0.49999999999999994,459,2.380556731631672,2.537839627804688,1.2821709746354388,1.1907089970784195,2.1565974834756005,5.551115123125783e-17
high,4,9,0.5,0.5,460,4.480894709488697,3.201767888010136,-1.3324468028268905,1.8816201372772157,3.6005048096198538,0.0
high,4,10,0.5,0.5000000000000001,461,2.2685749666138326,3.8582051018660515,-1.948523570231724,14.329426778940201,20.15192591769677,1.1102230246251565e-16
high,4,11,0.5,0.5,462,2.7447401540390244,3.8177885962032807,-2.3604751339184302,15.30345606647566,18.507869879405913,0.0
high,4,12,0.5,0.5000000000000001,463,4.196966531139853,3.4844941100877227,2.0010821418576383,0.6153894552498501,3.065095796476893,1.1102230246251565e-16
high,4,13,0.5,0.5,464,3.7749958740875806,1.9118583575300179,0.7589071347595536,5.069043785639824,7.868107792596968,0.0
high,4,14,0.5,0.49999999999999994,465,4.436593861261487,3.139716258706513,-1.0313390881037663,1.4704549449287727,2.970220859335028,5.551115123125783e-17
high,4,15,0.5,0.5000000000000001,466,2.5648903402119556,2.191031024854422,0.9349098010356756,4.0342503329806245,5.457366021724972,1.1102230246251565e-16
high,4,16,0.5,0.49999999999999994,467,3.962078804546736,3.737847711814519,0.006101260143233844,4.065486390728617,6.034798144612054,5.551115123125783e-17
high,4,17,0.5,0.49999999999999994,468,1.238355963100745,2.5412940060656855,-0.4543795145343329,2.3588742842448247,2.7450554733094124,5.551115123125783e-17
high,4,18,0.5,0.5,469,3.702844296337198,1.07306717862175,0.8972113729940139,3.983648853716837,5.700003845549647,0.0
high,4,19,0.5,0.49999999999999994,470,0.8847317332211804,2.783445398999043,0.608449527241418,4.0654415278230704,4.649376345452268,5.551115123125783e-17
high,4,20,0.5,0.4999999999999999,471,3.262541013694075,1.8510696373672961,1.9662234504964111,28.85632855794237,48.282921525487104,1.1102230246251565e-16
high,4,21,0.5,0.5,472,3.497831826811294,3.404439995651531,2.145128528294829,7.22523945622699,12.51521297218757,0.0
high,4,22,0.5,0.49999999999999994,473,0.9964241092695032,2.5905052681016576,-1.6148798692479993,7.0739456246329695,8.331711457501715,5.551115123125783e-17
high,4,23,0.5,0.5,474,2.127800761813296,3.3176713167336986,-0.44257414931366357,5.5535423362449885,6.424253033898849,0.0
high,4,24,0.5,0.5000000000000001,475,0.8371456275390612,3.469211624285613,-2.4503950586430197,9.445036472225127,11.16744080325317,1.1102230246251565e-16
high,4,25,0.5,0.5000000000000001,476,3.683322112725765,1.9079204209009728,-2.762524337350411,2.6933161025315173,5.646487103733983,1.1102230246251565e-16
high,4,26,0.5,0.5,477,1.6926398896042263,2.496070245888144,-5.9381964031855805,26.89952676222766,34.00795886704449,0.0
high,4,27,0.5,0.5,478,4.6968565408386835,3.4969328892406217,-1.955597235391042,13.876678238857767,18.186154032878445,0.0
high,4,28,0.5,0.5000000000000001,479,0.9214279245409036,3.418355520209362,-3.2145030580244325,0.10810216294088847,3.373095711758406,1.1102230246251565e-16
high,4,29,0.5,0.5,480,4.182505469707267,1.2542365215067428,0.46675752210520527,4.60399781165774,5.747639498477134,0.0
high,5,0,0.5,0.5,481,0.8317257364574144,3.2469108385057117,-1.3178492346387094,4.138029305571647,4.688110911182137,0.0
high,5,1,0.5,0.5,482,4.437550357558311,3.8606962207772906,-2.584094131385347,10.704973290053136,15.334053942901939,0.0
high,5,2,0.5,0.5,483,3.545970944107135,3.308903446679503,0.42483890441943467,3.705985283440286,5.045429250058187,0.0
high,5,3,0.5,0.5,484,2.998249885083906,3.1717839307093714,0.4238597807888848,5.024240399485699,7.280359473689887,0.0
high,5,4,0.5,0.5,485,4.379462905232606,1.3507813789908232,2.245588071179823,6.9317147565521084,13.392794288413103,0.0
high,5,5,0.5,0.5,486,3.130092937173387,0.8202224259163146,-3.2712533327059266,23.814328124925055,40.79454194664734,0.0
high,5,6,0.5,0.49999999999999994,487,2.2861933052831196,1.5933839084631742,-0.43494580819789,2.2143890492824,3.449627712126584,5.551115123125783e-17
high,5,7,0.5,0.5,488,2.7542144279999077,2.5149924465855698,2.301941575260438,6.595592062756833,8.734369106642758,0.0
high,5,8,0.5,0.5,489,4.907573829394026,3.5450100910471978,1.245796567016681,0.35381147544188823,1.902032185870168,0.0
high,5,9,0.5,0.49999999999999994,490,3.3435967344473543,1.2728824323343944,-1.4077930967925267,2.6963423565626066,4.439781052178621,5.551115123125783e-17
high,5,10,0.5,0.5000000000000001,491,2.3103982551007105,3.7047254103543583,-3.5373466967069596,6.8880113484371845,11.969558937836275,1.1102230246251565e-16
high,5,11,0.5,0.5,492,2.7008884792348944,2.8718192499313435,-1.4330593421171658,9.933291292527105,15.130583088462343,0.0
high,5,12,0.5,0.5000000000000001,493,4.682019202879484,3.851410189998804,-3.224768160463775,9.283431145374983,13.681567409632367,1.1102230246251565e-16
high,5,13,0.5,0.4999999999999999,494,1.112189644787056,0.8894253878361984,0.706727727351443,3.8572140395079844,6.598669593018145,1.1102230246251565e-16
high,5,14,0.5,0.5000000000000001,495,2.0098654367320705,3.940796215017909,-0.0331660814257253,9.892763150131724,11.210428237185623,1.1102230246251565e-16
high,5,15,0.5,0.5000000000000001,496,1.1924028354248883,2.2448110953733154,0.6809254249654376,2.9502785035309618,4.032837736094078,1.1102230246251565e-16
high,5,16,0.5,0.49999999999999994,497,4.657362918147737,3.1736890037952508,-0.6764870219532445,1.1771311042636694,1.8828986364293894,5.551115123125783e-17
high,5,17,0.5,0.5,498,1.6780253870116097,1.0674524319894179,-0.2442591007572751,5.2646829115199285,9.009521453034464,0.0
high,5,18,0.5,0.5000000000000001,499,4.806005043146325,2.8656781536871927,-0.8766899876777584,2.036178215702639,3.5065914298264174,1.1102230246251565e-16
high,5,19,0.5,0.5,500,3.7134540134214955,0.9974943761999854,-0.4379101864007129,2.4039374061066887,3.5357975808491227,0.0
high,5,20,0.5,0.5,501,1.6716051264311707,2.4412373944138865,-2.852836936428227,8.318247949512054,10.400383650476458,0.0
high,5,21,0.5,0.5,502,1.1739905964049446,2.413995696688959,3.025916425028447,11.42809623637282,16.005809611215593,0.0
high,5,22,0.5,0.5,503,0.8874396227276704,2.283770868870148,0.8879579718543944,5.108720058875783,7.1452002012313685,0.0
high,5,23,0.5,0.5,504,4.207210215552365,1.8779904829569187,2.098400551601644,5.6539194079382575,8.78570543756573,0.0
high,5,24,0.5,0.4999999999999999,505,4.372596023895089,1.736131764970936,-1.9615647310346949,5.022217502211566,7.462787716539878,1.1102230246251565e-16
high,5,25,0.5,0.5,506,4.361129613984117,0.8201587263373704,1.132898008308416,4.187323755889018,6.672861772147747,0.0
high,5,26,0.5,0.5,507,0.8638401772405556,3.9643427316264503,0.3715877225888236,8.858365345856392,9.50104061165637,0.0
high,5,27,0.5,0.5,508,2.1668684027061342,3.6452769758961585,0.7731949409515507,2.0067595005247654,2.402823210958184,0.0
high,5,28,0.5,0.4999999999999999,509,3.9746667998167924,1.6028104949568722,1.3381485748882198,4.454548217419923,7.178868849221484,1.1102230246251565e-16
high,5,29,0.5,0.5,510,3.151312742468539,1.0054356800915998,-0.26560307173922043,4.689955460338851,7.155260204134909,0.0
high,6,0,0.5,0.5,511,1.9313224010668715,3.391012976314123,-1.7952781116266046,9.403283686618629,12.808228367839385,0.0
high,6,1,0.5,0.5000000000000001,512,1.2506426078640964,1.478198175592455,0.15036160348151842,3.7782254351526228,5.9286750535611015,1.1102230246251565e-16
high,6,2,0.5,0.5000000000000001,513,1.2156843877668488,0.9311447096040073,-0.6851703629068011,1.170369280749554,2.1308333032752613,1.1102230246251565e-16
high,6,3,0.5,0.5,514,2.806139026280076,3.874215791057635,-1.4761649360791453,2.811538051173038,4.631198733001864,0.0
high,6,4,0.5,0.5000000000000001,515,2.877159235109872,2.52501632795172,2.2069023366166296,13.604689668563113,23.446857844609212,1.1102230246251565e-16
high,6,5,0.5,0.5000000000000001,516,4.2085774090559305,3.066908996077733,-1.7967174580373384,9.14463608214276,16.606665723412025,1.1102230246251565e-16
high,6,6,0.5,0.5,517,2.4998573899342222,0.8568637503227606,-0.5118390744267527,10.85478131568363,17.602358865976036,0.0
high,6,7,0.5,0.49999999999999994,518,0.8643093121285377,1.6433227879096794,-1.3320480229300198,3.3894558724951405,4.935823417222935,5.551115123125783e-17
high,6,8,0.5,0.5,519,3.3975968457852543,2.9317828088788955,2.1230102138881257,7.419875790052946,11.646201707254267,0.0
high,6,9,0.5,0.5000000000000001,520,2.6560598451055553,1.4645144629921258,0.944224167816829,3.0975276157410394,4.989073964732655,1.1102230246251565e-16
high,6,10,0.5,0.5,521,3.766108627470582,2.6243153554986316,1.088505437417974,7.119781560055783,13.797287461477659,0.0
high,6,11,0.5,0.5000000000000001,522,1.8759510858239843,3.7049341641156186,0.07321317857054156,6.639424472731137,8.843874798716788,1.1102230246251565e-16
high,6,12,0.5,0.4999999999999999,523,0.9419732481717852,1.006386815141183,0.8257650891561976,2.0830599699922643,3.3114691162390897,1.1102230246251565e-16
high,6,13,0.5,0.5,524,3.398485030040969,2.0562786182769672,2.6483440281703046,2.231404461895898,4.125165643701516,0.0
high,6,14,0.5,0.5,525,3.951185136890782,2.0142570198495062,1.7600764349882745,2.235440372818314,5.750518375639307,0.0
high,6,15,0.5,0.5,526,1.122768107063373,2.3686816902419103,-0.17617103091829023,9.261693682887689,12.808794750352055,0.0
high,6,16,0.5,0.5,527,4.969476419871891,1.4471279556679648,1.5431976083249648,0.6998686693580869,2.939322658253223,0.0
high,6,17,0.5,0.4999999999999999,528,1.9910310408049567,1.542203176267541,-0.8102469857507187,7.815716693526562,12.883056077351592,1.1102230246251565e-16
high,6,18,0.5,0.5000000000000001,529,1.7472104865294873,3.4259559816280083,-0.3993849796187365,2.4542140232235203,3.681219392697064,1.1102230246251565e-16
high,6,19,0.5,0.4999999999999999,530,4.199763042932769,2.2116314281706533,3.7279953833736994,12.07357210367301,16.68550076432151,1.1102230246251565e-16
high,6,20,0.5,0.5,531,3.6971934372243886,1.9358264676978956,-1.5852309402961162,1.2098291837364816,3.070647759492632,0.0
high,6,21,0.5,0.5,532,2.517272626500031,3.1340155556225113,2.0328044537548378,20.691973166381217,33.8502038313521,0.0
high,6,22,0.5,0.49999999999999994,533,4.523489227574854,2.752080895204246,0.9441933612455788,3.2353468416052173,6.139568849264802,5.551115123125783e-17
high,6,23,0.5,0.5000000000000001,534,1.5271219664947562,0.8278102407301869,-0.6618140613925299,1.5716462596114422,2.8027240124496426,1.1102230246251565e-16
high,6,24,0.5,0.5000000000000001,535,2.321071109832869,3.1903564724782596,-0.39669456025669475,5.1259442018265355,5.538116997455601,1.1102230246251565e-16
high,6,25,0.5,0.5,536,0.8334298476685399,2.6604939110991155,0.08386077117998195,4.970050332278105,5.98583597632324,0.0
high,6,26,0.5,0.5000000000000001,537,2.469537330813676,2.3928120779527333,-0.45502272321539144,1.5988153631373812,2.6559660559115916,1.1102230246251565e-16
high,6,27,0.5,0.5000000000000001,538,4.086135303058095,3.453478532744227,-0.19603906117038797,8.045995991654657,11.420602389523125,1.1102230246251565e-16
high,6,28,0.5,0.5000000000000001,539,1.2678045711333992,3.534601708398326,1.2730695757639323,3.6212784734960195,5.094356656826854,1.1102230246251565e-16
high,6,29,0.5,0.5,540,3.8109029487219175,2.4177181669922554,1.682644920070205,12.8633485144686,19.580531816666316,0.0
