x1,x2
-1.1528441761614068,0.33173982525791046
-0.2980607629315638,0.1671966542813923
-1.8726197113053487,-0.7319499855008597
-1.2124423238178612,-0.0001417599203022979
-0.0783450198686898,-0.02325361381690305
0.8851779029248762,-1.3511001090140076
1.9842137243909332,0.20076714161518072
1.861340988595019,1.3414401554591189
2.9526951756067334,1.0216844840254882
0.9278812484980765,-0.30476621865482945
1.2842249202670173,-1.0178836014024915
0.9402309267168558,-0.0795779560235802
1.2539177085183384,1.188545157325204
1.6468783993494736,1.2690554245512016
0.6312269521798386,2.63396056879066
1.5421603198543803,1.2920266795278876
1.2428054623173679,-0.3267830450297
1.6712919348109687,-1.432215279148457
1.6706852536880978,0.35186100222865024
0.37602971963458454,-0.08061672133263631
0.4808684621996618,-0.10372545550242317
1.8856641003327992,0.7416359878286999
1.0257025647192477,1.7044923946269952
1.7223147179973328,-0.02434761103564842
0.9950522086561031,-0.3339144546605609
0.7141278258363106,0.7733896394205505
-0.7990165139982065,0.3325198898151025
0.4466253760208172,0.6465285608359574
-0.4469324592834463,0.8072996939381105
0.38946041624205563,0.7969018291744795
1.9926977697328567,0.7810477111723685
-0.10561347806066856,0.8932863354707454
-0.42035247256499275,1.2664935719795891
0.0911849401462605,0.17129197483903924
-1.1123117966692881,0.747571127984555
-1.414644646255788,1.3666081560543968
1.0503967908775593,3.4135113499952925
1.4196558885975372,2.2474228999385435
2.403159837303665,0.4653200883366504
1.5007944115685283,0.9544158300072928
0.20645633765555316,-0.6799585452273342
0.9365539451432373,-0.10034043661386854
-0.3906482812149986,-0.5201119133877065
-0.21495812908697365,0.3276162716997443
-0.714776150103177,0.7026272593886509
0.47152060151619724,0.7925272260272951
1.6233726253821055,0.05222169825595224
0.5912857332597334,0.11459503329965912
0.512351465785745,-0.0035611236214921904
1.6966641569150056,0.9409936042378764
1.9571361249170511,0.630033582002009
1.1912813786730885,1.0058095282844812
-0.7080425837230777,-0.5942152551029428
-0.707269566852772,-0.7384414979824161
0.9905985903192193,0.9436409842510499
-0.7227454828915061,2.1683230865851675
-0.02329411810292146,1.7790357937608756
1.061215462448092,0.5795819161173013
-0.6135771297255933,0.03530525969361298
-0.46083469668502575,-1.2123952492385364
-0.8206025249698798,-2.8550753475470594
-2.8324069240179828,-1.2578612865803258
-0.8173942405694312,-0.7001739317142375
-0.4129526158551725,-0.9500628891475158
0.771838275957097,0.5844079451347465
1.1562601288736885,1.622907084324474
0.8426474499661224,2.9098780474224744
1.9095772344598667,2.562124208200281
1.7304817832240516,0.6003769704555286
0.20166431978303223,1.183244077845855
1.5444109599752538,2.2536625665543926
0.7053222335694849,1.98501333399638
2.5986502195577965,1.676110435145628
1.2979109734878829,1.1880380855228583
0.6094388840282465,0.9644254896649577
0.9693987461755793,1.4216983294588053
1.052312329952011,0.43323012515075665
-1.066525414301444,-0.8154198439074176
-0.23096198532859824,0.6714355059803543
0.3158778636114223,1.6983676716238367
0.08063284128671949,-0.1991666690966487
-1.0123567849697015,-0.663847560821758
-2.525107534334908,-0.10653719878008883
-0.8926174080238707,-0.5751648969957398
0.5491859094065803,-0.2573675818251077
0.13837118457429354,0.13875089919390077
-0.6016705731488476,0.377255703469091
-1.1559560203406858,1.0533518315516355
-1.8788038667599745,2.4443976218005408
-0.6357306888889153,0.5116675573022547
0.29884170196355603,1.4434098854038309
0.22574006668173538,1.6428409360461451
0.12556202244726927,0.7479401255705835
1.8038278640980923,0.32262550757002817
1.0001613238394127,1.2728648642489766
1.4190508727819642,0.08142464223450652
0.5001356899568901,0.2872362467412991
0.9791723105188631,1.0546125871989043
1.427686881788029,0.11302632579223049
0.25899540249791986,0.26519432432446166
-1.288185422889039,-0.038210558889252066
0.8849839640019331,0.4003218442565367
-0.10813982782076892,0.25744884771299903
-2.7079455352736432,2.03346217880797
-2.3501512223547034,1.364172019937106
-2.291765401660575,0.3361327420329681
-1.5026667476850748,0.7093068164327153
0.0034366992337393487,0.8292159269733572
0.5107804132793912,1.0205448153056205
-0.2508711997963875,-2.2053669698988028
-0.19078119143427086,-3.076220228771275
-0.9934609876031216,-1.1477167839690448
-0.23984174835212413,-1.5921744649448362
-0.28769910507469887,-0.15975456274856592
0.2562113994010695,0.5763009277049717
0.6177377975579073,0.006798633083566985
-1.7315321306625269,-1.2869386104881244
0.22610729036591515,0.6690197708689365
0.2987112718803279,1.5287802358174636
1.1918124508780337,1.6710889444971786
0.1299838190166831,1.393997426094923
1.5223932773110758,1.7586128810941013
2.0345864805517464,1.3796667095357944
-0.16625989383319362,-0.01453895679292927
0.37087896453108044,1.5327683347806544
-1.792670664041641,0.009903392023009605
0.4378102489113038,0.7661437951892256
-0.18683861264252188,-0.8599976432363964
-1.1002010448539092,-0.5202211875920849
0.0183660487885825,0.23792462630369005
3.277833728707268,2.175541214473842
3.3436339193248195,1.3160906909053154
1.7993894707353704,-0.9065482420998063
1.1757520726568407,-0.022522446538144114
0.3884225844586333,-1.90964968392098
-1.0927029439858702,-2.2296311570922356
-0.583614527295532,-0.6053104294909091
-0.2766247663331839,-0.9976589039177385
-0.19382828258454995,-1.0102545474862783
-0.8015902784102089,-0.4263598314002575
-1.1126122450344544,-2.3896000710928558
-1.710323129900384,-4.658558476047682
-2.1835856704303853,-2.961597037237425
-1.7606196919756356,-2.886413383410446
-1.1741976830554097,-2.3204211012896825
-1.1960731512529383,-0.7639221023970504
-0.7483325532258712,-1.352118718405386
-1.6265047305060443,-1.56479611653294
-2.3167058994570633,-1.5408646999583697
-0.6984317619766797,-0.9733263075843339
-1.5773116032723786,-0.9925590385689922
-1.1974591819280076,-0.7662592674969015
-1.5518353798609321,-2.036192129395742
-1.6598048775013612,-2.1412208249398557
-1.8986720467689522,-0.8392897164523487
-2.453811897961956,-0.9615631506236328
-2.729536472008953,-1.9585600177695932
-2.3956856608340513,-2.377310010924458
-2.097230998108535,-2.242030511724837
-2.137044992837415,-1.50524546045416
-2.1614784894813246,0.6301672887298295
0.3585471774473974,0.31772272555632
-1.1233799506256004,-0.20708424481347798
-1.5903605188435808,-0.38874423310555173
-0.49126864925508196,-0.9521061958750834
-0.14568374625684394,-1.1773310618400323
-1.022042802582684,-1.711867100706352
-0.09992755654919205,-0.8251085616865718
-0.2243902849337671,-1.25398867351855
0.13329607130176357,-0.09316852592918345
0.16375720109502498,-0.5492983517191412
0.23087527892775664,0.14891269113488242
2.1684574239297127,0.46214253382643167
2.0990082479746563,0.9932967271224846
0.33457009243801816,1.5273793496050474
-0.09062845850697887,0.3165343493454752
0.6173655223253229,-0.36526181496793886
0.48306547160484925,-0.3497937046282781
0.4490929467871341,-0.946129493550293
-1.2452612460855144,-0.12931132705730164
-0.9229896378768967,0.11029704118594541
-0.8507810167214612,-0.8088681416479369
-0.860361137912199,-0.8245051708382638
-0.30254794970930843,-1.1992574770534465
-0.7357607617549411,-0.5948760008559382
-2.297893310880097,-1.0924263822866032
-2.8792035178014097,-3.1844079341872127
-3.176157672112649,-3.111826693597231
-3.815339794074773,-4.739565733757802
-2.205506159157677,-3.376830071369187
0.024710631683911632,-1.1830330553475736
0.3012779222330433,-0.12464559334756087
-1.229652478855974,0.777301037658953
-1.0072866697340466,-0.6864115222887037
-0.3083525483187042,0.4341316384977171
-0.11728477883050893,2.4209685502280047
-0.2595041234327195,0.4544864230686929
0.5154063254884708,2.4743249950785917
0.16415176395077202,2.608215110437257
2.2601978006587236,2.7730393827436286
1.878704856978732,2.1907138362151057
1.5597370756311775,2.4527075437825645
2.371359701324645,2.6493792568278165
1.5513601146931475,2.299062129607994
1.482253472544307,0.5254100114527545
1.475392670259049,2.50873854278702
1.561873795602217,1.1929255184973067
-0.14330335881945722,-0.19090942430042734
-1.1148881584138777,-1.058802246583176
-3.5805950838746865,-1.4756048338738772
-2.8175458296659843,-0.6154724525079934
-3.1436340621149546,-0.42321067593010586
-1.5987499250635682,0.5732088025614044
-0.657452984598382,-1.652442244659253
1.4354392974963797,-1.4749073845126026
0.35898111213641076,-0.24718478226124319
-1.089122330815083,-1.3045351515189822
-1.4109332253638665,-3.151597702830099
-0.07070618693966235,-1.0067633493607775
-0.5340773723711222,-1.0407909012242793
1.1909446317560477,0.8321396145233394
1.536508013001718,2.1494727498713995
1.6122787830081386,0.8066803909559288
2.1696352718685707,0.5135577352758717
0.8899563967109928,1.192057262874689
1.2689050960586843,2.0163514091799173
2.061190592054567,1.4967739619119462
2.2348173999272465,0.7276938500010652
2.6414696684407897,0.4705596568843269
0.07411949113811067,-0.969611117260075
0.28809398869196856,0.019413129269713836
0.39802816601405144,0.002232980207300346
-0.7040411328626094,-0.005643515975395336
0.34480898108957814,0.012690459089588851
1.7930121746241465,-1.096716939372111
1.2693962830695995,1.4418391700050006
-0.12887805765663907,-0.3373200299654753
-0.7937639995384264,-0.5297088363365153
-3.7268226823163175,-2.270096200874633
-2.0216770420017394,-2.423924497794953
-0.5230034057628052,-0.48338571310940837
1.040726921359334,-0.6222975158718141
1.6611128020871297,-0.4501042722554189
-0.9751553593894431,-0.9875936681476165
-1.6517309603606636,0.09314340530105991
-0.5252436138385379,-0.6718916412039242
-1.9963298673378589,-1.4320069181501238
-0.5353388390363715,-0.4783891255129721
1.1071402295092425,-0.5005356202157973
-1.312157315646259,0.1432569963310869
0.035861143763498804,1.4296824836905933
1.1202052558962463,1.240741398914801
1.9090185164234321,0.9469989228752222
1.787288225789641,0.3230849921228133
0.9486619363412919,0.1571177867772413
1.3301886966771899,-0.1394271846808653
0.7883402180133823,0.9473232292220729
0.836945910995956,-0.24022154752283942
-0.0704876448034294,0.2799818599094165
1.0381651264689504,1.8563123286413834
1.1908151703336787,2.2750302209254043
2.852637001926733,1.2591792258986498
3.247137271305111,2.5073032594540345
2.7753489698128297,1.3354301032270783
2.4004142276152036,-0.28548225559843354
2.1528741679565484,-0.6229677649344293
1.6646165867498337,0.332778484528509
1.9865192091253134,0.865587901875263
0.8950237386676609,-0.34802958022145236
0.461995394954288,-1.4962184412240664
-1.3020317323825839,-0.5754516559467602
1.5678437226138602,0.9882345788043932
0.7932259968024118,0.26317488421355717
0.586665660832583,-0.39300480594606685
0.29568741131183734,-0.3783476110758719
-0.990270473667502,-1.0262531833706636
-0.8279271894506821,-1.3332579427825697
-0.11438232141483062,-0.8788574480755476
-0.31336058898830205,-1.1937137075145494
-1.8882067240929195,0.12726405798297247
-1.6169162891095117,-0.9949371435661442
-1.896166180880608,-2.068017900971651
0.6882771482146013,-0.5904325205585061
2.0111186325339325,0.9558474348626391
0.39119760538111525,1.8471493847026002
0.47019278583834323,0.9389254337085742
1.1093378908387828,-1.2725463650899556
-0.23491506709197896,-0.5137571972463779
0.27171984476666067,1.4856068140604521
0.4329363844221949,0.5485045827502617
-1.4840623140649791,1.2604418070361096
-0.9318235686677598,0.7341270503548948
0.460854575325865,0.2882804662428531
0.17119672289152676,-0.9280223746695829
0.14200097015254629,-0.9727804914388261
-0.6929185608839481,-0.8555149645847202
-1.1216158042921784,-1.806373547405332
-0.23761964010520165,-1.7380873579360117
-0.3552025596993947,-0.6590084548035663
-0.40966659766835367,-1.65269027142899
-2.079442892588667,-1.0969423835329009
-2.9107034638210934,-0.19879845655705242
-0.42598532028176295,-0.5427281220898478
0.18484154370914335,1.8966136439695687
-0.004454468514338172,0.7856629120511568
0.5945902785010784,-0.34204763098056856
-1.7599319261268822,-2.075354316421329
-1.988596247092629,-1.2875687920607497
-1.9709251222046476,-1.3555082447293572
-1.095280283546401,-0.22972296160406525
-3.0164106538514464,-0.9917095259133955
-2.990217147190645,-2.582745128849245
-1.4384178555979126,-1.3835149374231919
-1.8320129935571692,-0.5098966702167991
-0.7415726949331569,1.7292738111759274
0.2808474325067607,1.0111781920205296
2.1657551420962364,0.5728677017826019
0.7069897894002957,-0.002702942072265846
2.229831945212376,0.3426277112906876
0.6897365384144902,1.7209473221181788
1.8565919894696492,0.5936546541113571
1.5921559564917094,0.6379964093407728
3.2893136553102478,2.7479913293083547
2.2974905896264857,2.8505919065731264
-0.2085481847486279,1.4009721928555945
1.0264800764257482,0.5219811535913538
-1.3894588227433953,-1.5716400881086057
-1.144960871421404,-1.2645966921274105
-1.014192129564058,-1.2448195828096948
-0.07145198566495115,-0.8338179375836787
0.13826618195639864,-0.8859056544309656
0.4175282499248655,0.0313722754029272
-0.42741364165316714,1.1590568738213867
1.4668992156172675,3.5516227973091796
1.8124722926493928,0.40156567621013606
1.6638274616871422,0.5188793938805709
2.697007120485746,1.2042079704996826
1.7177635634232438,3.0446783374025106
0.13296362896835756,2.300945294076442
0.626092652967091,0.3741714139669208
0.583853737864638,1.036928907973299
1.1211934041660014,2.191362108845257
1.5264919747929127,1.618082366766691
0.403487687445672,0.9749423225236509
0.04223254253417502,1.6996973823987807
0.8724677017412148,2.4299849600603474
0.7144342349542735,1.1269325778026458
1.131278981539794,-0.14280939415892957
0.014620689694514688,-0.8412026564073056
-0.3586375725512474,0.45465520904956247
1.2768654760029927,0.016997986664451126
1.6659931223304398,1.7531000219637929
1.3443807862683752,3.464234712792757
2.1743434419965624,5.241544649929011
2.240003522775383,3.6591716295621914
2.2790321428774685,3.460880415635517
1.4372152400911788,3.3335837682409433
1.3480329019184631,2.4740566084631204
1.6304740856966362,2.1261069683225235
2.1670973908126685,0.39141530142724656
2.02576236330938,2.0173632546469964
1.590019958331015,1.3681283846751626
1.0071436299582863,1.3074620631434541
1.7613980421873443,0.990654688571224
1.6758874114871032,0.1328894526823815
1.710228487133251,-1.0757945802827829
-0.2983460660247442,-1.132172717483245
-1.1932277803536142,-0.44740545345199956
-2.7482756067722516,-1.1751455964744035
0.3571737125439389,-0.37027716707214
0.6285579625755069,0.2957038697018975
0.44828133668098535,-0.5768573698971878
0.44991171808555563,-0.9564387741223301
1.4038726182399512,-0.9636864832112915
2.1935881103375356,-0.58952623407084
1.361678895751695,1.2168075098555864
0.2684604626754201,3.3107012327630674
0.3161403918249588,2.0559618277843312
0.8785978551120286,2.5771263969870075
1.4344960651682261,2.428124295658346
-0.660853839190328,-0.27769933009078285
-0.962621164244355,-1.6030534762224868
-1.9175945549683893,-0.14257114288081718
-1.7458529867868278,1.2861767736316947
-1.028124457742348,-0.1776292418397467
-1.737634914181819,-0.1616453627504644
-0.6472717676179477,-1.7171919359557077
0.000869284797752945,-0.8269587985164589
-0.4720546046005719,-0.15157951660695806
0.33318458315690697,-1.0865786256544765
-0.6851576806049233,-0.6725844883061274
-1.636327493691477,-0.35124389745859214
-1.9960294092581203,-0.8101784144365908
-0.3204461834257326,-1.692796165873412
-1.0000659175537534,-1.4405015233327132
-0.3517590698928499,-2.0826461602846815
-0.3790626574787589,0.0016010581486181064
-0.5984082480803831,0.3982861093122
-0.31982270125288115,0.21373241650218433
-0.6003195475564018,-0.9441343454352571
-0.35302789651394056,-1.0719067934002562
0.1070126559489315,-0.6182441823243855
0.04470028913422404,-0.8843911383644554
-0.6332241920827958,-2.156283540726954
-0.40038208490166316,-1.6822085639951112
-1.8595452036739517,-2.2678916953023176
-1.5223357556520944,-3.484247739365868
-2.3518664852244564,-2.2801971241992147
-2.563845479605539,-1.2673174178502142
-2.208500679665169,0.10732573086151387
-2.942407995402025,-2.21381116452789
-2.708865266856485,-0.6248991469900507
-2.714462603000065,-2.2911358702733207
-1.581433270901477,-1.7031819500717609
0.33791612325379394,-0.8099218579914038
1.3045646353094906,-0.17782468579823746
0.6365743898280013,0.17250633808681623
-0.24297334399988008,-1.6562758012285868
-1.1440277475266718,-2.103873991167302
-1.4665411245938111,-1.1480070554444475
-0.4305953109185424,0.18114503730808273
-0.6476643363442666,0.24088203120113844
-2.0261325614742614,1.3232909261321415
-0.12271690367776078,0.9237107700506983
0.9421286610120123,0.808093106948562
0.5373420824305303,1.8771876376901298
-0.10974630001534613,-0.11513964433160839
0.3032976037267493,0.8583873400838703
0.42442496889676434,1.4508648632960983
1.2779524957893584,-0.0022801800284431017
-1.5437786779996732,-0.05898389696449374
-0.21465061333861013,0.06901210505628738
-0.5433272984823976,-0.0057613285724222585
-2.0473370544684077,0.5999520168247178
-0.4934733947939087,-0.1143868970109615
1.2255053402812504,0.5502005027406072
-0.18962362550618594,1.5960734549154973
0.4903573486662969,1.6479953641555707
-0.06600889779968122,1.9189359938285122
-1.3790299914114714,-1.0146899485879355
-1.253491196301114,0.16414663613703417
-2.361550672636009,0.5323218186008464
-1.5686839260675611,-0.5468678153557163
-2.1827029510972533,-0.35995912803399144
-2.343214842527617,-0.8316282030109204
-3.1239997745344823,-0.9846772541554991
-3.569449464145661,-1.7322243137429871
-2.44017662486568,-1.3479700748219037
-2.2231129555241056,-2.643621001946318
-1.9271235182570372,-2.602782300571806
-2.4563477100152626,-1.2814924575652291
-1.9116483440801655,-1.2692762531064439
-0.7459827496546795,0.45818242284010813
-2.1561579027298823,1.0055221903659488
-0.9741026399092199,0.8660395712291526
-1.5455471690486158,1.2409918279591452
-0.7673715821667976,0.9560406378689852
-0.8697161023735904,0.21278889981375632
-0.234170782969073,0.5367320947421254
-0.2914509992568245,-1.1205888423788695
-0.09199488669892009,-1.3349579280577166
-0.38453638666629597,-2.8082769580003677
-0.564921579015412,-1.3304687550795857
-1.8283141428826346,-2.288884488968206
-2.220056745665069,-0.2245268572373751
1.091317856672878,-0.512579492497091
0.49454310924495226,-0.9014441346824805
0.520711932173763,0.6608569616292409
0.5817535506038567,-0.01560077134441884
0.8619936657844169,1.5956219371013327
0.3707848706635757,0.6202525417867039
-0.5092142269860165,-1.6506217618774572
1.003603158782934,-0.38577727746036805
0.4177975014784473,0.011030402670510503
0.23909652769835477,0.45227054106425635
0.38879270825865253,2.2036650320841296
0.07923990072475262,2.3086783188374898
-0.03725325230498233,1.61790365389166
-0.42300024364647293,0.9343141215796638
-1.3714542181641622,0.8798774468833421
-1.2247897534759717,0.7397806383299921
-1.3665553291244041,1.3196995355014458
-1.0761191111287036,2.3979097783262904
0.7127448294421379,0.7568433430090602
0.878650079299881,0.09486814767661678
0.2545127334677883,-0.909573338327223
1.4483849283440715,-1.3693928510914595
2.3937997475794455,-1.883061838326856
1.8867833846034763,0.6480873464479098
0.3764510702976889,0.260511227188483
1.0858003968022276,0.9713776373484581
1.5339580173395237,0.10615105377494449
-0.7895279705342758,-0.4653223903708253
-0.40454012499199243,-0.21062558120482422
0.7550538557185531,-1.5638021478947626
0.7430199827924799,-1.2233426634086118
1.1749765015329787,-0.140807173520763
-1.1516444963633594,-1.051280834753136
-0.7794881828576853,-0.05181726866615011
-2.153273448397078,-0.6953966636506755
