true_degree,noise_level,method_pol,metric,p_raw,p_holm
1,high,cv,imse,4.315739068016899e-13,5.092572100259941e-11
1,high,cv,imae,2.3359058362293348e-14,2.966600412011255e-12
1,high,cv,maxerr,2.1192014784531965e-07,1.0807927540111302e-05
1,high,loocv,imse,4.5171139012885904e-13,5.2850232645076505e-11
1,high,loocv,imae,1.2238380208533596e-13,1.4808440052325652e-11
1,high,loocv,maxerr,3.422473074129819e-07,1.5743376140997165e-05
1,high,silverman,imse,9.560845926261495e-25,1.4532485807917472e-22
1,high,silverman,imae,3.7942108898051425e-25,5.84308477029992e-23
1,high,silverman,maxerr,0.010705805967931461,0.03211741790379438
1,low,cv,imse,6.681291674210507e-07,2.9397683366526232e-05
1,low,cv,imae,3.799409232661224e-08,2.1656632626168977e-06
1,low,cv,maxerr,0.00019347294865348436,0.0038642755189034024
1,low,loocv,imse,1.299432667707948e-06,5.327673937602587e-05
1,low,loocv,imae,1.7327710403251318e-08,1.091645755404833e-06
1,low,loocv,maxerr,1.986116387342948e-05,0.0006156960800763138
1,low,silverman,imse,8.694471709549844e-26,1.3650320583993256e-23
1,low,silverman,imae,2.1051416235597336e-24,3.1577124353396e-22
1,low,silverman,maxerr,0.006618746950368801,0.026474987801475204
1,moderate,cv,imse,8.053391986911775e-09,5.71790831070736e-07
1,moderate,cv,imae,1.59720683357241e-10,1.5173464918937897e-08
1,moderate,cv,maxerr,0.0002569091933771923,0.004290236041027741
1,moderate,loocv,imse,7.0372140053574e-11,7.0421795089163085e-09
1,moderate,loocv,imae,1.4108143186999303e-12,1.580112036943922e-10
1,moderate,loocv,maxerr,1.8904723052171657e-06,7.183794759825229e-05
1,moderate,silverman,imse,1.52507861458927e-29,2.4706273556346174e-27
1,moderate,silverman,imae,8.330299525793078e-27,1.3245176246010994e-24
1,moderate,silverman,maxerr,5.779411215879887e-05,0.0015604410282875696
2,high,cv,imse,1.2660294659855975e-08,8.355794475504944e-07
2,high,cv,imae,1.1544861256532882e-09,9.582234842922292e-08
2,high,cv,maxerr,0.00012675175799579464,0.0026617869179116874
2,high,loocv,imse,2.897509913832658e-07,1.3908047586396757e-05
2,high,loocv,imae,3.554039286450548e-08,2.0613427861413178e-06
2,high,loocv,maxerr,8.869832091535009e-05,0.0021287597019684023
2,high,silverman,imse,8.571717875232754e-06,0.0002742949720074481
2,high,silverman,imae,1.1918769070937227e-06,5.005883009793635e-05
2,high,silverman,maxerr,0.00026506865396132414,0.004290236041027741
2,low,cv,imse,1.8291580217203713e-27,2.926652834752594e-25
2,low,cv,imae,3.976627438952566e-25,6.084239981597426e-23
2,low,cv,maxerr,8.513879533901317e-12,9.109851101274409e-10
2,low,loocv,imse,1.5639031377170693e-25,2.439688894838628e-23
2,low,loocv,imae,2.9805918481483243e-23,4.41127593525952e-21
2,low,loocv,maxerr,1.8824224692010473e-12,2.070664716121152e-10
2,low,silverman,imse,2.2962126195115763e-19,3.3295082982917853e-17
2,low,silverman,imae,5.661955321381733e-19,8.153215662789696e-17
2,low,silverman,maxerr,1.8892484865694783e-11,1.9459259411665627e-09
2,moderate,cv,imse,2.9724169058853826e-10,2.6751752152968443e-08
2,moderate,cv,imae,1.841436610868703e-09,1.4731492886949623e-07
2,moderate,cv,maxerr,1.753593371793081e-09,1.4204106311523956e-07
2,moderate,loocv,imse,4.005577450223364e-09,3.044238862169757e-07
2,moderate,loocv,imae,1.9602626190899204e-08,1.2153628238357506e-06
2,moderate,loocv,maxerr,1.0064415046793629e-08,7.04509053275554e-07
2,moderate,silverman,imse,0.0005135762358753405,0.005649338594628746
2,moderate,silverman,imae,0.0002523668259428083,0.004290236041027741
2,moderate,silverman,maxerr,3.501151137926669e-06,0.0001225402898274334
3,high,cv,imse,9.365947023769185e-05,0.0021541678154669125
3,high,cv,imae,1.5682603886804529e-06,6.273041554721811e-05
3,high,cv,maxerr,0.00011682064593962812,0.0025700542106718185
3,high,loocv,imse,0.0002982360678218113,0.004290236041027741
3,high,loocv,imae,3.3828944310239567e-06,0.00012178419951686245
3,high,loocv,maxerr,0.0003574644195225557,0.004647037453793224
3,high,silverman,imse,0.031851543056981714,0.06370308611396343
3,high,silverman,imae,0.0007361337392038559,0.0066252036528347035
3,high,silverman,maxerr,0.0028044732463325885,0.014828750970925023
3,low,cv,imse,6.0586591245699484e-15,7.815670270695234e-13
3,low,cv,imae,3.808812802125022e-15,5.065721026826278e-13
3,low,cv,maxerr,2.157980047404661e-15,2.934852864470339e-13
3,low,loocv,imse,3.4800958680060204e-14,4.3501198350075254e-12
3,low,loocv,imae,3.182234065899413e-14,4.00961492303326e-12
3,low,loocv,maxerr,3.996729488233347e-15,5.275682924468018e-13
3,low,silverman,imse,2.156762016540399e-11,2.199897256871207e-09
3,low,silverman,imae,5.868160590042888e-13,6.748384678549321e-11
3,low,silverman,maxerr,9.528207892931131e-14,1.1814977787234602e-11
3,moderate,cv,imse,2.028817813591605e-09,1.602766072737368e-07
3,moderate,cv,imae,8.832620820147111e-11,8.655968403744168e-09
3,moderate,cv,maxerr,6.176120603367032e-13,7.040777487838417e-11
3,moderate,loocv,imse,1.2353508626568816e-08,8.276850779801107e-07
3,moderate,loocv,imae,1.3956506831821456e-09,1.1444335602093594e-07
3,moderate,loocv,maxerr,3.604563299741815e-12,3.928973996718578e-10
3,moderate,silverman,imse,6.36888972458297e-05,0.0016559113283915721
3,moderate,silverman,imae,5.993137330911689e-07,2.69691179891026e-05
3,moderate,silverman,maxerr,2.5756351623248707e-07,1.2620612295391866e-05
4,high,cv,imse,8.328642818645262e-08,4.497467122068442e-06
4,high,cv,imae,3.095223042965507e-09,2.3833217430834404e-07
4,high,cv,maxerr,9.235595522624006e-12,9.789731253981447e-10
4,high,loocv,imse,4.961960352855529e-06,0.00016374469164423246
4,high,loocv,imae,9.93622956196965e-08,5.166839372224218e-06
4,high,loocv,maxerr,4.4109036495174104e-10,3.793377138584973e-08
4,high,silverman,imse,0.07748674380634009,0.07748674380634009
4,high,silverman,imae,0.0024714584951541704,0.014828750970925023
4,high,silverman,maxerr,0.0003605475393784771,0.004647037453793224
4,low,cv,imse,7.510636800388044e-10,6.308934912325957e-08
4,low,cv,imae,2.163530052238061e-08,1.2981180313428366e-06
4,low,cv,maxerr,2.0756812845084075e-10,1.930383594592819e-08
4,low,loocv,imse,2.290864037058284e-10,2.107594914093621e-08
4,low,loocv,imae,1.1716821661829502e-08,8.084606946662357e-07
4,low,loocv,maxerr,1.9010769531753672e-10,1.787012335984845e-08
4,low,silverman,imse,9.744432187259655e-16,1.354476074029092e-13
4,low,silverman,imae,1.9253321903588257e-15,2.6377051007915914e-13
4,low,silverman,maxerr,3.1885966638033106e-15,4.2727195294964364e-13
4,moderate,cv,imse,3.285072521996617e-10,2.8908638193570227e-08
4,moderate,cv,imae,6.882800047697047e-09,5.024444034818844e-07
4,moderate,cv,maxerr,3.1955458488530205e-10,2.844035805479188e-08
4,moderate,loocv,imse,2.5448957602937326e-09,1.9850186930291115e-07
4,moderate,loocv,imae,9.04751338809582e-08,4.795182095690785e-06
4,moderate,loocv,maxerr,4.4222612960017964e-09,3.3166959720013475e-07
4,moderate,silverman,imse,1.2052196247330827e-08,8.195493448184962e-07
4,moderate,silverman,imae,1.511416706337654e-08,9.673066920560985e-07
4,moderate,silverman,maxerr,6.972454959323078e-11,7.0421795089163085e-09
5,high,cv,imse,6.861261860902091e-08,3.842306642105171e-06
5,high,cv,imae,2.054991730666882e-08,1.253544955706798e-06
5,high,cv,maxerr,1.1275997349526035e-11,1.1839797217002336e-09
5,high,loocv,imse,6.932200857947704e-07,2.9808463689175127e-05
5,high,loocv,imae,2.506395904871118e-07,1.2531979524355589e-05
5,high,loocv,maxerr,1.333818027762626e-10,1.280465306652121e-08
5,high,silverman,imse,0.0005493159854553972,0.005649338594628746
5,high,silverman,imae,7.274418030561269e-05,0.0018186045076403173
5,high,silverman,maxerr,2.2865551030320662e-05,0.0006859665309096199
5,low,cv,imse,5.409809171620123e-12,5.842593905349734e-10
5,low,cv,imae,1.3891663103070563e-12,1.5697579306469737e-10
5,low,cv,maxerr,5.210484389152041e-15,6.773629705897653e-13
5,low,loocv,imse,1.2094642791414897e-15,1.669060705215256e-13
5,low,loocv,imae,1.9042473955870103e-16,2.6849888277776846e-14
5,low,loocv,maxerr,4.948259251767012e-15,6.482219619814786e-13
5,low,silverman,imse,3.050602277169498e-24,4.545397392982552e-22
5,low,silverman,imae,1.2383859802577726e-24,1.8699628301892367e-22
5,low,silverman,maxerr,1.622110392398973e-26,2.5629344199903775e-24
5,moderate,cv,imse,1.8970571247296401e-13,2.2764685496755682e-11
5,moderate,cv,imae,1.800936127542481e-12,1.999039101572154e-10
5,moderate,cv,maxerr,9.721240427355571e-14,1.1957125725647352e-11
5,moderate,loocv,imse,3.663688981868848e-10,3.1874094142258973e-08
5,moderate,loocv,imae,4.798154703215153e-09,3.5506344803792137e-07
5,moderate,loocv,maxerr,4.913326079860923e-13,5.6994582526386713e-11
5,moderate,silverman,imse,1.1848384994481007e-13,1.4455029693266828e-11
5,moderate,silverman,imae,6.741346869093974e-15,8.628923992440287e-13
5,moderate,silverman,maxerr,6.1166813857509805e-18,8.746854381623902e-16
6,high,cv,imse,4.1567463254378004e-05,0.0011638889711225841
6,high,cv,imae,2.5077128923009052e-05,0.0007272367387672626
6,high,cv,maxerr,8.099148915749222e-08,4.454531903662072e-06
6,high,loocv,imse,0.0011542014617895223,0.00827221288474786
6,high,loocv,imae,0.0010340266105934824,0.00827221288474786
6,high,loocv,maxerr,4.090924685887433e-06,0.0001390914393201727
6,high,silverman,imse,0.00023647000955758944,0.00425646017203661
6,high,silverman,imae,0.00019321377594517012,0.0038642755189034024
6,high,silverman,maxerr,1.6974433215903178e-06,6.62002895420224e-05
6,low,cv,imse,3.1837467053556793e-07,1.4963609515171693e-05
6,low,cv,imae,7.663789390294118e-09,5.517928361011765e-07
6,low,cv,maxerr,2.3686338716062854e-15,3.197655726668485e-13
6,low,loocv,imse,6.704368865821068e-10,5.6987135359479075e-08
6,low,loocv,imae,9.063180994667072e-11,8.79128556482706e-09
6,low,loocv,maxerr,2.6478232733824004e-16,3.7069525827353604e-14
6,low,silverman,imse,1.0649929477672248e-22,1.5655396332178203e-20
6,low,silverman,imae,2.749410865138214e-25,4.2615868409642313e-23
6,low,silverman,maxerr,5.5753283407236175e-28,8.976278628565024e-26
6,moderate,cv,imse,2.2951915025387833e-08,1.354162986497882e-06
6,moderate,cv,imae,2.673680505821179e-10,2.4330492602972727e-08
6,moderate,cv,maxerr,8.258914385252354e-11,8.17632524139983e-09
6,moderate,loocv,imse,2.975674588799079e-06,0.00011009995978556592
6,moderate,loocv,imae,1.3454921561645301e-08,8.745699015069446e-07
6,moderate,loocv,maxerr,1.6669135200080757e-11,1.7335900608083987e-09
6,moderate,silverman,imse,3.6748745979254686e-13,4.3731007715313075e-11
6,moderate,silverman,imae,4.31188516343636e-17,6.122876932079631e-15
6,moderate,silverman,maxerr,4.0758013687743424e-21,5.95066999841054e-19
