dataset_id,generation_type,seed,selected_degree,c1,c2,coefficients,n_samples
0,deterministic,1000,1,0.3333333333333333,0.6666666666666666,"[0.8613864302593232, 0.4701697707408494]",30
1,deterministic,1001,1,0.4285714285714285,0.5714285714285714,"[0.8027580683541222, 0.13109700492072135]",30
2,deterministic,1002,1,0.6666666666666666,0.3333333333333333,"[1.1070044682271485, 0.027990465702569054]",30
3,deterministic,1003,1,0.4285714285714285,0.5714285714285714,"[1.0626138727615773, 0.6783550403548526]",30
4,deterministic,1004,2,0.0,1.0,"[1.1405765099013412, -0.2936854735354769, 0.09621124783742488]",30
5,deterministic,1005,1,0.2,0.8,"[1.5335323483621277, -0.011227315803302678]",30
6,deterministic,1006,1,0.3333333333333333,0.6666666666666666,"[0.372930238675035, 0.6188245068206077]",30
7,deterministic,1007,1,0.2,0.8,"[0.9837327653044005, 0.6275173201905483]",30
8,deterministic,1008,1,0.5,0.5,"[0.7326682836427356, 0.06131636080832645]",30
9,deterministic,1009,1,0.5,0.5,"[0.34248180331706457, 0.25737402952227445]",30
10,deterministic,1010,2,0.6666666666666666,0.3333333333333333,"[0.5699556399795765, -0.41005839408777034, 0.3345499220121661]",30
11,deterministic,1011,1,0.8,0.2,"[1.9833648882095791, -0.427357957505151]",30
12,deterministic,1012,1,0.2,0.8,"[0.969002609415359, 0.19683884761265852]",30
13,deterministic,1013,2,0.5714285714285714,0.4285714285714285,"[1.257617360818418, -0.544798154715655, 0.19394391622056398]",30
14,deterministic,1014,1,0.5,0.5,"[0.9173208285236769, 0.09493709053902818]",30
15,deterministic,1015,1,0.5,0.5,"[1.4610644908011987, 0.06380025870661686]",30
16,deterministic,1016,1,0.2,0.8,"[1.2520837397599485, -0.059728570606503266]",30
17,deterministic,1017,1,0.5714285714285714,0.4285714285714285,"[1.4828858966516016, 0.04516592226827633]",30
18,deterministic,1018,1,0.0,1.0,"[0.7519639144052475, 0.5109994974423562]",30
19,deterministic,1019,1,0.0,1.0,"[0.4918937847523515, 0.5396411664972229]",30
20,deterministic,1020,1,0.4285714285714285,0.5714285714285714,"[1.0949292527523347, -0.04808809298824533]",30
21,deterministic,1021,1,1.0,0.0,"[1.399356215957783, -0.065556772100868]",30
22,deterministic,1022,1,0.3333333333333333,0.6666666666666666,"[0.8530637116415881, 0.20353436188360727]",30
23,deterministic,1023,1,0.5,0.5,"[1.4898530057270118, -0.13335879372846157]",30
24,deterministic,1024,1,0.2,0.8,"[1.1710739526024452, 0.10817055731842226]",30
25,deterministic,1025,1,1.0,0.0,"[0.008718954285408509, 0.7705630611579124]",30
26,deterministic,1026,1,0.3333333333333333,0.6666666666666666,"[1.0967298167128583, 0.32220216179867994]",30
27,deterministic,1027,1,0.3333333333333333,0.6666666666666666,"[1.3556299119617417, 0.2854508228494353]",30
28,deterministic,1028,1,1.0,0.0,"[0.715576076556547, 0.14206285605089225]",30
29,deterministic,1029,1,1.0,0.0,"[1.209559046571396, -0.14722788088929734]",30
30,deterministic,1030,1,0.5714285714285714,0.4285714285714285,"[1.2110125483022416, -0.023120554947171322]",30
31,deterministic,1031,1,0.2,0.8,"[0.34938950595246887, 0.3977097583428167]",30
32,deterministic,1032,1,0.5714285714285714,0.4285714285714285,"[0.8606245469866401, 0.4289340157789863]",30
33,deterministic,1033,2,0.5714285714285714,0.4285714285714285,"[1.1800430310668755, -0.4456039146109523, 0.2006990252812589]",30
34,deterministic,1034,1,0.5,0.5,"[0.7646052610668205, 0.2771203627948]",30
35,deterministic,1035,1,0.8,0.2,"[1.2081182570055553, -0.1419614397455052]",30
36,deterministic,1036,1,0.8,0.2,"[1.9670251362361022, -0.19632842108047405]",30
37,deterministic,1037,1,0.2,0.8,"[1.1447300282448922, 0.05489836652738041]",30
38,deterministic,1038,1,0.0,1.0,"[0.9429658491537857, 0.43395283577498794]",30
39,deterministic,1039,1,0.6666666666666666,0.3333333333333333,"[0.6776183015846242, -0.05708238352071441]",30
40,deterministic,1040,1,0.3333333333333333,0.6666666666666666,"[2.629844476261114, -0.8230119222952347]",30
41,deterministic,1041,1,0.0,1.0,"[1.0809046520441772, -0.08771117434828968]",30
42,deterministic,1042,1,1.0,0.0,"[1.1884462912427713, 0.12581140479838085]",30
43,deterministic,1043,1,0.8,0.2,"[0.7895356955650007, 0.24283438093155077]",30
44,deterministic,1044,1,1.0,0.0,"[1.0900228199928774, 0.05606801397477974]",30
45,deterministic,1045,1,1.0,0.0,"[0.8027806794958886, 0.5961336873376103]",30
46,deterministic,1046,1,0.5,0.5,"[1.9524700451025523, -0.26449665605501865]",30
47,deterministic,1047,1,0.4285714285714285,0.5714285714285714,"[1.2458213567006764, -0.034795153236731026]",30
48,deterministic,1048,1,0.6666666666666666,0.3333333333333333,"[0.8022222443318431, 0.7096189688963667]",30
49,deterministic,1049,1,1.0,0.0,"[0.8435291526025688, 0.09532115881576882]",30
50,deterministic,1050,1,0.5,0.5,"[1.0786395372398085, 0.27520637200810283]",30
51,deterministic,1051,1,0.4285714285714285,0.5714285714285714,"[0.5985641943732839, 0.7838113040203878]",30
52,deterministic,1052,1,0.5,0.5,"[1.2814887580888044, 0.3199924449547869]",30
53,deterministic,1053,1,0.8,0.2,"[1.4245900369269877, -0.13151593373819273]",30
54,deterministic,1054,1,0.3333333333333333,0.6666666666666666,"[1.6162972955735013, -0.45525708157864075]",30
55,deterministic,1055,1,0.5,0.5,"[1.676872400095654, -0.1494303076859041]",30
56,deterministic,1056,1,0.6666666666666666,0.3333333333333333,"[0.5641366953772827, 0.03053083041402666]",30
57,deterministic,1057,1,0.5,0.5,"[1.7732085961002064, -0.1495460032694927]",30
58,deterministic,1058,1,0.2,0.8,"[1.2640497591886073, 0.11891335763425126]",30
59,deterministic,1059,1,0.2,0.8,"[1.63186940837244, -0.41620465854562455]",30
60,deterministic,1060,1,0.0,1.0,"[1.302487335650325, 0.019844024198530916]",30
61,deterministic,1061,1,0.5714285714285714,0.4285714285714285,"[1.473637870943235, 0.02652211002507065]",30
62,deterministic,1062,1,0.0,1.0,"[1.185969231187589, 0.04772277147266273]",30
63,deterministic,1063,1,0.4285714285714285,0.5714285714285714,"[0.41863483789616907, 0.6227902450086527]",30
64,deterministic,1064,1,0.5714285714285714,0.4285714285714285,"[1.2379909545463041, 0.17570215513885623]",30
65,deterministic,1065,1,0.4285714285714285,0.5714285714285714,"[0.6641926785316185, 0.370257830162862]",30
66,deterministic,1066,1,0.3333333333333333,0.6666666666666666,"[0.8600804870557716, 0.3604079808832382]",30
67,deterministic,1067,1,0.4285714285714285,0.5714285714285714,"[0.5177951507390904, 0.14446374993114403]",30
68,deterministic,1068,1,0.2,0.8,"[1.4623917093476928, -0.20712371036311536]",30
69,deterministic,1069,1,0.5,0.5,"[0.759449356076163, 0.07820837526792201]",30
70,deterministic,1070,1,1.0,0.0,"[1.1908227130363502, 0.01878333392277326]",30
71,deterministic,1071,1,0.5,0.5,"[0.48859455963140963, 0.24733389755409024]",30
72,deterministic,1072,1,0.0,1.0,"[0.6240008550807029, 0.27806280123006105]",30
73,deterministic,1073,1,0.4285714285714285,0.5714285714285714,"[0.8003667220111785, 0.33339460961084993]",30
74,deterministic,1074,1,1.0,0.0,"[1.2290172420320422, 0.240442670034958]",30
75,deterministic,1075,1,0.0,1.0,"[0.5989069543418014, 0.3640736307567317]",30
76,deterministic,1076,1,0.2,0.8,"[1.062250849815289, 0.1250575757873772]",30
77,deterministic,1077,1,0.0,1.0,"[1.1734840794838866, 0.07770581698329357]",30
78,deterministic,1078,1,0.2,0.8,"[1.2223243900275975, 0.17400393449342275]",30
79,deterministic,1079,1,0.8,0.2,"[1.7039158422843599, -0.2625041704775887]",30
80,deterministic,1080,1,1.0,0.0,"[1.1576969283622596, 0.16530449366020297]",30
81,deterministic,1081,1,0.5714285714285714,0.4285714285714285,"[1.2492986006823448, 0.017960129864623444]",30
82,deterministic,1082,1,1.0,0.0,"[1.1319035713528063, -0.5192779403349761]",30
83,deterministic,1083,1,0.8,0.2,"[1.2005990852038777, 0.3795177118270554]",30
84,deterministic,1084,1,1.0,0.0,"[1.2974634772258522, 0.08518159403747715]",30
85,deterministic,1085,2,0.6666666666666666,0.3333333333333333,"[1.2823827132565324, -0.33493991661397543, 0.11619297794975143]",30
86,deterministic,1086,1,0.0,1.0,"[0.6757292781304376, 0.5128293949458339]",30
87,deterministic,1087,1,0.8,0.2,"[0.18291468902990554, 0.4442860235115496]",30
88,deterministic,1088,1,0.5714285714285714,0.4285714285714285,"[1.1495787763697516, 0.07505023437866053]",30
89,deterministic,1089,1,0.5,0.5,"[0.9540660486285852, 0.21261826315498727]",30
90,deterministic,1090,1,0.2,0.8,"[1.29579116919464, 0.09299152753170188]",30
91,deterministic,1091,1,0.8,0.2,"[1.5772007558396315, 0.07820535989571188]",30
92,deterministic,1092,1,0.5,0.5,"[0.37656444780682197, 0.3447894013866209]",30
93,deterministic,1093,1,0.5714285714285714,0.4285714285714285,"[0.23517435421577784, 0.6146220101890293]",30
94,deterministic,1094,1,0.5,0.5,"[1.0227920293498571, 0.23877160108569032]",30
95,deterministic,1095,2,1.0,0.0,"[0.6252340317538105, 1.354019915780092, -0.4629729080416544]",30
96,deterministic,1096,2,0.6666666666666666,0.3333333333333333,"[0.9123720502696502, -0.02285623011336468, 0.0668621327708781]",30
97,deterministic,1097,1,0.4285714285714285,0.5714285714285714,"[0.9531621439065366, 0.3175839285859234]",30
98,deterministic,1098,1,0.4285714285714285,0.5714285714285714,"[0.9095337642142532, 0.42886725987794194]",30
99,deterministic,1099,1,0.8,0.2,"[1.5258925158838954, -0.28260344865483705]",30
100,deterministic,1100,1,0.2,0.8,"[0.7557848732974719, 0.11337436899840665]",30
101,deterministic,1101,1,0.8,0.2,"[1.1377089760855683, 0.22794775905757833]",30
102,deterministic,1102,1,0.2,0.8,"[0.6213710433487813, 0.20803653544560552]",30
103,deterministic,1103,1,0.0,1.0,"[0.9781264128173125, 0.42793810020693196]",30
104,deterministic,1104,1,0.2,0.8,"[1.584676793800691, 0.3047372517855744]",30
105,deterministic,1105,1,0.8,0.2,"[1.0171025693962843, 0.2889840590115788]",30
106,deterministic,1106,1,0.2,0.8,"[1.6294771456060264, -0.2754797812734232]",30
107,deterministic,1107,1,0.0,1.0,"[0.5622816414016655, 0.30689219283947344]",30
108,deterministic,1108,1,0.3333333333333333,0.6666666666666666,"[1.6649908710119727, -0.05881868443862836]",30
109,deterministic,1109,1,0.0,1.0,"[1.7708911706738129, 0.10817661636684431]",30
110,deterministic,1110,1,0.5714285714285714,0.4285714285714285,"[0.8818709811588846, 0.3689813707764036]",30
111,deterministic,1111,1,1.0,0.0,"[0.47084260211635853, 0.5907923584159107]",30
112,deterministic,1112,1,0.8,0.2,"[0.7368195249884343, 0.560072008611836]",30
113,deterministic,1113,2,0.5,0.5,"[1.1229723401405525, -1.060349215573292, 0.6402317223540578]",30
114,deterministic,1114,1,0.0,1.0,"[0.9466978451856942, 0.35077020811498016]",30
115,deterministic,1115,1,0.5714285714285714,0.4285714285714285,"[1.391374611829748, 0.12476135016169901]",30
116,deterministic,1116,1,0.4285714285714285,0.5714285714285714,"[1.0532141027124633, 0.29249540689658643]",30
117,deterministic,1117,1,0.4285714285714285,0.5714285714285714,"[1.4719910148597193, 0.2643936471072339]",30
118,deterministic,1118,1,1.0,0.0,"[1.7415289836286887, -0.22910952052454508]",30
119,deterministic,1119,1,1.0,0.0,"[1.1729125223457098, 0.18984596795633363]",30
120,deterministic,1120,2,0.2,0.8,"[0.7726760768717965, -0.25287854394322046, 0.3384896121561902]",30
121,deterministic,1121,1,0.3333333333333333,0.6666666666666666,"[1.3089620989107198, -0.2655593476225129]",30
122,deterministic,1122,2,0.8,0.2,"[1.044555670559932, -0.47987305287021403, 0.23180811041958574]",30
123,deterministic,1123,1,1.0,0.0,"[0.6401427678769442, 0.6667115425066152]",30
124,deterministic,1124,1,0.3333333333333333,0.6666666666666666,"[1.5166054215352154, -0.20794528375745283]",30
125,deterministic,1125,1,0.8,0.2,"[0.7686818255830075, 0.2335179085716856]",30
126,deterministic,1126,2,0.0,1.0,"[0.8225293784035606, -0.2809612288056598, 0.3688481991821687]",30
127,deterministic,1127,1,0.5,0.5,"[1.3671174733206743, -0.2797554054444278]",30
128,deterministic,1128,1,0.5,0.5,"[0.9557442770993598, 0.19506340570899613]",30
129,deterministic,1129,1,0.2,0.8,"[0.3512476446862903, 0.33263781426020217]",30
130,deterministic,1130,1,0.5714285714285714,0.4285714285714285,"[1.6920332611043492, -0.14616399541283567]",30
131,deterministic,1131,1,0.3333333333333333,0.6666666666666666,"[0.9502846200488285, 0.19703220964602378]",30
132,deterministic,1132,1,0.6666666666666666,0.3333333333333333,"[1.5404581342626817, 0.05467692114649609]",30
133,deterministic,1133,1,0.5,0.5,"[1.3155360812894654, 0.38242686725267333]",30
134,deterministic,1134,1,0.5,0.5,"[0.661639109109543, 0.21247902085307088]",30
135,deterministic,1135,1,0.0,1.0,"[1.6738032731420576, 0.32001313120141084]",30
136,deterministic,1136,1,0.3333333333333333,0.6666666666666666,"[0.674088604784682, 0.7311670973094545]",30
137,deterministic,1137,1,0.4285714285714285,0.5714285714285714,"[0.9943117948916824, 0.40793188574428013]",30
138,deterministic,1138,1,0.0,1.0,"[0.6698993016583372, 0.3324701942915903]",30
139,deterministic,1139,1,0.6666666666666666,0.3333333333333333,"[1.3368411245112612, 0.039020684669464616]",30
140,deterministic,1140,1,0.2,0.8,"[0.6598439180367153, 0.07990071354708041]",30
141,deterministic,1141,1,0.8,0.2,"[1.0381287149457412, 0.036962106035578736]",30
142,deterministic,1142,1,0.2,0.8,"[0.9603641938912727, -0.036088905163215224]",30
143,deterministic,1143,2,0.3333333333333333,0.6666666666666666,"[1.4354163680290115, -0.43039921144856247, 0.11581394255987132]",30
144,deterministic,1144,1,1.0,0.0,"[0.7772978877985138, 0.10718196300327096]",30
145,deterministic,1145,1,0.5,0.5,"[0.6308228064186425, 0.4590051858165443]",30
146,deterministic,1146,1,1.0,0.0,"[0.9185206363976962, 0.21644883806579998]",30
147,deterministic,1147,1,0.8,0.2,"[1.562507958513091, -0.14127677993469157]",30
148,deterministic,1148,1,0.8,0.2,"[0.6972387974259776, 0.33520452277558666]",30
149,deterministic,1149,2,0.3333333333333333,0.6666666666666666,"[0.5970115246188766, -0.4083560374313366, 0.27000795351733115]",30
0,stochastic,20000,1,1.0,0.0,"[1.070790785151633, 0.03964774995301677]",30
1,stochastic,20001,1,0.3333333333333333,0.6666666666666666,"[0.5207208911314805, 0.3903073513948651]",30
2,stochastic,20002,1,0.8,0.2,"[1.156555802498641, 0.35148310655004217]",30
3,stochastic,20003,2,0.5,0.5,"[0.4476362041825282, -0.15022698469064524, 0.2713367761194165]",30
4,stochastic,20004,1,0.5714285714285714,0.4285714285714285,"[0.9063055675939052, 0.4430121293880741]",30
5,stochastic,20005,1,0.5,0.5,"[0.7874130422465959, 0.2049415139197646]",30
6,stochastic,20006,1,1.0,0.0,"[1.2613771647813434, 0.06829289274791815]",30
7,stochastic,20007,1,0.2,0.8,"[1.2516026104488223, -0.22061704853360434]",30
8,stochastic,20008,1,0.0,1.0,"[0.824748810567384, 0.3273232965187381]",30
9,stochastic,20009,2,0.4285714285714285,0.5714285714285714,"[1.7773638431016103, -1.0447799389777692, 0.2723145664171839]",30
10,stochastic,20010,1,0.4285714285714285,0.5714285714285714,"[1.8680432707594001, -0.23350292268789863]",30
11,stochastic,20011,1,0.0,1.0,"[0.9767640361383022, 0.4674309450713699]",30
12,stochastic,20012,3,0.4285714285714285,0.5714285714285714,"[0.6567358785009698, -0.3966565141527995, 0.41599770497459276, -0.060644123205553374]",30
13,stochastic,20013,1,0.6666666666666666,0.3333333333333333,"[1.9031438279380226, -0.23059942826367355]",30
14,stochastic,20014,2,0.4285714285714285,0.5714285714285714,"[0.4817839953676984, 0.9363922759762205, -0.14225052290564144]",30
15,stochastic,20015,1,0.4285714285714285,0.5714285714285714,"[1.3316733341022753, 0.08729177689982637]",30
16,stochastic,20016,1,0.5714285714285714,0.4285714285714285,"[0.8651886158431564, 0.1997538010975935]",30
17,stochastic,20017,1,0.8,0.2,"[1.0449567690548933, 0.05937799961829043]",30
18,stochastic,20018,1,0.4285714285714285,0.5714285714285714,"[1.5003603390271039, 0.12446144455420505]",30
19,stochastic,20019,1,0.3333333333333333,0.6666666666666666,"[1.3860486887140036, -0.35197397626746285]",30
20,stochastic,20020,2,0.3333333333333333,0.6666666666666666,"[1.5590952867785701, -0.5703913812048805, 0.1391015914307061]",30
21,stochastic,20021,1,0.0,1.0,"[-0.22061052824450908, 0.9224188656129865]",30
22,stochastic,20022,1,1.0,0.0,"[1.1500842906069966, 0.03193036887841138]",30
23,stochastic,20023,1,0.0,1.0,"[1.3209148225992104, -0.00835804410695878]",30
24,stochastic,20024,1,0.5,0.5,"[1.3390789401085026, 0.06735747851563299]",30
25,stochastic,20025,1,1.0,0.0,"[1.4832355124607972, -0.18420787319876558]",30
26,stochastic,20026,1,0.0,1.0,"[0.9041329095172481, -0.10504415203713599]",30
27,stochastic,20027,1,0.3333333333333333,0.6666666666666666,"[0.6580090456510317, 0.4374769459620958]",30
28,stochastic,20028,1,0.2,0.8,"[1.915854196016373, -0.12096033489559736]",30
29,stochastic,20029,1,0.6666666666666666,0.3333333333333333,"[1.0869936203816914, 0.3763110118286264]",30
30,stochastic,20030,1,0.5,0.5,"[1.9012118028293337, -0.2267358731131737]",30
31,stochastic,20031,2,0.2,0.8,"[1.3691415811849375, -0.32822130216650797, 0.21340294308776994]",30
32,stochastic,20032,1,0.3333333333333333,0.6666666666666666,"[0.7552063733688916, 0.395551818501772]",30
33,stochastic,20033,1,0.2,0.8,"[1.0777905193630275, 0.09329569835884044]",30
34,stochastic,20034,1,0.6666666666666666,0.3333333333333333,"[1.0346221791263577, 0.49423453956222607]",30
35,stochastic,20035,1,0.4285714285714285,0.5714285714285714,"[1.6063144123214739, -0.3276608680079383]",30
36,stochastic,20036,1,0.6666666666666666,0.3333333333333333,"[0.7105290982595444, 0.2679394009870887]",30
37,stochastic,20037,2,0.8,0.2,"[1.5923563637807896, -0.7236142540446984, 0.24320815316673958]",30
38,stochastic,20038,1,0.6666666666666666,0.3333333333333333,"[1.4564864720184496, -0.14868972822347684]",30
39,stochastic,20039,1,0.3333333333333333,0.6666666666666666,"[1.0907682472279672, 0.20038237999725347]",30
40,stochastic,20040,1,0.6666666666666666,0.3333333333333333,"[0.8991528745395947, 0.4855570955046349]",30
41,stochastic,20041,2,0.8,0.2,"[0.4670673641278005, -0.5815984543887444, 0.5621936949521901]",30
42,stochastic,20042,1,0.3333333333333333,0.6666666666666666,"[0.8955523507422367, 0.2200845025195906]",30
43,stochastic,20043,1,0.3333333333333333,0.6666666666666666,"[1.564838126879893, -0.11642243371257677]",30
44,stochastic,20044,1,1.0,0.0,"[1.0703157251203173, 0.055296718920710496]",30
45,stochastic,20045,1,0.4285714285714285,0.5714285714285714,"[1.5466708378380736, -0.12246613880161172]",30
46,stochastic,20046,2,0.8,0.2,"[1.428306207400283, -0.9338595454515495, 0.2412511326526634]",30
47,stochastic,20047,1,1.0,0.0,"[1.674868953114705, -0.42599061208586414]",30
48,stochastic,20048,1,0.8,0.2,"[0.8949473712910034, 0.23956418285215658]",30
49,stochastic,20049,1,1.0,0.0,"[1.1970132768626083, 0.048640741431808195]",30
50,stochastic,20050,1,0.0,1.0,"[0.76701802953776, 0.06584230825360177]",30
51,stochastic,20051,1,1.0,0.0,"[0.7691925457948608, -0.12629410634808844]",30
52,stochastic,20052,1,1.0,0.0,"[1.073842497516645, -0.06342653686877422]",30
53,stochastic,20053,1,0.0,1.0,"[1.4404373780278823, -0.39259766130260604]",30
54,stochastic,20054,1,0.8,0.2,"[1.6596160021293687, -0.025187437804634786]",30
55,stochastic,20055,1,0.3333333333333333,0.6666666666666666,"[1.876794828045355, -0.24703256912536967]",30
56,stochastic,20056,1,0.3333333333333333,0.6666666666666666,"[0.8770556538133316, 0.3112255959859985]",30
57,stochastic,20057,1,0.5714285714285714,0.4285714285714285,"[0.8724267061215684, 0.31227071549923874]",30
58,stochastic,20058,1,0.5714285714285714,0.4285714285714285,"[0.8497096954763168, 0.47714490096936457]",30
59,stochastic,20059,1,0.8,0.2,"[1.3689130085352275, 0.22825593495000213]",30
60,stochastic,20060,1,0.8,0.2,"[0.47986758978387895, 0.3635338372304022]",30
61,stochastic,20061,1,0.2,0.8,"[0.6328848450321751, 0.20491927366544968]",30
62,stochastic,20062,1,0.4285714285714285,0.5714285714285714,"[1.796973739700242, -0.5443938460915487]",30
63,stochastic,20063,1,0.5714285714285714,0.4285714285714285,"[0.8081430754314788, 0.4116816565107552]",30
64,stochastic,20064,2,0.2,0.8,"[1.2412627438478985, -0.9529130614558461, 0.367561082954353]",30
65,stochastic,20065,1,0.2,0.8,"[0.5684433338653492, 0.5142137677347258]",30
66,stochastic,20066,1,0.8,0.2,"[1.6351059708000837, -0.47437082944126735]",30
67,stochastic,20067,1,0.5,0.5,"[0.8397788057892873, 0.20286799934042873]",30
68,stochastic,20068,1,0.0,1.0,"[1.1261461757605211, 0.38731513610152457]",30
69,stochastic,20069,1,0.5,0.5,"[1.1034021644220144, 0.4845787569832806]",30
70,stochastic,20070,1,0.0,1.0,"[1.510718404919804, 0.13536443250008146]",30
71,stochastic,20071,2,0.8,0.2,"[1.207065518965936, -0.36063559438759646, 0.17943209056562792]",30
72,stochastic,20072,1,0.2,0.8,"[1.7878170573286558, 0.29131208485894483]",30
73,stochastic,20073,1,0.5,0.5,"[1.0348680454595323, -0.020197806135484244]",30
74,stochastic,20074,1,1.0,0.0,"[0.9516244115834096, 0.32302662417708866]",30
75,stochastic,20075,1,0.5714285714285714,0.4285714285714285,"[1.030888844568482, 0.3244590201486064]",30
76,stochastic,20076,2,0.0,1.0,"[1.4639199274428396, -0.3640897440848333, 0.11999035210461068]",30
77,stochastic,20077,1,0.5,0.5,"[0.9462003286268785, 0.2614443404321468]",30
78,stochastic,20078,1,1.0,0.0,"[0.7147011504563018, -0.029031089858004604]",30
79,stochastic,20079,1,0.0,1.0,"[0.7340451076849356, 0.7530920017417138]",30
80,stochastic,20080,1,0.3333333333333333,0.6666666666666666,"[1.0966382758869442, 0.08765242626472192]",30
81,stochastic,20081,1,0.3333333333333333,0.6666666666666666,"[1.490845472940489, -0.09415925105361808]",30
82,stochastic,20082,2,0.0,1.0,"[0.625725334479428, -0.41246149256360626, 0.41074700046849594]",30
83,stochastic,20083,1,0.8,0.2,"[1.3591520901830836, -0.1873241508686216]",30
84,stochastic,20084,1,0.3333333333333333,0.6666666666666666,"[0.37020180651105633, 0.3728116668187895]",30
85,stochastic,20085,1,0.8,0.2,"[1.6947272068545025, 0.0032489184877798386]",30
86,stochastic,20086,1,0.2,0.8,"[0.5808827821667715, 0.21993763238547026]",30
87,stochastic,20087,1,0.5,0.5,"[1.0848307610519565, 0.3194371362445742]",30
88,stochastic,20088,1,0.5714285714285714,0.4285714285714285,"[1.1465671976439875, 0.21923332583662886]",30
89,stochastic,20089,1,0.6666666666666666,0.3333333333333333,"[0.5925559862849081, 0.764663146814881]",30
90,stochastic,20090,1,1.0,0.0,"[1.5946839810705604, -0.05704391647048663]",30
91,stochastic,20091,1,0.5,0.5,"[1.4840820585272467, -0.11579837618432434]",30
92,stochastic,20092,1,0.4285714285714285,0.5714285714285714,"[1.0768103083790672, -0.06416600033585783]",30
93,stochastic,20093,1,0.4285714285714285,0.5714285714285714,"[1.1434969759217937, 0.27016339277253165]",30
94,stochastic,20094,1,0.5714285714285714,0.4285714285714285,"[1.1327266830738885, 0.009131317624826817]",30
95,stochastic,20095,1,0.4285714285714285,0.5714285714285714,"[1.2526891267051525, -0.39302012897084704]",30
96,stochastic,20096,2,0.5714285714285714,0.4285714285714285,"[0.5094211601502876, 0.8468666426342639, -0.188848655265779]",30
97,stochastic,20097,1,0.8,0.2,"[1.2169499459846216, 0.3402604331112193]",30
98,stochastic,20098,1,0.2,0.8,"[0.7287509746786424, 0.4485849948719116]",30
99,stochastic,20099,1,0.5714285714285714,0.4285714285714285,"[0.991280001645507, 0.31908541942640933]",30
100,stochastic,20100,1,0.5,0.5,"[1.0755074118734154, 0.42317632984058035]",30
101,stochastic,20101,2,0.3333333333333333,0.6666666666666666,"[1.1834529529509534, -1.0398979129950645, 0.5394642973754148]",30
102,stochastic,20102,1,0.4285714285714285,0.5714285714285714,"[1.0941099592110808, 0.1325777540061044]",30
103,stochastic,20103,1,0.5714285714285714,0.4285714285714285,"[0.8392830388717485, 0.42539273081374307]",30
104,stochastic,20104,1,0.3333333333333333,0.6666666666666666,"[0.7244199108624919, 0.7054906044654512]",30
105,stochastic,20105,1,0.8,0.2,"[0.4286557170434303, 0.45554510596915226]",30
106,stochastic,20106,1,1.0,0.0,"[0.903809119110582, 0.09620629949970777]",30
107,stochastic,20107,1,0.5,0.5,"[0.6321978966372731, 0.23103409691011417]",30
108,stochastic,20108,1,0.0,1.0,"[0.6167484576290743, 0.8768717616905645]",30
109,stochastic,20109,1,0.2,0.8,"[0.47437519786358756, 0.19017302422364288]",30
110,stochastic,20110,1,0.3333333333333333,0.6666666666666666,"[1.076902216354211, 0.008874596078077496]",30
111,stochastic,20111,2,0.2,0.8,"[1.0195934730348186, -0.33285504118534914, 0.1427990102842159]",30
112,stochastic,20112,1,0.5714285714285714,0.4285714285714285,"[0.14250027204507362, 0.6180918024599511]",30
113,stochastic,20113,1,0.5,0.5,"[1.5137991706419833, -0.24771504657037718]",30
114,stochastic,20114,1,0.0,1.0,"[0.9428250425816215, 0.627059113542453]",30
115,stochastic,20115,1,0.5714285714285714,0.4285714285714285,"[1.1630680079383064, -0.009206041999700126]",30
116,stochastic,20116,1,0.4285714285714285,0.5714285714285714,"[0.8542046002435267, 0.22149345339775384]",30
117,stochastic,20117,1,0.3333333333333333,0.6666666666666666,"[1.855463267461066, -0.3379505363899342]",30
118,stochastic,20118,1,0.0,1.0,"[0.8703526198943605, 0.15868282625983887]",30
119,stochastic,20119,1,0.2,0.8,"[0.31577898531616244, 0.6149370888450945]",30
120,stochastic,20120,1,0.5,0.5,"[0.6566601228632525, 0.6762598781001562]",30
121,stochastic,20121,1,0.6666666666666666,0.3333333333333333,"[0.5944958443876659, 0.30144852297891034]",30
122,stochastic,20122,1,0.8,0.2,"[1.1602014486233363, 0.18815405796681678]",30
123,stochastic,20123,1,0.5,0.5,"[1.1139639029010662, 0.40576095458474726]",30
124,stochastic,20124,1,0.8,0.2,"[1.3569231797057733, 0.03134114063373459]",30
125,stochastic,20125,1,0.6666666666666666,0.3333333333333333,"[0.5296306488280309, 0.9203611644442605]",30
126,stochastic,20126,1,0.0,1.0,"[1.044337201800898, 0.13486046225236598]",30
127,stochastic,20127,1,0.4285714285714285,0.5714285714285714,"[0.9678114429668211, -0.015274839039734143]",30
128,stochastic,20128,1,0.5714285714285714,0.4285714285714285,"[1.3076720531377117, -0.1958287088974601]",30
129,stochastic,20129,1,0.8,0.2,"[1.4405585357121158, -0.07246211411819806]",30
130,stochastic,20130,1,0.0,1.0,"[0.9313256410432665, 0.17578424127144246]",30
131,stochastic,20131,1,1.0,0.0,"[0.36167399041912995, 0.6583381765558632]",30
132,stochastic,20132,1,0.2,0.8,"[0.9000913738632295, 0.33640154845423936]",30
133,stochastic,20133,1,0.5714285714285714,0.4285714285714285,"[1.0311389910192876, 0.6284516009171284]",30
134,stochastic,20134,2,0.2,0.8,"[1.732649235637182, -1.0725592398111103, 0.24018759485997296]",30
135,stochastic,20135,1,0.8,0.2,"[1.1331074983486413, 0.14068886650071666]",30
136,stochastic,20136,1,0.2,0.8,"[0.8829835497451164, 0.40610732415869305]",30
137,stochastic,20137,1,0.0,1.0,"[0.9154317068903596, -0.02813349347223772]",30
138,stochastic,20138,1,0.2,0.8,"[1.341861835961856, -0.04565800113231516]",30
139,stochastic,20139,1,0.5714285714285714,0.4285714285714285,"[1.1425296574203545, 0.3865602327079587]",30
140,stochastic,20140,1,0.0,1.0,"[2.0342732082771797, 0.030822367276430767]",30
141,stochastic,20141,1,0.6666666666666666,0.3333333333333333,"[1.0442837311202802, 0.14646972965888166]",30
142,stochastic,20142,1,0.4285714285714285,0.5714285714285714,"[1.06204841353857, 0.022392471759391023]",30
143,stochastic,20143,1,0.5,0.5,"[1.4193979319363819, -0.12001443268357581]",30
144,stochastic,20144,1,0.3333333333333333,0.6666666666666666,"[1.5291029662470408, -0.5798545538187605]",30
145,stochastic,20145,1,0.0,1.0,"[0.5588409949426516, 0.8327948681217509]",30
146,stochastic,20146,2,0.5714285714285714,0.4285714285714285,"[0.6164857398332603, 0.08463393612316217, 0.12217493193818005]",30
147,stochastic,20147,1,0.2,0.8,"[0.7965802482159964, 0.5112523483438174]",30
148,stochastic,20148,2,0.0,1.0,"[1.2577398061823004, -0.8476978805015458, 0.1609197142762585]",30
149,stochastic,20149,1,0.4285714285714285,0.5714285714285714,"[1.3608216897965308, 0.032074001402465815]",30
150,deterministic,1150,1,0.8,0.2,"[1.2020917789804733, -0.12873507561810738]",30
151,deterministic,1151,1,0.2,0.8,"[1.2161948938221596, 0.23582380756230223]",30
152,deterministic,1152,1,0.5,0.5,"[0.7536877701742422, 0.30762291491890986]",30
153,deterministic,1153,1,0.8,0.2,"[1.0196505888193623, 0.17017153497739504]",30
154,deterministic,1154,1,0.5714285714285714,0.4285714285714285,"[0.9129073803175234, 0.11457789777295398]",30
155,deterministic,1155,1,0.0,1.0,"[1.4364910903990347, 0.31309241340106275]",30
156,deterministic,1156,1,0.6666666666666666,0.3333333333333333,"[0.8771624314806222, 0.2687276883272468]",30
157,deterministic,1157,1,0.4285714285714285,0.5714285714285714,"[1.1549712429831147, 0.21105582232336526]",30
158,deterministic,1158,2,0.4285714285714285,0.5714285714285714,"[0.8515505375593772, -0.5421002009380796, 0.32128805279584477]",30
159,deterministic,1159,1,0.3333333333333333,0.6666666666666666,"[1.671642920970186, -0.2272327103128782]",30
160,deterministic,1160,1,0.0,1.0,"[1.5329996220655013, -0.08211530421513105]",30
161,deterministic,1161,1,0.8,0.2,"[1.426331576279811, -0.25459802498167483]",30
162,deterministic,1162,2,0.3333333333333333,0.6666666666666666,"[1.4717069645233172, -0.7815964001965345, 0.3579978172348117]",30
163,deterministic,1163,1,0.2,0.8,"[1.9016163761121636, -0.36706307423946194]",30
164,deterministic,1164,1,0.4285714285714285,0.5714285714285714,"[1.7994120830532319, 0.11203738731804276]",30
165,deterministic,1165,1,0.3333333333333333,0.6666666666666666,"[1.4352963806286578, -0.05136055829162505]",30
166,deterministic,1166,1,0.4285714285714285,0.5714285714285714,"[0.8693378056673681, 0.22115328911996554]",30
167,deterministic,1167,1,0.6666666666666666,0.3333333333333333,"[0.8463773980299432, 0.20265528063454202]",30
168,deterministic,1168,1,0.4285714285714285,0.5714285714285714,"[1.030577520033876, 0.23848443161010363]",30
169,deterministic,1169,1,0.4285714285714285,0.5714285714285714,"[0.5827105073677333, 0.8067474020687722]",30
170,deterministic,1170,1,0.5714285714285714,0.4285714285714285,"[-0.3047354111804219, 0.8364510664403387]",30
171,deterministic,1171,3,0.4285714285714285,0.5714285714285714,"[2.1057481483503993, -1.0075602749046935, -0.6087612983091443, 0.3779003896368885]",30
172,deterministic,1172,2,0.5714285714285714,0.4285714285714285,"[1.2097425719899675, -0.3034056805107167, 0.10412561358588647]",30
173,deterministic,1173,1,0.0,1.0,"[1.1483923219763015, -0.00604284087377929]",30
174,deterministic,1174,1,0.3333333333333333,0.6666666666666666,"[1.7510570377439718, 0.01129963416088847]",30
175,deterministic,1175,1,0.0,1.0,"[1.2828796291367235, 0.0004016398731451307]",30
176,deterministic,1176,2,0.0,1.0,"[1.1048260059153185, -0.5414925429015396, 0.22674449076140715]",30
177,deterministic,1177,1,0.0,1.0,"[0.7730515941213816, 0.4612426457961621]",30
178,deterministic,1178,1,0.4285714285714285,0.5714285714285714,"[1.2115917604676243, -0.06954285448790778]",30
179,deterministic,1179,1,0.2,0.8,"[1.6987300799116654, -0.4138726567041054]",30
180,deterministic,1180,1,1.0,0.0,"[0.9010429454119818, -0.051124119287382086]",30
181,deterministic,1181,1,0.4285714285714285,0.5714285714285714,"[0.5465354838978552, 0.24193899234731966]",30
182,deterministic,1182,1,0.8,0.2,"[1.3396420814982846, 0.13210955960709067]",30
183,deterministic,1183,1,0.8,0.2,"[1.0620998050797528, 0.35543715890723004]",30
184,deterministic,1184,1,0.5714285714285714,0.4285714285714285,"[0.9784211275283675, 0.2523012523774028]",30
185,deterministic,1185,2,0.4285714285714285,0.5714285714285714,"[1.0798252863041033, -0.11334213085379276, 0.0928943554110736]",30
186,deterministic,1186,1,0.4285714285714285,0.5714285714285714,"[1.2618031467689996, -0.3672297035258986]",30
187,deterministic,1187,1,0.0,1.0,"[0.41375690518934055, 0.9336595494450729]",30
188,deterministic,1188,2,0.2,0.8,"[0.8304454662709378, 0.11885049198654318, 0.07068028008574104]",30
189,deterministic,1189,1,0.0,1.0,"[1.4043119698623685, 0.03290801393280498]",30
190,deterministic,1190,1,0.0,1.0,"[1.2727369179339254, 0.06708445343298397]",30
191,deterministic,1191,1,0.8,0.2,"[1.4977769492755086, -0.13134918886682986]",30
192,deterministic,1192,1,0.5714285714285714,0.4285714285714285,"[1.504615505191736, 0.03924529045629125]",30
193,deterministic,1193,1,0.4285714285714285,0.5714285714285714,"[1.0731202652940652, -0.08274356529043071]",30
194,deterministic,1194,1,0.0,1.0,"[1.0761805393997197, -0.34245503208571854]",30
195,deterministic,1195,1,0.8,0.2,"[0.50666585367188, 0.6374823352411471]",30
196,deterministic,1196,2,0.3333333333333333,0.6666666666666666,"[1.8397273534529501, -0.8333823964601633, 0.3143542662966408]",30
197,deterministic,1197,1,0.0,1.0,"[1.4810776179497962, 0.1858270469752621]",30
198,deterministic,1198,1,0.6666666666666666,0.3333333333333333,"[1.04112770378435, 0.31941974163900844]",30
199,deterministic,1199,1,0.8,0.2,"[1.0265909810433402, 0.5204091002272726]",30
200,deterministic,1200,1,0.5,0.5,"[0.665448794167819, 0.45164270855105554]",30
201,deterministic,1201,1,0.4285714285714285,0.5714285714285714,"[0.7352291334551129, 0.5193411510537044]",30
202,deterministic,1202,1,0.4285714285714285,0.5714285714285714,"[1.2186721145085584, 0.18262816694127962]",30
203,deterministic,1203,1,0.4285714285714285,0.5714285714285714,"[0.9890742494244135, 0.1160884117063046]",30
204,deterministic,1204,1,0.5714285714285714,0.4285714285714285,"[1.1352590587271238, 0.19022742162270298]",30
205,deterministic,1205,1,0.2,0.8,"[1.0266865576903483, 0.19998248907197907]",30
206,deterministic,1206,1,0.2,0.8,"[0.9181533757035198, 0.48484554631778676]",30
207,deterministic,1207,2,0.3333333333333333,0.6666666666666666,"[0.7830287077947619, -0.27996463422779494, 0.2617707325557095]",30
208,deterministic,1208,1,0.8,0.2,"[0.33968729124097924, 0.5468593301739052]",30
209,deterministic,1209,1,0.4285714285714285,0.5714285714285714,"[0.864341706517643, 0.22230609064825196]",30
210,deterministic,1210,1,0.3333333333333333,0.6666666666666666,"[1.1453907520526945, -0.12105185422391106]",30
211,deterministic,1211,1,0.6666666666666666,0.3333333333333333,"[1.271027644031829, 0.09992084989146405]",30
212,deterministic,1212,1,0.4285714285714285,0.5714285714285714,"[1.5500169207487755, -0.22434933315552827]",30
213,deterministic,1213,1,0.0,1.0,"[0.9068754323408994, 0.4100798376480435]",30
214,deterministic,1214,1,0.8,0.2,"[1.1518984331759243, 0.2029583897131711]",30
215,deterministic,1215,1,0.0,1.0,"[0.9766728631957765, 0.14435864750099214]",30
216,deterministic,1216,1,1.0,0.0,"[1.3248311094934853, -0.2705530291867282]",30
217,deterministic,1217,1,0.0,1.0,"[0.4375642465862385, 0.5842265392911723]",30
218,deterministic,1218,1,0.8,0.2,"[1.0512634494994082, 0.1692320017112929]",30
219,deterministic,1219,1,1.0,0.0,"[1.2908594008232113, -0.05294822113901423]",30
220,deterministic,1220,1,0.5714285714285714,0.4285714285714285,"[1.4413353449925996, 0.05868709674825246]",30
221,deterministic,1221,2,0.6666666666666666,0.3333333333333333,"[1.0398731926267257, -0.5840044321489399, 0.4206563550705028]",30
222,deterministic,1222,1,0.8,0.2,"[1.3081603689629244, -0.09140796008814628]",30
223,deterministic,1223,1,0.5714285714285714,0.4285714285714285,"[0.9928634857569656, 0.217265987226809]",30
224,deterministic,1224,1,0.6666666666666666,0.3333333333333333,"[1.1467338395918008, 0.2531805634418441]",30
225,deterministic,1225,1,0.5,0.5,"[0.7317691681508628, 0.11532076736384424]",30
226,deterministic,1226,1,0.4285714285714285,0.5714285714285714,"[1.5037828167429712, 0.06798409759711896]",30
227,deterministic,1227,1,0.4285714285714285,0.5714285714285714,"[1.1400811473439885, 0.3464158795463529]",30
228,deterministic,1228,1,0.0,1.0,"[0.4430890482518769, 0.6261700297550803]",30
229,deterministic,1229,2,0.5714285714285714,0.4285714285714285,"[1.1320387821460918, 0.23972957774315393, -0.19040833717729785]",30
230,deterministic,1230,2,0.0,1.0,"[0.731024214856538, -0.20961615299915123, 0.17493216396615985]",30
231,deterministic,1231,1,0.6666666666666666,0.3333333333333333,"[1.1394673604946608, 0.2904298698729069]",30
232,deterministic,1232,2,0.4285714285714285,0.5714285714285714,"[1.5605646687620796, -0.7116783157955521, 0.16152237235638564]",30
233,deterministic,1233,2,0.2,0.8,"[1.5317244555023461, -1.2323512532170535, 0.6079993139652077]",30
234,deterministic,1234,1,0.0,1.0,"[0.5762735268641331, 0.32577194828280054]",30
235,deterministic,1235,1,0.6666666666666666,0.3333333333333333,"[1.4614768192412912, 0.0754632779737923]",30
236,deterministic,1236,1,0.6666666666666666,0.3333333333333333,"[0.6832710083835268, 0.39753836839815804]",30
237,deterministic,1237,1,0.4285714285714285,0.5714285714285714,"[0.34575867591124265, 0.3336824971791388]",30
238,deterministic,1238,1,0.8,0.2,"[0.8409207036543467, 0.43809113324515614]",30
239,deterministic,1239,1,0.5,0.5,"[1.2878111206093759, 0.15001044661609034]",30
240,deterministic,1240,1,0.4285714285714285,0.5714285714285714,"[1.0706238759325308, 0.2516329361802868]",30
241,deterministic,1241,1,0.3333333333333333,0.6666666666666666,"[1.4397384556970059, -0.33107625021662235]",30
242,deterministic,1242,1,0.5,0.5,"[0.7879142679710992, 0.7146378797865496]",30
243,deterministic,1243,1,0.3333333333333333,0.6666666666666666,"[1.0966292236767405, 0.12390264603874561]",30
244,deterministic,1244,1,0.3333333333333333,0.6666666666666666,"[0.998283650284018, 0.19849561221696324]",30
245,deterministic,1245,1,0.5,0.5,"[1.2319923354758038, 0.1951481168428743]",30
246,deterministic,1246,1,0.8,0.2,"[1.3790870231200625, -0.027485541654093226]",30
247,deterministic,1247,1,1.0,0.0,"[1.4363647266578117, -0.01720852122295813]",30
248,deterministic,1248,1,1.0,0.0,"[1.1547720219607656, -0.008812493042551646]",30
249,deterministic,1249,1,0.6666666666666666,0.3333333333333333,"[0.13244485043249363, 0.5497598231175043]",30
250,deterministic,1250,1,1.0,0.0,"[1.1820985370591923, 0.3477064321150175]",30
251,deterministic,1251,1,0.0,1.0,"[1.584548508811, 0.11940667440196008]",30
252,deterministic,1252,1,1.0,0.0,"[0.5606958505027879, 0.4582730741225946]",30
253,deterministic,1253,1,0.5,0.5,"[1.2458189385633935, 0.16821457421401823]",30
254,deterministic,1254,1,0.5714285714285714,0.4285714285714285,"[1.2432807023904193, -0.046965627271955336]",30
255,deterministic,1255,1,0.4285714285714285,0.5714285714285714,"[0.6482214353024711, 0.6370101153514078]",30
256,deterministic,1256,1,0.0,1.0,"[1.7793223786893464, -0.25662202280011914]",30
257,deterministic,1257,1,0.6666666666666666,0.3333333333333333,"[0.8277368037498264, 0.38489351744173805]",30
258,deterministic,1258,1,0.5714285714285714,0.4285714285714285,"[0.8645555428230928, -0.20971047796074627]",30
259,deterministic,1259,1,0.2,0.8,"[1.1408769402429102, 0.2738697384214482]",30
260,deterministic,1260,2,0.6666666666666666,0.3333333333333333,"[1.3218006249242489, -0.20792950370990382, 0.1844691851057351]",30
261,deterministic,1261,1,0.6666666666666666,0.3333333333333333,"[0.978841065771798, 0.3165332089685376]",30
262,deterministic,1262,1,0.5714285714285714,0.4285714285714285,"[1.1200543517951826, 0.5281953241449086]",30
263,deterministic,1263,1,0.3333333333333333,0.6666666666666666,"[0.8678900620982756, 0.3272779670921747]",30
264,deterministic,1264,1,0.8,0.2,"[0.7036898426646514, 0.6296997175429003]",30
265,deterministic,1265,1,1.0,0.0,"[1.0631168557907877, 0.20453578372244458]",30
266,deterministic,1266,1,0.2,0.8,"[2.3507896612096153, -0.2760758487135566]",30
267,deterministic,1267,2,0.0,1.0,"[1.5582460167563308, -0.7702106988901041, 0.3090574868724951]",30
268,deterministic,1268,2,0.0,1.0,"[1.5526148809476839, -0.9319457030442516, 0.21386068072066505]",30
269,deterministic,1269,1,0.3333333333333333,0.6666666666666666,"[1.660906605260532, -0.33422912447071]",30
270,deterministic,1270,1,0.4285714285714285,0.5714285714285714,"[1.4398850960285172, 0.13557846202816617]",30
271,deterministic,1271,1,0.5,0.5,"[0.9071014741637401, 0.236262002038288]",30
272,deterministic,1272,1,0.2,0.8,"[1.3139073859941517, 0.13207784979294987]",30
273,deterministic,1273,2,0.2,0.8,"[1.3479690743876298, -0.4873448879306939, 0.1304194200132852]",30
274,deterministic,1274,1,0.3333333333333333,0.6666666666666666,"[0.4368450812604432, 0.3567612744480067]",30
275,deterministic,1275,1,0.2,0.8,"[1.180713627831423, 0.07853731167645538]",30
276,deterministic,1276,1,0.4285714285714285,0.5714285714285714,"[1.4621761534920807, -0.04097135351592879]",30
277,deterministic,1277,1,0.2,0.8,"[-0.07533424476125287, 0.8550247131326644]",30
278,deterministic,1278,2,0.8,0.2,"[2.1370434570590255, -0.9965429945227718, 0.2966101924242374]",30
279,deterministic,1279,1,0.5714285714285714,0.4285714285714285,"[0.9395629173522975, 0.3592877869373449]",30
280,deterministic,1280,1,0.0,1.0,"[1.6635228065760352, -0.4261007588483574]",30
281,deterministic,1281,1,0.0,1.0,"[0.49637483500306945, 0.45690558513052115]",30
282,deterministic,1282,1,0.3333333333333333,0.6666666666666666,"[0.9089438837890201, 0.4780302839311459]",30
283,deterministic,1283,1,0.6666666666666666,0.3333333333333333,"[1.6228754290870562, -0.24488634446742866]",30
284,deterministic,1284,1,0.4285714285714285,0.5714285714285714,"[0.9750068727324247, 0.22748114063865288]",30
285,deterministic,1285,1,1.0,0.0,"[1.3679114582614247, -0.3464614403095743]",30
286,deterministic,1286,1,0.5,0.5,"[0.7574748161122806, 0.5219055108215611]",30
287,deterministic,1287,1,0.8,0.2,"[1.3181893279886137, -0.029611110566949445]",30
288,deterministic,1288,1,0.8,0.2,"[0.6793900700004755, 0.47008716149104346]",30
289,deterministic,1289,1,0.5714285714285714,0.4285714285714285,"[0.8635364101325336, 0.33690605102492643]",30
290,deterministic,1290,1,0.0,1.0,"[0.6962681025950241, 0.5036633684471474]",30
291,deterministic,1291,1,0.5,0.5,"[1.5201643784287346, 0.0051696998669859395]",30
292,deterministic,1292,1,0.4285714285714285,0.5714285714285714,"[1.511311246262769, 0.027086127616075092]",30
293,deterministic,1293,1,0.8,0.2,"[0.7297458550172241, 0.07155009226352235]",30
294,deterministic,1294,1,1.0,0.0,"[0.883705913731704, 0.057550767402856556]",30
295,deterministic,1295,1,0.2,0.8,"[0.5735043538266122, 0.429873649832565]",30
296,deterministic,1296,1,0.4285714285714285,0.5714285714285714,"[1.1134818409473444, 0.012728561616545828]",30
297,deterministic,1297,1,0.8,0.2,"[0.854626282953398, 0.5475868238971179]",30
298,deterministic,1298,1,0.8,0.2,"[0.7752735544525073, 0.3620010602502095]",30
299,deterministic,1299,1,0.5,0.5,"[2.071471201019913, -0.5103592679765299]",30
150,stochastic,20150,1,0.5,0.5,"[0.6686363229911148, 0.4020003285958245]",30
151,stochastic,20151,2,0.6666666666666666,0.3333333333333333,"[1.2653782604164572, -0.7199204700503852, 0.21616996504482916]",30
152,stochastic,20152,1,0.8,0.2,"[1.7869557874502957, 0.2586693626962015]",30
153,stochastic,20153,1,0.6666666666666666,0.3333333333333333,"[1.008606044774147, 0.26420015904401056]",30
154,stochastic,20154,1,0.6666666666666666,0.3333333333333333,"[1.2257315568054736, -0.10443176159517417]",30
155,stochastic,20155,1,0.5,0.5,"[1.093714813152108, 0.18479733645124113]",30
156,stochastic,20156,1,0.8,0.2,"[0.6697263391260546, 0.31346697914246757]",30
157,stochastic,20157,1,0.8,0.2,"[0.27786446616541033, 0.25749523760969717]",30
158,stochastic,20158,1,0.3333333333333333,0.6666666666666666,"[1.343396209710148, -0.0069896346002378896]",30
159,stochastic,20159,1,0.3333333333333333,0.6666666666666666,"[1.3205396676613503, -0.24093136840149068]",30
160,stochastic,20160,1,0.6666666666666666,0.3333333333333333,"[1.2963749196294305, -0.08805911970524895]",30
161,stochastic,20161,1,0.8,0.2,"[1.8146217973388699, -0.06694469536754477]",30
162,stochastic,20162,2,0.6666666666666666,0.3333333333333333,"[0.8538447753175449, -0.7893388369825834, 0.35847083142369]",30
163,stochastic,20163,1,0.0,1.0,"[1.3411720844998956, -0.09883738112802128]",30
164,stochastic,20164,1,0.5714285714285714,0.4285714285714285,"[1.4531441142815336, -0.04360186337022907]",30
165,stochastic,20165,2,0.5714285714285714,0.4285714285714285,"[1.4590417893388052, -0.29585275011220125, 0.14194279265275797]",30
166,stochastic,20166,2,0.4285714285714285,0.5714285714285714,"[1.8022125415846544, -1.0223366373160716, 0.1566697025963401]",30
167,stochastic,20167,1,0.5714285714285714,0.4285714285714285,"[0.39362845753428005, 0.5695040787646902]",30
168,stochastic,20168,1,1.0,0.0,"[0.7443248027794419, 0.030682034490355066]",30
169,stochastic,20169,1,0.3333333333333333,0.6666666666666666,"[0.6874659407667177, 0.35652361326231063]",30
170,stochastic,20170,1,0.6666666666666666,0.3333333333333333,"[0.9571084166387124, 0.07733234177178616]",30
171,stochastic,20171,1,0.5714285714285714,0.4285714285714285,"[1.8916847151184024, -0.32793947343676993]",30
172,stochastic,20172,1,0.5,0.5,"[0.7266259270352826, 0.4715676712430154]",30
173,stochastic,20173,1,0.8,0.2,"[1.3509403017771013, 0.01874015498291727]",30
174,stochastic,20174,1,0.3333333333333333,0.6666666666666666,"[0.3528509602283237, 0.511915315143235]",30
175,stochastic,20175,1,0.8,0.2,"[1.0111292074480005, 0.3712636392782712]",30
176,stochastic,20176,1,0.8,0.2,"[0.4579230331427065, 0.45199078360092815]",30
177,stochastic,20177,2,0.5,0.5,"[1.1236775216137214, 0.15598481528806785, -0.20353410955814905]",30
178,stochastic,20178,1,0.5714285714285714,0.4285714285714285,"[2.053130726263837, -0.01637379059075622]",30
179,stochastic,20179,2,0.5,0.5,"[0.9163658241546787, -0.24035164703864995, 0.1566994183978839]",30
180,stochastic,20180,1,0.5714285714285714,0.4285714285714285,"[1.1607938101814614, 0.4001559134416339]",30
181,stochastic,20181,1,0.2,0.8,"[0.9381799252069821, 0.19921276970909307]",30
182,stochastic,20182,1,0.8,0.2,"[1.418017679217889, -0.09584580264322486]",30
183,stochastic,20183,1,0.0,1.0,"[1.7122278111112976, -0.021249939948540197]",30
184,stochastic,20184,1,0.8,0.2,"[1.307458011674486, 0.09466030689008417]",30
185,stochastic,20185,1,0.3333333333333333,0.6666666666666666,"[1.118270898779799, -0.09993889556017216]",30
186,stochastic,20186,1,1.0,0.0,"[0.7104942668193044, 0.010060234087911474]",30
187,stochastic,20187,1,0.6666666666666666,0.3333333333333333,"[0.9362399233172571, 0.42391851722667273]",30
188,stochastic,20188,1,0.5,0.5,"[1.392670946528542, -0.2001714419773257]",30
189,stochastic,20189,1,0.5,0.5,"[1.1507560490810662, 0.2161968995652463]",30
190,stochastic,20190,1,0.0,1.0,"[1.4956332659642066, -0.6546561122937095]",30
191,stochastic,20191,1,0.8,0.2,"[1.265268484033964, 0.1969063653271254]",30
192,stochastic,20192,1,0.8,0.2,"[0.7572916360855894, 0.23304235055502115]",30
193,stochastic,20193,1,0.0,1.0,"[0.862088824047832, 0.671926872014114]",30
194,stochastic,20194,1,0.3333333333333333,0.6666666666666666,"[1.3573349304707374, 0.13521884004929063]",30
195,stochastic,20195,1,0.5,0.5,"[2.3362507409488162, -0.32893617067332237]",30
196,stochastic,20196,1,0.5714285714285714,0.4285714285714285,"[1.4188375030698088, 0.011774053247261941]",30
197,stochastic,20197,1,1.0,0.0,"[1.3985006091698746, -0.1851067657911767]",30
198,stochastic,20198,1,0.8,0.2,"[1.8260903969778333, -0.3349644937330701]",30
199,stochastic,20199,1,0.6666666666666666,0.3333333333333333,"[1.8519235692433051, 0.022302551203948418]",30
200,stochastic,20200,1,0.3333333333333333,0.6666666666666666,"[0.6245697718850415, 0.6533624867845051]",30
201,stochastic,20201,1,1.0,0.0,"[1.0718584296926128, 0.14065624371631588]",30
202,stochastic,20202,1,0.0,1.0,"[1.106156873693609, 0.22670968684720608]",30
203,stochastic,20203,1,0.5714285714285714,0.4285714285714285,"[0.8303252750994861, 0.13872156309548225]",30
204,stochastic,20204,1,0.5,0.5,"[1.0530373973915392, 0.3352415183247757]",30
205,stochastic,20205,1,0.2,0.8,"[1.8557374320032347, -0.4200846433505586]",30
206,stochastic,20206,1,0.8,0.2,"[0.8468547912370991, -0.04345382700705579]",30
207,stochastic,20207,1,0.0,1.0,"[1.467625424306519, -0.158201725510523]",30
208,stochastic,20208,2,0.2,0.8,"[0.8610943797663755, -0.3976465151681038, 0.5964688490945556]",30
209,stochastic,20209,1,0.5714285714285714,0.4285714285714285,"[1.0730636195800083, 0.030140239789522332]",30
210,stochastic,20210,1,0.5,0.5,"[1.832150266978617, -0.05976367389816899]",30
211,stochastic,20211,1,0.3333333333333333,0.6666666666666666,"[1.9659165787616681, -0.30915372092680654]",30
212,stochastic,20212,1,0.8,0.2,"[1.294246533117491, -0.11684672429953695]",30
213,stochastic,20213,1,0.8,0.2,"[0.7174559041277266, -0.040202341801358156]",30
214,stochastic,20214,2,0.2,0.8,"[1.4042022519163777, -0.4373115724418865, 0.22951581472465926]",30
215,stochastic,20215,1,1.0,0.0,"[1.040409707929762, 0.22722053322367747]",30
216,stochastic,20216,1,0.4285714285714285,0.5714285714285714,"[-0.10325847776803339, 0.91534998440912]",30
217,stochastic,20217,1,0.3333333333333333,0.6666666666666666,"[0.5628990799661528, 0.38528141095005414]",30
218,stochastic,20218,1,1.0,0.0,"[0.6563572544456681, 0.4606858955995066]",30
219,stochastic,20219,1,0.5,0.5,"[1.0095212222657581, 0.28301655346766214]",30
220,stochastic,20220,1,0.8,0.2,"[1.1436047360163737, 0.3624156996489701]",30
221,stochastic,20221,1,0.8,0.2,"[0.611680807431097, 0.2778220993324162]",30
222,stochastic,20222,2,0.6666666666666666,0.3333333333333333,"[1.4182217540026063, -1.5659316854386338, 0.6862186916120361]",30
223,stochastic,20223,1,0.5714285714285714,0.4285714285714285,"[1.12577783755404, 0.4443371992582138]",30
224,stochastic,20224,2,0.5,0.5,"[1.1411829862450338, -0.8832787285482558, 0.37990810984500883]",30
225,stochastic,20225,1,0.2,0.8,"[0.8502049312084483, 0.693511377409128]",30
226,stochastic,20226,1,0.5714285714285714,0.4285714285714285,"[1.9799851052062987, -0.18693943494337145]",30
227,stochastic,20227,1,0.6666666666666666,0.3333333333333333,"[1.038617104425956, 0.11116442318654036]",30
228,stochastic,20228,1,0.2,0.8,"[0.44170836830434823, 0.5194493015830204]",30
229,stochastic,20229,1,0.8,0.2,"[0.9089026515900045, 0.2825313428067648]",30
230,stochastic,20230,1,0.4285714285714285,0.5714285714285714,"[1.0837295876558557, 0.16556149720422858]",30
231,stochastic,20231,1,0.5,0.5,"[0.683373808791079, 0.3673978459790469]",30
232,stochastic,20232,1,0.3333333333333333,0.6666666666666666,"[1.225885840102485, 0.2205155195076893]",30
233,stochastic,20233,1,0.5,0.5,"[1.1517652190223109, -0.23624362604542662]",30
234,stochastic,20234,2,0.3333333333333333,0.6666666666666666,"[1.3176543282626183, -0.8686671788907367, 0.16107794509015014]",30
235,stochastic,20235,1,0.5714285714285714,0.4285714285714285,"[0.8884769161110139, 0.004196779966983173]",30
236,stochastic,20236,1,0.0,1.0,"[1.362662473284827, -0.06139914969018733]",30
237,stochastic,20237,1,0.5714285714285714,0.4285714285714285,"[1.2590965143805493, 0.020727203449446494]",30
238,stochastic,20238,1,0.2,0.8,"[1.8410056158611015, 0.07894227678477037]",30
239,stochastic,20239,1,0.2,0.8,"[0.5041197259797379, 0.10849156680776981]",30
240,stochastic,20240,1,0.0,1.0,"[1.1969146736337586, -0.24009389945680626]",30
241,stochastic,20241,1,0.0,1.0,"[1.3573258421560161, 0.14908678449888219]",30
242,stochastic,20242,1,0.5714285714285714,0.4285714285714285,"[1.0515746349444588, -0.010732327939425119]",30
243,stochastic,20243,1,1.0,0.0,"[0.4371015367820444, 0.13539246614277792]",30
244,stochastic,20244,1,0.8,0.2,"[1.4227745046345115, 0.1639028089405715]",30
245,stochastic,20245,1,0.4285714285714285,0.5714285714285714,"[1.8023224026006943, 0.5331437315275821]",30
246,stochastic,20246,1,0.5714285714285714,0.4285714285714285,"[0.34560323103214835, 0.6884880489703386]",30
247,stochastic,20247,1,1.0,0.0,"[-0.0032191309727188067, 0.47256941979709344]",30
248,stochastic,20248,2,0.4285714285714285,0.5714285714285714,"[1.254235664298502, -0.7855392121483027, 0.3403107327339006]",30
249,stochastic,20249,1,0.4285714285714285,0.5714285714285714,"[1.3257932253670768, 0.22056256516852868]",30
250,stochastic,20250,1,0.6666666666666666,0.3333333333333333,"[1.1999061191206597, 0.2247104140274446]",30
251,stochastic,20251,1,1.0,0.0,"[1.2314312096836877, -0.10984937616342957]",30
252,stochastic,20252,1,0.2,0.8,"[1.1870082005088045, 0.03313560044521839]",30
253,stochastic,20253,1,1.0,0.0,"[0.7898631081730828, 0.4717516339944169]",30
254,stochastic,20254,1,0.4285714285714285,0.5714285714285714,"[1.0978633843143435, 0.620176595120792]",30
255,stochastic,20255,2,0.5714285714285714,0.4285714285714285,"[1.6774356763166902, -0.7070612002343976, 0.280638446687078]",30
256,stochastic,20256,2,0.0,1.0,"[0.8867471073596215, -1.0638653728716025, 0.28461597149984863]",30
257,stochastic,20257,1,0.6666666666666666,0.3333333333333333,"[1.4755515632383691, 0.24752791700056265]",30
258,stochastic,20258,1,0.4285714285714285,0.5714285714285714,"[0.6817521233994526, 0.6262689761438403]",30
259,stochastic,20259,1,0.8,0.2,"[0.2599480531697018, 0.3896720239998613]",30
260,stochastic,20260,2,0.4285714285714285,0.5714285714285714,"[1.3972607037945521, -0.7272501747435997, 0.29826436890383334]",30
261,stochastic,20261,1,0.2,0.8,"[0.041759187002869194, 0.7867391610603892]",30
262,stochastic,20262,1,0.5714285714285714,0.4285714285714285,"[0.7300236399217293, 0.41737361950820473]",30
263,stochastic,20263,1,0.5714285714285714,0.4285714285714285,"[2.404814151617283, -0.2808508500272128]",30
264,stochastic,20264,1,0.4285714285714285,0.5714285714285714,"[0.8844449222424596, 0.0992983766324841]",30
265,stochastic,20265,2,0.5714285714285714,0.4285714285714285,"[1.542433028257483, -0.6037329483846796, 0.1274415890454483]",30
266,stochastic,20266,1,1.0,0.0,"[0.7916155804981964, 0.3308252733308496]",30
267,stochastic,20267,1,0.4285714285714285,0.5714285714285714,"[1.6227708170235446, 0.21813390700067306]",30
268,stochastic,20268,1,0.4285714285714285,0.5714285714285714,"[0.9052152143509824, 0.02307284322101232]",30
269,stochastic,20269,1,1.0,0.0,"[1.6941143216974426, -0.39852737622372175]",30
270,stochastic,20270,1,0.5714285714285714,0.4285714285714285,"[0.38434147456452805, 0.6193661885924375]",30
271,stochastic,20271,1,0.8,0.2,"[1.1661975578098909, -0.04640141436168838]",30
272,stochastic,20272,1,0.8,0.2,"[1.123867472071507, 0.16494794931730256]",30
273,stochastic,20273,2,0.8,0.2,"[1.5560550493730099, -0.7564911247688, 0.1884669426884942]",30
274,stochastic,20274,2,0.5,0.5,"[1.439460143879572, -0.644196951675135, 0.11974851254578806]",30
275,stochastic,20275,1,0.5714285714285714,0.4285714285714285,"[0.978402028242936, 0.16219567293121495]",30
276,stochastic,20276,1,0.4285714285714285,0.5714285714285714,"[0.8981322865241834, 0.39575375128597]",30
277,stochastic,20277,1,0.8,0.2,"[1.135754322107754, 0.08295870607968166]",30
278,stochastic,20278,1,0.4285714285714285,0.5714285714285714,"[0.818022481393064, 0.20103901743703181]",30
279,stochastic,20279,1,0.6666666666666666,0.3333333333333333,"[1.1019404683128995, 0.2102068697067658]",30
280,stochastic,20280,1,0.5714285714285714,0.4285714285714285,"[1.2709911729084122, -0.20306494222662433]",30
281,stochastic,20281,1,0.3333333333333333,0.6666666666666666,"[1.1482048573624548, 0.35182065286415193]",30
282,stochastic,20282,1,0.8,0.2,"[1.2979055901916188, 0.030260168324582365]",30
283,stochastic,20283,2,0.5714285714285714,0.4285714285714285,"[2.604213076048968, -1.8695154041180597, 0.47114073110074434]",30
284,stochastic,20284,3,0.2,0.8,"[2.099365763505641, 0.4454830667731729, -1.1995282214061678, 0.36241029961285204]",30
285,stochastic,20285,1,0.6666666666666666,0.3333333333333333,"[0.594920958198622, 0.730371374751471]",30
286,stochastic,20286,1,1.0,0.0,"[1.2621046928606476, 0.11575920536609349]",30
287,stochastic,20287,1,0.3333333333333333,0.6666666666666666,"[1.024719916112655, 0.34097314716680543]",30
288,stochastic,20288,1,0.3333333333333333,0.6666666666666666,"[1.1791396923587372, 0.1705932272231014]",30
289,stochastic,20289,1,0.3333333333333333,0.6666666666666666,"[0.5838720706833389, 0.3804291815013309]",30
290,stochastic,20290,2,0.5,0.5,"[0.5234198372001497, 1.098636715748119, -0.2319900957544048]",30
291,stochastic,20291,1,0.4285714285714285,0.5714285714285714,"[1.2622034593511517, 0.09144321906140548]",30
292,stochastic,20292,1,0.4285714285714285,0.5714285714285714,"[1.3745225203173845, 0.5314880155644311]",30
293,stochastic,20293,2,0.2,0.8,"[0.9386291996380433, -0.5751548111271577, 0.40382635763552965]",30
294,stochastic,20294,1,1.0,0.0,"[0.8961631632367958, 0.2350651851815694]",30
295,stochastic,20295,1,0.0,1.0,"[0.7337588039968722, 0.3379327551400979]",30
296,stochastic,20296,1,0.5,0.5,"[1.2290292887531657, -0.09939690308160204]",30
297,stochastic,20297,1,0.4285714285714285,0.5714285714285714,"[1.8545499985340677, -0.19555022295593946]",30
298,stochastic,20298,2,0.5,0.5,"[1.4835203466705953, -0.7137644988032915, 0.1897387141598582]",30
299,stochastic,20299,1,0.0,1.0,"[0.649506831581099, 0.24480440985110755]",30
