dataset_id,x1,x2,component,generation_type,seed
0,0.4973808268005281,3.8061013749397854,0,stochastic,2000
0,1.5830615536677133,-1.2592330324803034,0,stochastic,2000
0,-0.46998300883641364,1.4740756273728435,0,stochastic,2000
0,2.2097387669401787,-0.07518385999775967,0,stochastic,2000
0,0.8458739030037471,1.2023334115314892,0,stochastic,2000
0,2.1008344389585516,1.0825105185781376,0,stochastic,2000
0,-1.789721438612061,0.9763781185840413,0,stochastic,2000
0,-0.9106401182701369,2.306455347938414,0,stochastic,2000
0,0.9034848340081986,1.1056589149114697,0,stochastic,2000
0,-0.01821758831574316,0.23423088300549066,1,stochastic,2000
0,2.4691428781817915,0.7853964747945843,0,stochastic,2000
0,-0.6656378362237749,-1.9014398410095188,0,stochastic,2000
0,1.0454068669793481,4.449425494409749,1,stochastic,2000
0,2.4753339065237148,0.48630656292565577,0,stochastic,2000
0,-0.0063435364862654,0.37350630489808934,0,stochastic,2000
0,10.515717289034113,3.319870913831902,1,stochastic,2000
0,7.3941084372278105,5.05521924775412,1,stochastic,2000
0,3.4763920833930424,-1.8747085712323757,0,stochastic,2000
0,2.103855759827157,1.3904052301923289,0,stochastic,2000
0,1.1298941616575398,1.2136985687351662,0,stochastic,2000
0,1.583904857116729,1.7546885982123024,0,stochastic,2000
0,-1.1908885859601392,0.7754952195408578,1,stochastic,2000
0,1.9368392504903416,1.8936063311463758,0,stochastic,2000
0,0.2303819303886575,1.7867155528102836,0,stochastic,2000
0,-2.3628878706224157,5.056658660024862,1,stochastic,2000
0,3.6016561541258065,1.6488517997846426,0,stochastic,2000
0,1.3395889837498438,0.6833421263901227,0,stochastic,2000
0,-2.2141754919809467,6.180103632894889,1,stochastic,2000
0,2.2672031535595716,1.2659147924361014,0,stochastic,2000
0,0.6293571144924748,3.4295799778470437,0,stochastic,2000
1,1.1635920966391269,1.5934773686187862,0,stochastic,2001
1,-0.07526522839993155,1.7910566265980168,0,stochastic,2001
1,0.6396920657827484,0.5548501331147919,0,stochastic,2001
1,-0.5175907716922978,4.730998842242,1,stochastic,2001
1,1.0577039900715302,1.1331408417814717,0,stochastic,2001
1,-0.8052162533135643,1.9124227963914804,0,stochastic,2001
1,3.7020912430220316,1.0951742276391574,1,stochastic,2001
1,0.5312743539972363,-0.6179260497894443,0,stochastic,2001
1,0.7061970987712735,-0.09795410401496896,0,stochastic,2001
1,2.365570044867227,2.242547880660269,0,stochastic,2001
1,0.14651389362471956,1.327518554753878,0,stochastic,2001
1,0.034472327356530164,0.7204054701122482,0,stochastic,2001
1,-0.028185288749307258,0.4588639224279839,0,stochastic,2001
1,3.500542999958301,2.040952496536554,0,stochastic,2001
1,1.3130429408448008,2.6331963711780206,0,stochastic,2001
1,1.086351215895806,3.6591494509614866,1,stochastic,2001
1,0.5128947269275597,-2.679739792674244,1,stochastic,2001
1,1.7525179945231248,-1.699458412197187,0,stochastic,2001
1,-0.8338529056736976,1.5732841590857052,0,stochastic,2001
1,1.2210665248539259,1.1806041941694783,0,stochastic,2001
1,0.09440966535829565,1.2922326377516546,0,stochastic,2001
1,0.25765524598514666,3.5539831367133043,1,stochastic,2001
1,2.192395370129586,2.2002345430069967,0,stochastic,2001
1,-1.2232594216292068,0.4548173488539482,0,stochastic,2001
1,2.408527604849272,0.8865389025156541,0,stochastic,2001
1,1.4530359799923918,1.8802033144059556,0,stochastic,2001
1,-0.43488328538657006,0.6767483463925529,0,stochastic,2001
1,-1.8547388518710726,2.8769932161991827,0,stochastic,2001
1,0.19268062390995544,5.924971364800358,1,stochastic,2001
1,-0.9880170148639318,-0.27015578636040805,0,stochastic,2001
2,1.2215338917394987,-0.8800372184352971,0,stochastic,2002
2,0.3148646127763146,1.2995464794613492,0,stochastic,2002
2,0.7767580938469438,0.1672664493867997,0,stochastic,2002
2,2.81410630894897,0.8759663818546036,0,stochastic,2002
2,2.0671212523858307,-1.0354565352484952,0,stochastic,2002
2,1.0453841615907777,3.211298570694982,0,stochastic,2002
2,0.3299465509118028,0.41002970519661686,0,stochastic,2002
2,-0.14340311108735393,1.7207649836257701,0,stochastic,2002
2,6.651875201583671,6.404390220664954,1,stochastic,2002
2,1.472812666506588,3.458083363295624,0,stochastic,2002
2,1.2293619868965968,1.1542975012915735,0,stochastic,2002
2,-0.8763894567155668,0.438033530205132,0,stochastic,2002
2,0.6214461844706891,0.6490793134431001,0,stochastic,2002
2,3.223062973866179,0.5715367907714761,0,stochastic,2002
2,0.3321346768183807,2.655271383864989,0,stochastic,2002
2,-0.3431973800357777,1.0429686810480099,0,stochastic,2002
2,2.4343908521990443,1.266141997831713,0,stochastic,2002
2,0.12896980857528928,0.7063477412364588,0,stochastic,2002
2,-2.134391703856296,1.5816990129462858,1,stochastic,2002
2,-0.17281468737416894,0.2500405492569021,0,stochastic,2002
2,-2.1126683619498614,1.1409335929262465,0,stochastic,2002
2,-3.0386505718522976,4.9701469107151075,1,stochastic,2002
2,1.331127173089787,0.547329811808358,0,stochastic,2002
2,0.9230759312677923,1.0029419522195882,0,stochastic,2002
2,-1.3378565668619995,3.560257152227311,0,stochastic,2002
2,0.3892363874597664,-0.3275946984368894,0,stochastic,2002
2,1.3945385441366875,0.744875639959726,1,stochastic,2002
2,1.431617421344843,2.485263776989714,1,stochastic,2002
2,2.25165597418883,8.499268195862472,1,stochastic,2002
2,0.8820662182073172,-0.00033319525978248166,0,stochastic,2002
3,-1.1389439437466353,-0.2266216358333677,0,stochastic,2003
3,0.6479106773673113,1.3921363743424393,0,stochastic,2003
3,5.5575608842906,1.3900465929823054,1,stochastic,2003
3,0.23765188176319973,3.021947269098797,0,stochastic,2003
3,1.1607601420121136,1.0872904619646862,0,stochastic,2003
3,1.466733500573195,1.6748844927108686,0,stochastic,2003
3,0.49705157440581327,0.9125438749231224,0,stochastic,2003
3,0.7160956237434346,2.6283146952803698,0,stochastic,2003
3,3.812249879677302,4.589368711605243,1,stochastic,2003
3,1.198825152344683,1.392970761198007,1,stochastic,2003
3,1.1356503543754708,1.3695683532303435,0,stochastic,2003
3,0.18985310193379634,2.2942142739467286,0,stochastic,2003
3,0.09938139456776751,1.2463781784071806,1,stochastic,2003
3,0.9965630650846508,1.0607171924513537,0,stochastic,2003
3,3.729596818627443,5.135285188281701,1,stochastic,2003
3,2.2116469676133312,1.2962920663776991,0,stochastic,2003
3,11.39078176237127,1.924101963555084,1,stochastic,2003
3,-0.20993509834169366,0.6363119542582121,0,stochastic,2003
3,1.6659152164758149,2.008682198105804,0,stochastic,2003
3,0.7828641858642651,1.0975430257748269,0,stochastic,2003
3,5.945758073166006,3.8684929689576384,1,stochastic,2003
3,0.5962985895689898,-0.09830643384500237,0,stochastic,2003
3,2.5265863795784202,0.8729366859520222,0,stochastic,2003
3,0.7490905041976348,0.7176235217097506,0,stochastic,2003
3,0.9180364482579473,0.9020730992670565,0,stochastic,2003
3,0.6781001166661211,-0.25028129963451784,0,stochastic,2003
3,9.965770595763455,1.0929651918492453,1,stochastic,2003
3,1.4083931667711105,0.21019724097870363,0,stochastic,2003
3,1.4268361512183385,2.6149533914013334,0,stochastic,2003
3,0.46285945817903684,0.6181942022975411,0,stochastic,2003
4,0.8640307174736057,2.39540756454779,0,stochastic,2004
4,1.7457473103377916,1.6609905802269,0,stochastic,2004
4,1.058626107804989,1.4378399220447058,0,stochastic,2004
4,-0.46873985132317375,-1.0768821805733744,0,stochastic,2004
4,0.8848371192785691,0.8816283727657372,0,stochastic,2004
4,1.555326359049248,1.8774697028763474,0,stochastic,2004
4,5.392334084272707,1.5017369573405692,1,stochastic,2004
4,1.8783389946904816,2.2642630324374937,0,stochastic,2004
4,-4.832704821190221,5.728867813643707,1,stochastic,2004
4,1.0626084564087077,0.9683999993094954,0,stochastic,2004
4,2.6769926708891196,0.39309282495072095,0,stochastic,2004
4,0.650607124978483,0.7059569415984898,0,stochastic,2004
4,1.4551305901082576,1.783953986313029,0,stochastic,2004
4,1.6722782129068903,1.3901226183599102,0,stochastic,2004
4,-0.25532317296955864,0.04662415165569589,0,stochastic,2004
4,1.4967678042778696,-1.5878171772384486,0,stochastic,2004
4,0.7618710841879962,1.1173692984754213,0,stochastic,2004
4,0.71154028946032,0.30030502236914025,0,stochastic,2004
4,0.3671059551985377,1.291733923853285,0,stochastic,2004
4,1.8796298848552035,0.3622894787592772,0,stochastic,2004
4,1.179593777572541,1.0598050878913094,0,stochastic,2004
4,0.8472356878341328,3.58516607401948,0,stochastic,2004
4,1.4290483531035327,-0.10399777067790139,0,stochastic,2004
4,5.454085515526899,4.38697928391292,1,stochastic,2004
4,1.174114806254838,-0.7967181062158126,0,stochastic,2004
4,1.837247405487882,1.7599327632373223,0,stochastic,2004
4,2.4675742982952134,1.270474321595154,0,stochastic,2004
4,0.4675853735104021,1.8236955789942761,0,stochastic,2004
4,-0.039894858545080236,0.6337195619742853,0,stochastic,2004
4,-1.4779166616639348,0.3438563275158695,0,stochastic,2004
5,1.6674759120459455,1.498189488840651,0,stochastic,2005
5,1.9581238772156269,1.9366588228665549,0,stochastic,2005
5,1.0650332829424802,0.14226590020966678,0,stochastic,2005
5,-0.6928329785688736,2.901991129942763,0,stochastic,2005
5,0.6592123931161815,0.5570423081484432,0,stochastic,2005
5,5.247100558086293,2.815163109754809,1,stochastic,2005
5,-0.6903437218712167,0.8883944088789854,0,stochastic,2005
5,0.33691521553655845,0.9448099795836548,0,stochastic,2005
5,0.08285134865115307,0.9893854859613848,0,stochastic,2005
5,1.9579078477690475,9.361851264320585,1,stochastic,2005
5,1.0090518400081456,1.4614301025286267,0,stochastic,2005
5,6.300742627717177,-2.2254976285164467,1,stochastic,2005
5,3.3576886820437624,-0.47002982049483943,1,stochastic,2005
5,1.6583192546694896,1.5731872849046817,0,stochastic,2005
5,1.8460559527881029,2.758909446586183,0,stochastic,2005
5,2.0504654023730513,-5.032734121219791,1,stochastic,2005
5,0.5712980282910781,2.353224683121096,0,stochastic,2005
5,-0.21116441711733702,0.2266076205752341,0,stochastic,2005
5,-0.2840531158905861,3.3525650194051098,1,stochastic,2005
5,1.6647846025814395,1.3141415134461094,0,stochastic,2005
5,0.6024199350633517,0.8465111713738849,0,stochastic,2005
5,2.2941084545188293,0.3562829314340159,0,stochastic,2005
5,1.9194044294304713,4.319893495208204,1,stochastic,2005
5,1.3853972574155857,-0.17881219608354382,0,stochastic,2005
5,-2.4894711403018706,5.377034313305988,1,stochastic,2005
5,0.8057028275037077,0.014942224090968237,0,stochastic,2005
5,2.0647040779524666,1.0938728435008933,0,stochastic,2005
5,1.2871253686237774,1.3423736505751744,0,stochastic,2005
5,0.8666914722229824,1.3888762000933466,1,stochastic,2005
5,1.1422990590930526,0.6448898455376078,0,stochastic,2005
6,1.0758717866837944,1.2665834776786447,0,stochastic,2006
6,1.889977994559997,1.9462637917511156,0,stochastic,2006
6,2.0127452734284743,0.1907446305236863,0,stochastic,2006
6,-0.035400035004265584,0.440481571604041,0,stochastic,2006
6,1.9416810462715355,2.703680766166803,0,stochastic,2006
6,0.7486472112613078,1.3863652156561324,0,stochastic,2006
6,0.05796737768613636,2.321937267264757,0,stochastic,2006
6,-0.7157571430549468,1.3197856449892928,0,stochastic,2006
6,1.1973117381094052,1.8322891109553858,0,stochastic,2006
6,9.346802217507392,4.439144151582308,1,stochastic,2006
6,2.38753771113529,-0.1209489876723473,1,stochastic,2006
6,-0.6364574223469028,0.6580568617480832,0,stochastic,2006
6,2.095268497937086,0.6317661917229181,0,stochastic,2006
6,0.08351538839290162,3.231977308709444,1,stochastic,2006
6,0.9717738344833075,3.474491279876602,0,stochastic,2006
6,-0.10890864994731775,0.689615441287388,0,stochastic,2006
6,-0.36317349847738156,0.8748254775014942,0,stochastic,2006
6,-0.4765834402840903,1.3920150610295643,0,stochastic,2006
6,1.431811827002408,0.7881432149098361,0,stochastic,2006
6,1.4238049826709933,1.781844441309117,0,stochastic,2006
6,-0.4975387879585724,1.2554811135546793,0,stochastic,2006
6,2.7397537712459457,3.926961422467935,1,stochastic,2006
6,2.6012145828737774,-0.40775869531262643,1,stochastic,2006
6,0.9918150191026975,2.217662765215394,0,stochastic,2006
6,2.5186996607768153,0.4272336675223163,0,stochastic,2006
6,0.8492511902385247,1.669646962176376,0,stochastic,2006
6,5.8174811088505525,4.289572461176039,1,stochastic,2006
6,6.554859808136467,2.136475801393652,1,stochastic,2006
6,0.28245420991403525,-0.12713042280536202,0,stochastic,2006
6,1.5367107753484694,1.5680969897739225,0,stochastic,2006
7,1.7278555554539081,-0.4610040830343003,0,stochastic,2007
7,0.9150869258103631,2.261289731390888,0,stochastic,2007
7,0.8336002605996825,0.22969372439833657,0,stochastic,2007
7,1.243972282238995,1.8402548642785832,0,stochastic,2007
7,-1.5276104663236199,1.1364551741011717,0,stochastic,2007
7,1.539812838860081,1.5787461243574337,0,stochastic,2007
7,-0.46667493091625967,0.6748460044950974,0,stochastic,2007
7,0.03755168952659749,0.3518843532645515,0,stochastic,2007
7,12.943559508047956,5.386931043410156,1,stochastic,2007
7,3.262685220010111,-1.2071809166665184,0,stochastic,2007
7,0.2363402801623793,0.35626332734589383,0,stochastic,2007
7,-0.42102621720737976,1.599514369095382,0,stochastic,2007
7,0.9525180788824382,0.8889262303463807,0,stochastic,2007
7,1.0832967964289528,1.5082203989409757,0,stochastic,2007
7,0.7580318215838849,-0.07790075232445304,0,stochastic,2007
7,-0.10030237000821529,2.0679919821749606,0,stochastic,2007
7,-0.33462588455051856,1.4036000546330305,0,stochastic,2007
7,2.181841269865213,-0.10856220893568347,0,stochastic,2007
7,0.5333053962528342,-0.2527616212813779,0,stochastic,2007
7,0.7143267376868365,1.1750257361555883,0,stochastic,2007
7,0.870517359306661,2.4258926102608966,0,stochastic,2007
7,2.133040476358966,-0.1345266023928442,0,stochastic,2007
7,1.8048178789760452,1.8900641386511239,0,stochastic,2007
7,2.1659980099550293,0.3620535801689586,0,stochastic,2007
7,2.391587107478955,0.1189375214389452,0,stochastic,2007
7,1.1171800661474693,-0.24662607817403215,0,stochastic,2007
7,2.0439342570695436,0.11114782177351101,0,stochastic,2007
7,3.5315225363365945,9.350844405956092,1,stochastic,2007
7,6.952850652573244,6.1176982110510005,1,stochastic,2007
7,2.286048722899218,1.522445301123875,0,stochastic,2007
8,0.805754735000466,0.6047328483521976,0,stochastic,2008
8,-0.13636303209231326,1.9609116236754,0,stochastic,2008
8,1.770609929132425,-0.5264589806999567,0,stochastic,2008
8,-0.6969954012628827,0.6601308973362054,0,stochastic,2008
8,1.1647870212369655,0.8526632206994903,0,stochastic,2008
8,0.5653765618626405,2.3549108163617833,1,stochastic,2008
8,-0.385143981668596,2.0817662930825853,0,stochastic,2008
8,0.35881474732876406,-0.4615049180067521,0,stochastic,2008
8,2.4459903844633155,1.020762190086761,0,stochastic,2008
8,-1.0517360407137804,-2.0394408609608266,0,stochastic,2008
8,-1.3150489036021984,8.24157652197443,1,stochastic,2008
8,0.22895861086358293,0.21879051684254835,0,stochastic,2008
8,-0.014152406783215055,0.8299611505784992,0,stochastic,2008
8,1.5337775683207124,0.5169071301547378,0,stochastic,2008
8,-0.09268998315420363,0.6530449796821054,0,stochastic,2008
8,2.5914991680960906,0.31153761082993314,0,stochastic,2008
8,1.243634990875326,-0.06303621470315313,0,stochastic,2008
8,2.643071497050144,-0.6989653778520961,0,stochastic,2008
8,1.6308153282557492,3.6368071301941303,0,stochastic,2008
8,0.9760268879629564,1.6563983106220488,0,stochastic,2008
8,1.1822926682503023,1.2868523922689883,0,stochastic,2008
8,-0.771003843367478,0.5705735781096115,0,stochastic,2008
8,1.30765161546057,1.7476173554861114,0,stochastic,2008
8,0.21655539490121545,1.9873693370673133,0,stochastic,2008
8,1.9247812039243435,0.6512564211380119,0,stochastic,2008
8,-0.6063871673877097,1.8415380109920017,0,stochastic,2008
8,1.6174548986348338,0.31566909642083296,0,stochastic,2008
8,0.5719004633573583,1.0966431229548719,0,stochastic,2008
8,-0.07026645897717998,0.3940697762585491,0,stochastic,2008
8,-0.48293385453387994,0.45103013820797666,0,stochastic,2008
9,0.6608003985046915,1.1124244024841916,0,stochastic,2009
9,-0.07240332763959345,0.9749980841824828,0,stochastic,2009
9,0.7747468812255857,2.3069850061594654,0,stochastic,2009
9,-0.5434306482584512,6.3767563533733105,1,stochastic,2009
9,-0.7188436913069873,-1.1131142383383263,1,stochastic,2009
9,0.2176408368335847,0.5845612007606109,0,stochastic,2009
9,3.460801405045792,5.296186748468957,1,stochastic,2009
9,-0.3844100044259804,1.7657739239152397,0,stochastic,2009
9,1.3577709192025322,-0.5541536893919117,0,stochastic,2009
9,2.5962199462866566,0.3807339936896418,0,stochastic,2009
9,-1.2934481571836294,1.4049510609061726,1,stochastic,2009
9,2.055311245694484,0.01579496882466014,0,stochastic,2009
9,2.6801930325675576,-0.4737886780862053,0,stochastic,2009
9,3.238099024966359,1.7170891180808097,0,stochastic,2009
9,0.6110887512711114,1.0355720897217506,0,stochastic,2009
9,-0.5419364530671702,0.7248502411602491,0,stochastic,2009
9,0.9030699448328678,-0.5688315357228944,1,stochastic,2009
9,7.957485386616006,-0.5228889225504858,1,stochastic,2009
9,2.6110346832642515,0.6360482294348732,0,stochastic,2009
9,1.3747896879940482,1.1046836067279333,0,stochastic,2009
9,-0.2260690029088097,-0.9469220711127473,0,stochastic,2009
9,-0.7068981398034593,3.751034233952928,1,stochastic,2009
9,0.638337985257436,-0.11219671919596808,0,stochastic,2009
9,1.0332819260211512,0.09532294333079538,0,stochastic,2009
9,1.8990742733406651,0.6467973650254734,0,stochastic,2009
9,1.4689566798193519,0.3000371406551925,1,stochastic,2009
9,1.9099884649716712,2.4818263334026907,1,stochastic,2009
9,1.6917236625540895,-0.35862585463518726,0,stochastic,2009
9,2.606471979730386,2.656316854650097,0,stochastic,2009
9,6.073496907904191,7.275318342864116,1,stochastic,2009
10,0.6679865268743841,-1.549628434458246,0,stochastic,2010
10,-4.248471416419209,2.2485728159801748,1,stochastic,2010
10,0.447010701052009,2.228577534261925,0,stochastic,2010
10,-0.7416954989258644,0.24061070355353564,0,stochastic,2010
10,3.190371921062673,-0.33266026783406843,0,stochastic,2010
10,1.0809977159222264,2.2746142789349753,0,stochastic,2010
10,0.5197473474512767,0.49525779751949395,0,stochastic,2010
10,0.16598870835816626,2.922789746903531,0,stochastic,2010
10,4.614364085082839,4.849357981716725,1,stochastic,2010
10,2.7454454081072157,1.809186415285521,0,stochastic,2010
10,1.064203121311785,2.008981797794307,0,stochastic,2010
10,-0.8762087320552552,2.544108550358719,0,stochastic,2010
10,0.8281379220274845,7.02538836035048,1,stochastic,2010
10,2.403435281828958,0.47765526557367544,1,stochastic,2010
10,1.2136127116434008,1.9038781581024264,0,stochastic,2010
10,0.4517005651544336,2.969938394625858,0,stochastic,2010
10,0.518878022933773,3.301997815479174,1,stochastic,2010
10,0.6159026308160191,2.043806642722902,0,stochastic,2010
10,2.276855608502541,2.4452254194831884,0,stochastic,2010
10,2.0909822764651382,-0.15102150833058237,0,stochastic,2010
10,1.587603535365817,0.17858933621762385,0,stochastic,2010
10,2.2256862683127796,0.19029352127162424,0,stochastic,2010
10,1.4185871875790759,6.48849065286688,1,stochastic,2010
10,1.1807495292116208,0.18068042311001897,0,stochastic,2010
10,0.5823360529659928,-0.8767964243755451,0,stochastic,2010
10,1.6653011145465575,-0.6073893727265105,0,stochastic,2010
10,-0.21092958278338347,1.1864545004571485,0,stochastic,2010
10,1.8204119863630712,3.2772745651192183,0,stochastic,2010
10,-1.524916050314495,2.6448457690417895,1,stochastic,2010
10,-0.25416858835464984,0.3454789216037788,0,stochastic,2010
11,-3.5666733156592283,4.979109458757707,1,stochastic,2011
11,7.224063943926185,4.777531995101685,1,stochastic,2011
11,-0.38526139713317487,-0.11100210742916228,0,stochastic,2011
11,0.5411178729187411,-0.038533728427246006,0,stochastic,2011
11,1.4361539292653913,0.22252854495461227,0,stochastic,2011
11,0.2612563248462917,0.5601431213401813,0,stochastic,2011
11,0.8928666523843374,0.5497282981579616,0,stochastic,2011
11,1.634522157864109,-6.023662926311731,1,stochastic,2011
11,0.16217796562010578,1.4110521769332134,0,stochastic,2011
11,2.2507529804006956,6.087182202381215,1,stochastic,2011
11,-0.10975236874985761,0.6933431593624597,0,stochastic,2011
11,1.2695907613725579,1.2369571499926344,0,stochastic,2011
11,-0.706396098745262,0.3968521421674379,0,stochastic,2011
11,1.291408026475394,1.3862618405836988,0,stochastic,2011
11,4.662806403494368,4.914551675094754,1,stochastic,2011
11,2.890883457398221,0.764319681693322,0,stochastic,2011
11,1.3441578664273723,2.156403954681688,0,stochastic,2011
11,1.8302422684174486,0.8912060717598683,0,stochastic,2011
11,0.497157142727067,0.3843361831179367,0,stochastic,2011
11,1.218544871895401,3.5176826707156783,0,stochastic,2011
11,0.28893292957340366,0.24348945791523002,0,stochastic,2011
11,0.9099760333922657,0.6362763739610737,0,stochastic,2011
11,0.8866337382445294,1.9280468956575196,0,stochastic,2011
11,2.87397297838904,-0.17163828948169924,0,stochastic,2011
11,1.7428070088037626,0.030429928660185457,0,stochastic,2011
11,1.449787836490274,-0.006354020203676036,0,stochastic,2011
11,0.7636723871014043,1.1645494969854322,0,stochastic,2011
11,0.12946718890186315,1.4809094723463447,0,stochastic,2011
11,0.7464633938365239,2.6355643194938043,0,stochastic,2011
11,1.6026867484440124,5.235240843158838,1,stochastic,2011
12,-0.37066786009586705,0.3357355445407213,0,stochastic,2012
12,1.3392787014365592,1.0875246142727988,0,stochastic,2012
12,2.9100239518537956,2.581176710458987,0,stochastic,2012
12,0.17020263092689936,1.802970211416767,0,stochastic,2012
12,1.7588704216110462,2.3324166433373223,0,stochastic,2012
12,0.12395789616876751,1.4851000006159678,0,stochastic,2012
12,3.704980288052892,1.6508389011537572,1,stochastic,2012
12,6.507544790370725,0.6420829202667697,1,stochastic,2012
12,0.6874476306755937,4.439490747945023,1,stochastic,2012
12,2.2505580747067135,1.0051138375871722,0,stochastic,2012
12,0.5452653038292512,-0.30450702292534015,0,stochastic,2012
12,4.492226304243667,6.436223025194221,1,stochastic,2012
12,3.05222742426217,3.9365022353912953,1,stochastic,2012
12,2.507960847848764,2.647832633804092,0,stochastic,2012
12,1.7246343209211732,1.0374278161376005,0,stochastic,2012
12,-0.017793262157629552,1.3682907927743537,0,stochastic,2012
12,2.116579804124257,2.2841519727804442,0,stochastic,2012
12,0.8897331212131129,1.7444748901600606,0,stochastic,2012
12,0.9964284547517227,2.053971519781685,0,stochastic,2012
12,1.675985630999986,-0.1419001703213385,0,stochastic,2012
12,2.5186721619036954,1.2690462558434703,0,stochastic,2012
12,1.1252725676362163,2.5998423066353644,0,stochastic,2012
12,1.2752555861919554,0.5992374269132316,0,stochastic,2012
12,2.3893211552260043,0.260749473400387,0,stochastic,2012
12,2.3791221572825503,0.607498033458282,0,stochastic,2012
12,-0.8551915680468516,2.2010891685760705,0,stochastic,2012
12,1.1071255128665343,1.2808361295382467,0,stochastic,2012
12,1.1689866444429173,1.1660727092924372,0,stochastic,2012
12,2.2142197891765254,-0.6890525535720016,0,stochastic,2012
12,1.1116283457405893,2.6433149103576774,0,stochastic,2012
13,2.6773031905440705,2.270016653163392,0,stochastic,2013
13,1.8336118373046864,1.4925721228315767,0,stochastic,2013
13,2.0115266563038396,1.2315487930247453,0,stochastic,2013
13,0.7509232987618997,0.3895839996948983,0,stochastic,2013
13,1.4881320773797737,0.05240606164297268,0,stochastic,2013
13,2.484678949970763,1.0819322805508647,0,stochastic,2013
13,-1.4210795890108363,0.8789025020572111,0,stochastic,2013
13,1.9432660870819802,0.9841164506118588,0,stochastic,2013
13,2.1535401440118416,1.54062864772153,1,stochastic,2013
13,1.983015552404519,1.9479403963599116,1,stochastic,2013
13,2.9661784327504037,0.05164813310383698,0,stochastic,2013
13,3.5760562618707645,3.0478458019044385,1,stochastic,2013
13,2.1635314497453884,1.498029382303895,0,stochastic,2013
13,0.8207193752468327,-0.25299973125066133,0,stochastic,2013
13,-2.0681443765452743,3.146435523185281,1,stochastic,2013
13,0.4144512655048992,1.571968263744432,0,stochastic,2013
13,-2.271396532530926,-0.030512855768789482,1,stochastic,2013
13,0.5132749183027157,-0.33753203799745046,0,stochastic,2013
13,-1.0418670437533653,1.8000925848092455,1,stochastic,2013
13,2.1163070161819437,0.44044708561281,0,stochastic,2013
13,1.9023873161029374,1.4757268109268178,0,stochastic,2013
13,2.5333620121818594,0.5526410308571399,0,stochastic,2013
13,1.1946089150721286,1.0018863191073457,0,stochastic,2013
13,0.08214071433836512,0.7307774113554643,0,stochastic,2013
13,2.012331818978984,2.1810070043963137,0,stochastic,2013
13,1.756715247443592,1.0359232866905854,0,stochastic,2013
13,0.7861404553861707,0.5845298585882187,0,stochastic,2013
13,0.22859430257401592,1.5606279696859784,0,stochastic,2013
13,1.1953755986564165,2.8454468296867637,0,stochastic,2013
13,0.9953240023588261,2.5458667308687115,0,stochastic,2013
14,-0.035369148133502115,-0.26558427097173976,0,stochastic,2014
14,7.726990177907695,0.5892469037018646,1,stochastic,2014
14,0.5831088529656495,-0.12226364977619553,0,stochastic,2014
14,1.9910116351072344,4.793505819715082,1,stochastic,2014
14,1.0995614414577062,0.20989944419569995,0,stochastic,2014
14,0.3176137034135349,0.7304970145119905,0,stochastic,2014
14,1.399813668402173,-0.6726961043775979,0,stochastic,2014
14,-0.5466567945216965,0.25507370722744505,0,stochastic,2014
14,1.114300292182866,0.5834241922318657,0,stochastic,2014
14,-1.2177435793389,1.4660743321502074,0,stochastic,2014
14,-0.21065497073436745,1.5309072163881934,0,stochastic,2014
14,1.6646139737641774,1.0393684973124373,0,stochastic,2014
14,0.8729156428543031,1.9623580153756666,0,stochastic,2014
14,0.4499112452978372,1.0047353440917395,0,stochastic,2014
14,6.535373274460532,5.237757796037627,1,stochastic,2014
14,2.992842977167382,1.1862104283965444,1,stochastic,2014
14,1.7866257288988618,0.6412208946776026,0,stochastic,2014
14,0.800633422031837,0.8318975395632356,0,stochastic,2014
14,1.0513667102779356,2.9424304080215022,0,stochastic,2014
14,0.8142591051063295,1.8539110892681716,0,stochastic,2014
14,-0.34304230313250716,1.4611582045662699,1,stochastic,2014
14,0.6608098451456543,1.3802177573475622,0,stochastic,2014
14,1.5643683422771493,-0.44737007239884696,0,stochastic,2014
14,1.701184945321616,1.6101840173755984,0,stochastic,2014
14,2.7720423024188268,2.3312196282063784,0,stochastic,2014
14,2.079634426491245,2.2257222810420014,0,stochastic,2014
14,0.46837001800118994,0.0019172340125117593,0,stochastic,2014
14,0.8688273663642824,0.6097088082147255,0,stochastic,2014
14,-0.5360506708376012,-0.11393798308918024,0,stochastic,2014
14,1.536596631216155,1.0260619240380726,0,stochastic,2014
15,2.02348361419282,1.0468107383123602,0,stochastic,2015
15,2.125336011127951,-0.4820777723990357,0,stochastic,2015
15,0.590876952438417,1.1945960353189407,0,stochastic,2015
15,-0.016225249447591406,-0.00421555676288099,0,stochastic,2015
15,0.331719376651452,0.18888033464742637,0,stochastic,2015
15,1.0575496392076598,-0.3482335335624489,0,stochastic,2015
15,-0.4604178121212512,4.960402895123439,1,stochastic,2015
15,-0.6673976792139755,0.39990185408611034,0,stochastic,2015
15,2.993381750111644,0.4040287245662282,0,stochastic,2015
15,0.9660798467715239,1.8466259784821628,0,stochastic,2015
15,3.7344394321031396,3.253901274738352,1,stochastic,2015
15,2.0496823114456415,1.0720151339870823,0,stochastic,2015
15,2.4688845951172613,0.5187593383446987,0,stochastic,2015
15,1.546029209065508,-0.7596285378304646,0,stochastic,2015
15,0.5525511351083432,2.5191332035137446,0,stochastic,2015
15,0.8973576869022721,0.02884651147152273,0,stochastic,2015
15,4.118523091341849,3.2686573665014667,1,stochastic,2015
15,0.8796139906269747,0.4428721919942984,0,stochastic,2015
15,0.14136401074103855,0.23401567728273598,1,stochastic,2015
15,5.866898418818197,-0.014768676035097794,1,stochastic,2015
15,1.6285049162304595,1.2568939556919232,0,stochastic,2015
15,1.0986011097303605,1.0292532508694272,0,stochastic,2015
15,0.10000752430590798,-0.2737274020806577,0,stochastic,2015
15,0.09974413556495332,2.540694467124971,0,stochastic,2015
15,-0.2666514409576368,1.7655759035793444,0,stochastic,2015
15,0.6503241527388387,1.39768804040347,0,stochastic,2015
15,-0.09386006751351994,1.3483240211468352,0,stochastic,2015
15,1.7454933137606103,1.3792769341697424,0,stochastic,2015
15,0.7824416813950896,0.9607222197103393,0,stochastic,2015
15,1.0868053545111316,1.2759689157746417,0,stochastic,2015
16,5.611535528263377,5.1225885777303555,1,stochastic,2016
16,3.135452142213422,0.43216178911525527,0,stochastic,2016
16,2.0090691915476375,1.851541189588532,0,stochastic,2016
16,-0.5015415453492198,1.4664984112950816,0,stochastic,2016
16,1.3055743355940448,-0.049810302052317734,0,stochastic,2016
16,0.19559332124232387,-1.1345754200288058,0,stochastic,2016
16,0.5047188251402495,-0.0757798260103899,0,stochastic,2016
16,0.19892444673596976,-0.43396700005819344,0,stochastic,2016
16,-0.24325816985223492,1.8502142238204828,1,stochastic,2016
16,5.712770023626108,5.647827237614919,1,stochastic,2016
16,0.7484364551022982,3.713990279771313,0,stochastic,2016
16,-0.06128787197402752,2.349113648642734,0,stochastic,2016
16,-0.10661274168745893,1.3572910893811123,0,stochastic,2016
16,1.7620499290633997,0.8021427619105814,0,stochastic,2016
16,-0.061268408547676456,1.962746540689542,0,stochastic,2016
16,0.30321211826520234,1.4458480562218012,0,stochastic,2016
16,1.7416287576963048,1.790620136187655,0,stochastic,2016
16,0.3030639634142569,1.065082765724645,0,stochastic,2016
16,1.876890203944866,3.0523544811217085,0,stochastic,2016
16,1.5708793641561716,0.7429004084694621,0,stochastic,2016
16,4.126572655436912,0.0709344301879753,1,stochastic,2016
16,4.698119236230254,0.8956357282295611,1,stochastic,2016
16,1.4936141809343926,0.567739405715354,0,stochastic,2016
16,0.9332721552290736,-0.6667905818817002,0,stochastic,2016
16,-0.14113167449392017,0.8471456403989842,0,stochastic,2016
16,0.1898343440342929,0.1263941973355418,0,stochastic,2016
16,-0.29310303148892425,0.9673271315571167,0,stochastic,2016
16,0.5320848674032638,0.6537727150308814,0,stochastic,2016
16,3.314071314466057,-0.8663934461720502,0,stochastic,2016
16,-1.9186413640964055,-1.083090037833955,1,stochastic,2016
17,0.7014065792372033,2.5312036772306703,0,stochastic,2017
17,1.1990922724540456,1.5734759769689879,0,stochastic,2017
17,0.2637604491951415,0.27753925845014005,0,stochastic,2017
17,1.2891439780555523,0.15139082398778958,0,stochastic,2017
17,2.035130236488407,-0.45319620127911686,0,stochastic,2017
17,1.2144534202678483,0.5542534388866378,0,stochastic,2017
17,-0.07495434888933938,-0.23481436771614028,0,stochastic,2017
17,2.51028720768763,0.6471409359920149,0,stochastic,2017
17,0.7124431689253153,1.0788659443498834,0,stochastic,2017
17,0.6165791110140377,2.818947884762554,0,stochastic,2017
17,0.8523215446055518,1.6939596037995885,0,stochastic,2017
17,-0.5015746886331689,2.311817421878728,0,stochastic,2017
17,2.315497218413558,4.228476499995619,1,stochastic,2017
17,1.0261513752728844,0.6634525568106775,0,stochastic,2017
17,2.8677634613956022,-1.2823552336308337,0,stochastic,2017
17,0.5482124121112086,1.2127995938798135,1,stochastic,2017
17,-0.29203066872284555,-0.3938461639533146,0,stochastic,2017
17,1.1485128094859258,1.444821464703323,0,stochastic,2017
17,1.8869956066130444,0.18091394457663967,0,stochastic,2017
17,1.03133164782086,0.2753319953657144,0,stochastic,2017
17,0.5415219194012555,-0.317375984259767,0,stochastic,2017
17,0.819922137699418,1.8957488442538797,0,stochastic,2017
17,0.5418022305134249,0.6247068692947151,0,stochastic,2017
17,0.3066661589039754,2.2323338418434884,0,stochastic,2017
17,1.4140351621634302,0.634640975879484,0,stochastic,2017
17,2.181921262094532,1.505414352512163,0,stochastic,2017
17,1.5477374256047782,1.3841709652082321,0,stochastic,2017
17,3.4203836848701137,0.2904566174589731,0,stochastic,2017
17,7.146366517775888,2.6171715782877794,1,stochastic,2017
17,1.7877987604754768,1.212769954295677,0,stochastic,2017
18,1.4714629479992478,-2.521930031936267,1,stochastic,2018
18,1.5022768893418665,1.8560292955841158,0,stochastic,2018
18,3.8251643960023314,1.7393171746630887,1,stochastic,2018
18,0.9358056259401062,4.300692244614101,1,stochastic,2018
18,1.1462203978120886,1.587611314206528,0,stochastic,2018
18,2.2306551211083785,2.0764461049285856,0,stochastic,2018
18,2.1171986614038403,-0.4698330699376483,0,stochastic,2018
18,1.2891651214310684,2.2827332225264954,0,stochastic,2018
18,-0.03597238547316506,0.7250030627092516,0,stochastic,2018
18,2.4816078218308197,3.191130517933848,1,stochastic,2018
18,2.187125362024295,3.6260832804210557,0,stochastic,2018
18,0.7234989104330988,0.4243180553718936,0,stochastic,2018
18,4.89281890289697,3.16679644240959,1,stochastic,2018
18,0.9461221965215749,2.072795999770418,0,stochastic,2018
18,1.0218952907173227,2.96594692231588,0,stochastic,2018
18,1.838188404359494,1.0470837213306485,0,stochastic,2018
18,1.6240945438360086,0.8021371391590069,0,stochastic,2018
18,1.1883341394351712,-0.5802308742938713,0,stochastic,2018
18,2.3688518879497185,0.2732679427406529,0,stochastic,2018
18,0.39422772714264287,0.8514664056001116,0,stochastic,2018
18,2.294872175902519,1.2321674177850694,0,stochastic,2018
18,0.9769471245592014,1.9315658862550695,0,stochastic,2018
18,1.1527846406475395,2.2018273385410803,0,stochastic,2018
18,0.8147687396759412,0.2200669173174119,0,stochastic,2018
18,1.2995639798938594,4.792400488084508,1,stochastic,2018
18,0.4763890342830628,1.3540763757521863,0,stochastic,2018
18,1.8427327406578882,-0.7667018035406645,1,stochastic,2018
18,0.9411074903411425,0.06626786646514493,0,stochastic,2018
18,1.281936461501698,6.557004600071575,1,stochastic,2018
18,-1.4860758650220802,2.5485434290882454,0,stochastic,2018
19,7.800998378525405,-1.1406830237854235,1,stochastic,2019
19,0.6381346280038089,1.685608831264614,0,stochastic,2019
19,-0.12352870145715644,-1.2268198043285747,0,stochastic,2019
19,1.0169048970668861,0.4850164779638746,0,stochastic,2019
19,1.0358299370557091,2.0154792511358135,0,stochastic,2019
19,1.8459304443625173,0.4964584178606505,0,stochastic,2019
19,0.6929841253921651,0.4531988602806497,0,stochastic,2019
19,-2.205040232839741,2.0549694264147247,0,stochastic,2019
19,3.3913566710360885,3.8533439927964617,1,stochastic,2019
19,4.232784740417101,4.460067806341042,1,stochastic,2019
19,-0.015529729610734844,-0.09087529276281536,0,stochastic,2019
19,2.0708013557465215,1.2174211498431684,0,stochastic,2019
19,1.933449046242051,-0.14947492501910298,0,stochastic,2019
19,2.0638132429326834,1.2377408605922813,0,stochastic,2019
19,0.16712441960773838,-0.4940903519748556,0,stochastic,2019
19,1.4450082325350952,0.8269137922868748,0,stochastic,2019
19,0.4500525165384799,2.3198371646816023,0,stochastic,2019
19,2.8389970992813733,0.5606378752799799,0,stochastic,2019
19,0.3421451185883796,1.9540432434628974,0,stochastic,2019
19,1.3169340625289445,1.3532539811534718,0,stochastic,2019
19,0.25908872599825894,2.1460187643117754,0,stochastic,2019
19,2.479985494621789,-1.1053006934328118,0,stochastic,2019
19,1.05705878794245,-1.2870059062309034,1,stochastic,2019
19,0.3383627815273378,0.4040030199560716,0,stochastic,2019
19,3.654507113501075,1.2915600737779722,0,stochastic,2019
19,0.4614340572844654,0.0031522207070133756,0,stochastic,2019
19,0.7981033669081425,0.9645353630922747,0,stochastic,2019
19,3.7052483536757204,3.3454634615344374,1,stochastic,2019
19,2.4866894685163476,0.4254108700589784,0,stochastic,2019
19,0.7657610420956369,0.9155409654904394,0,stochastic,2019
20,3.0845408154991967,6.2391133050872725,1,stochastic,2020
20,-0.13062970280534225,0.34856983309526524,0,stochastic,2020
20,1.893108221330348,0.613605744491009,0,stochastic,2020
20,1.410112949799447,0.42711750991891195,0,stochastic,2020
20,-0.3612872565231158,-0.23647173767049212,0,stochastic,2020
20,1.3137194065793762,-0.4448214158760575,0,stochastic,2020
20,1.2927192112000279,0.883572420875499,0,stochastic,2020
20,1.392616103869178,1.057293834917698,0,stochastic,2020
20,0.8125726622252272,1.0674630361285913,0,stochastic,2020
20,0.9154107194878234,-0.21545008110560948,0,stochastic,2020
20,0.7389411059540951,1.8170747458728296,0,stochastic,2020
20,1.3822248605565055,1.9376730022938888,0,stochastic,2020
20,-0.000749896583081,1.5228814810135747,0,stochastic,2020
20,6.720798449551931,2.3531194689891164,1,stochastic,2020
20,1.405797868759064,-0.019234625235172498,0,stochastic,2020
20,0.6831860773877886,-0.31283291178524486,0,stochastic,2020
20,1.6550784662132663,-0.5257094415092538,0,stochastic,2020
20,0.7916712590766886,0.908136494481844,0,stochastic,2020
20,0.6333368060209239,2.873447615090708,0,stochastic,2020
20,1.2071548988643916,2.6442421566750873,0,stochastic,2020
20,1.5256389712388092,1.732692765885437,0,stochastic,2020
20,1.0600508504734378,1.3678199430189624,1,stochastic,2020
20,1.349441071980046,1.1301398475727695,0,stochastic,2020
20,-0.7402099496581025,3.8871616512403255,1,stochastic,2020
20,2.656282400454515,5.722961602521014,1,stochastic,2020
20,0.9399976204730279,1.2797839136139442,0,stochastic,2020
20,1.271348871790591,0.8574003458127033,0,stochastic,2020
20,0.8866125367372208,-0.23326700412555867,0,stochastic,2020
20,0.8758163424551617,1.2697064350233505,0,stochastic,2020
20,1.6589060740675325,0.5893688507236804,0,stochastic,2020
21,0.34721656976221804,1.421931733681694,0,stochastic,2021
21,1.555875831519425,0.2944957135513093,0,stochastic,2021
21,0.8099004569356669,1.1340770896316121,0,stochastic,2021
21,1.106413742551698,1.422154829542179,0,stochastic,2021
21,3.044890299374225,2.07526773662362,0,stochastic,2021
21,-2.723167172181741,6.300672914207651,1,stochastic,2021
21,1.3172062878479154,-0.3646174881073576,0,stochastic,2021
21,0.279841164864703,3.5449146005620507,0,stochastic,2021
21,1.5578715673992685,1.7761762103365566,0,stochastic,2021
21,2.1472359850003837,2.3762607584354365,0,stochastic,2021
21,4.490995562331753,-0.7504361787387985,1,stochastic,2021
21,1.7281305094172572,0.6103519171392554,0,stochastic,2021
21,0.9587559750809109,1.3439658292383745,0,stochastic,2021
21,-1.793530572768458,1.361648006797546,0,stochastic,2021
21,4.839576630397995,3.9842441801730892,1,stochastic,2021
21,-0.41177784371377224,2.2242357215843627,0,stochastic,2021
21,-0.2712685838000324,-0.31193824567900075,1,stochastic,2021
21,1.8255202401637458,-0.28449685553862625,0,stochastic,2021
21,2.5928888258024543,-0.20103209671333921,0,stochastic,2021
21,2.603741869576817,0.9799472457323559,1,stochastic,2021
21,0.789023148997966,2.7854219814128296,0,stochastic,2021
21,1.7054919201199252,1.7195475040192871,0,stochastic,2021
21,2.327620634517001,1.4286520918354677,0,stochastic,2021
21,2.003245273007029,0.6335501729966531,0,stochastic,2021
21,0.5107207623719021,2.504199319756997,0,stochastic,2021
21,-0.41260181309858757,0.1969903014484754,0,stochastic,2021
21,1.4254089246237802,1.0738509311182947,0,stochastic,2021
21,1.1565560647382067,0.9431387203154759,0,stochastic,2021
21,5.727324699931938,1.3582642980810267,1,stochastic,2021
21,1.6292685983814406,1.3618912155992957,0,stochastic,2021
22,-0.014240301321083226,0.9975282827431152,0,stochastic,2022
22,0.8607144383557173,2.984686157706742,0,stochastic,2022
22,5.292562201305712,3.8515729156742093,1,stochastic,2022
22,1.3734972872930757,1.377813393840022,0,stochastic,2022
22,2.628609368191877,4.286357170046331,1,stochastic,2022
22,2.1427600238327162,-0.5356542853562096,0,stochastic,2022
22,3.749767294352181,1.7609599416990434,1,stochastic,2022
22,2.0339638833350278,0.1755077723232752,0,stochastic,2022
22,2.1185949424745667,1.0728593963629895,0,stochastic,2022
22,0.872726159424246,-0.4758859015310486,0,stochastic,2022
22,1.0781968608660248,0.9752596281623226,0,stochastic,2022
22,0.4327821122315504,2.1744869568602283,0,stochastic,2022
22,0.7783546789429294,1.7214998994511501,0,stochastic,2022
22,0.17457153324400787,-1.2124251270563615,1,stochastic,2022
22,2.222507609240954,2.187993423133385,0,stochastic,2022
22,0.3392729130538157,0.19219373861061673,0,stochastic,2022
22,2.564909900278815,3.579699807601174,1,stochastic,2022
22,0.060475483684391595,1.5995383165143333,0,stochastic,2022
22,1.0570836967791386,1.0120551352406086,0,stochastic,2022
22,2.1496745434574414,0.8444237091779196,0,stochastic,2022
22,1.905481614143377,0.7366673998944582,0,stochastic,2022
22,0.7591954025968612,1.1651210806835932,0,stochastic,2022
22,-0.5430883245035485,-0.044670208858824445,1,stochastic,2022
22,-0.01358445763509053,0.5797678138658154,0,stochastic,2022
22,1.421563095783564,2.1001902272877055,0,stochastic,2022
22,0.17258625209033118,3.9638018971732167,1,stochastic,2022
22,0.23145703296596454,0.8502845813105852,0,stochastic,2022
22,4.66573288788219,-5.872296712572513,1,stochastic,2022
22,0.5833330102780421,0.7873542725503082,0,stochastic,2022
22,6.293963996203342,4.484875156636884,1,stochastic,2022
23,1.2075859796041233,1.920433289295452,0,stochastic,2023
23,0.8978401587053102,-0.14129262543644905,0,stochastic,2023
23,1.1887825580241838,2.759334869314076,0,stochastic,2023
23,1.0989022703734623,-2.121532153116367,0,stochastic,2023
23,0.6036126628018564,0.0061379485848021,0,stochastic,2023
23,-0.02936139534358495,0.4782257956951306,0,stochastic,2023
23,1.0701607302922531,0.4977114949465177,0,stochastic,2023
23,-0.03359932280239697,-0.5021775231019556,0,stochastic,2023
23,0.8923365810830998,0.053976620571998146,0,stochastic,2023
23,1.6421249443983306,0.8188244691079478,0,stochastic,2023
23,1.5003740775990337,2.4010612704763723,0,stochastic,2023
23,0.44212650310065493,1.92707957621562,0,stochastic,2023
23,2.219257430747972,-1.1517493039462536,0,stochastic,2023
23,2.596487698414431,0.36123794051973424,0,stochastic,2023
23,0.38382472186452976,0.44498918291157163,0,stochastic,2023
23,0.6994653288271451,2.008391201468453,0,stochastic,2023
23,0.7594648488343967,1.6943708053052544,0,stochastic,2023
23,1.3406187878573614,-0.25350135238125526,0,stochastic,2023
23,2.9997431809216204,5.275937692079671,1,stochastic,2023
23,3.3988759831371063,-1.5831048601319786,0,stochastic,2023
23,0.9063109564253109,6.9539997024891385,1,stochastic,2023
23,0.15931738860946054,0.8344906011740646,0,stochastic,2023
23,1.7290087930120186,1.1787974545179076,0,stochastic,2023
23,1.1831690628311207,2.235830263516428,0,stochastic,2023
23,1.662147033745241,-1.0239684767174544,0,stochastic,2023
23,0.131595926593834,1.6043462593243918,0,stochastic,2023
23,-0.43769169689802134,2.35022284541388,0,stochastic,2023
23,1.9693573843332572,1.0365367872491749,0,stochastic,2023
23,0.438753393113102,3.3937037257609552,0,stochastic,2023
23,1.3371172372372389,0.44281950335007225,0,stochastic,2023
24,0.07496577954320982,1.5906158820831537,0,stochastic,2024
24,0.7984622426283289,0.8490880525094876,0,stochastic,2024
24,0.7093954404331245,2.993347821155818,0,stochastic,2024
24,1.4599886183590813,1.1020516465742265,0,stochastic,2024
24,-0.034046028856205446,3.1683930325211085,0,stochastic,2024
24,2.1939950195092432,1.86181532686743,0,stochastic,2024
24,0.1504602114605983,0.031910931026918776,0,stochastic,2024
24,1.2082287310833186,2.4087229250418996,0,stochastic,2024
24,-0.47977025143319163,0.18229785810959176,0,stochastic,2024
24,0.6338161242442386,-0.5347050330234122,0,stochastic,2024
24,5.8328024932493285,0.9018962243967485,1,stochastic,2024
24,-0.43054977031980646,0.571120701066807,0,stochastic,2024
24,1.1458709667998126,0.3410254176956391,0,stochastic,2024
24,2.589817678568899,3.5375817375792544,1,stochastic,2024
24,0.7155258980500733,1.4608174546476527,0,stochastic,2024
24,3.1077344016218835,2.007735141141671,1,stochastic,2024
24,0.8843790390877639,1.1926702564309162,0,stochastic,2024
24,-0.31890200868330854,-0.0797806954220246,0,stochastic,2024
24,4.060720474090585,5.2843339134914755,1,stochastic,2024
24,2.814918841353381,1.5524989351276495,0,stochastic,2024
24,3.1642483976717015,-2.92147954140923,1,stochastic,2024
24,6.04764723041272,-0.5529195269875706,1,stochastic,2024
24,-0.0691207308950832,1.6968878577532605,0,stochastic,2024
24,1.4639126429139877,1.6840957154525507,0,stochastic,2024
24,2.2683282489010566,0.4691713329863726,0,stochastic,2024
24,-0.5314527686997985,2.9225967148124674,0,stochastic,2024
24,2.0112748753647605,0.0906543627002735,0,stochastic,2024
24,2.596536109590227,-0.2902729804712789,0,stochastic,2024
24,0.2985426244412164,1.5684801823701902,1,stochastic,2024
24,1.2489513179909832,1.99602756613293,0,stochastic,2024
25,-1.1212842319520666,-0.033113761194547564,0,stochastic,2025
25,0.8992719117069984,3.146986573285621,0,stochastic,2025
25,2.377587804151199,7.182109626020643,1,stochastic,2025
25,5.29076185822131,3.615160950777212,1,stochastic,2025
25,1.7851347515854445,-0.18625788801975451,0,stochastic,2025
25,-0.16138705536835696,2.7337240058953256,1,stochastic,2025
25,2.851387289363517,3.2982537850739897,1,stochastic,2025
25,2.0634817778402788,1.0371200050883655,0,stochastic,2025
25,0.7401802381942304,-0.8032091484590571,0,stochastic,2025
25,0.8182770292810186,1.7179002124106626,0,stochastic,2025
25,7.259640409632177,2.9945283968498657,1,stochastic,2025
25,6.601694824671954,2.815004066033157,1,stochastic,2025
25,0.2581064055773147,0.6998599646524836,0,stochastic,2025
25,1.748555548637642,1.2781863888490101,0,stochastic,2025
25,0.48645383211417037,0.7708495833025761,0,stochastic,2025
25,2.7811560509150812,4.775812602816845,1,stochastic,2025
25,-0.09609093318301376,2.5050578622975874,0,stochastic,2025
25,8.704622197407954,1.0644478507170188,1,stochastic,2025
25,2.5505167158239175,-0.07160482766111653,0,stochastic,2025
25,0.3244494909809157,2.0693202966522,0,stochastic,2025
25,1.5644279716140803,0.5871098548501821,0,stochastic,2025
25,0.8902579819383126,-0.39323572913565186,0,stochastic,2025
25,0.03458475317451182,0.6166531761500003,0,stochastic,2025
25,1.9021389104878907,2.1736139681006397,0,stochastic,2025
25,0.880223530423864,0.8614205139604431,0,stochastic,2025
25,1.937062865274476,-0.004616341120692979,0,stochastic,2025
25,1.616633046796692,0.6440960524787926,0,stochastic,2025
25,0.6279173233640587,0.14049246605715515,0,stochastic,2025
25,1.226039623650842,2.1523162796876827,0,stochastic,2025
25,-0.4342699391389331,2.5307724939745744,0,stochastic,2025
26,1.3490496605704947,0.9362967611363869,0,stochastic,2026
26,1.3115706675062828,0.9867651200852868,0,stochastic,2026
26,1.1203004756322228,1.8502907215728777,0,stochastic,2026
26,0.17010396659302396,-0.5961585252315182,0,stochastic,2026
26,3.00615572206143,-0.7805128134018224,0,stochastic,2026
26,1.48297993016438,1.2218784508221006,0,stochastic,2026
26,0.6836200515415769,0.5532168079689248,0,stochastic,2026
26,2.968879071653625,0.6813510734496715,0,stochastic,2026
26,3.661186217957728,8.961782130349118,1,stochastic,2026
26,1.0562327009685961,-0.6992454573099904,0,stochastic,2026
26,-0.46133983484877383,0.9508023524323076,0,stochastic,2026
26,0.8350985303768844,1.3853723822460273,0,stochastic,2026
26,0.21920520375378427,0.3221680380624725,0,stochastic,2026
26,2.1810755290153176,1.8337030771060618,0,stochastic,2026
26,1.093183880886377,2.8204560720001433,1,stochastic,2026
26,0.989872721320705,1.1365157009030298,0,stochastic,2026
26,2.262603469087474,2.1771217223373007,0,stochastic,2026
26,0.14310232984716909,1.1859859430488773,0,stochastic,2026
26,-0.8294954756927115,4.984907332092422,1,stochastic,2026
26,1.565183702250813,0.0008060378879224395,1,stochastic,2026
26,1.0873712711329047,-1.3114329221294834,0,stochastic,2026
26,1.9148912979176227,-0.03293497466476025,0,stochastic,2026
26,1.3888787757197236,0.5936626017066053,0,stochastic,2026
26,1.7162026890652542,0.555486597037131,0,stochastic,2026
26,0.7644021300436871,1.4522620176007934,0,stochastic,2026
26,1.6492920622583427,0.4597922191342646,0,stochastic,2026
26,3.592267623007751,0.5314130885437995,1,stochastic,2026
26,2.29725762091954,3.343783211216593,1,stochastic,2026
26,1.8744381323267683,1.2520024458696004,0,stochastic,2026
26,0.8112006546739003,1.415668251079453,0,stochastic,2026
27,3.4379711661351404,3.6303516200039216,1,stochastic,2027
27,0.04355819614153855,3.2565057275336926,1,stochastic,2027
27,4.723244286473989,1.6622909858553037,1,stochastic,2027
27,5.509597748027522,2.1771984708900156,1,stochastic,2027
27,0.35330567048456796,4.336401955984707,0,stochastic,2027
27,0.9259534967523886,1.3300574045375066,0,stochastic,2027
27,-0.15007991926066144,0.7942099182613792,0,stochastic,2027
27,2.8075852260872103,1.1082792004803879,1,stochastic,2027
27,2.472721539202809,2.5919649683414674,0,stochastic,2027
27,-1.6992996899058053,0.5262629609791116,0,stochastic,2027
27,1.1010214423456575,-0.3091019284540393,0,stochastic,2027
27,-0.3031259449246537,1.3059884539080475,0,stochastic,2027
27,6.213664179674028,5.247218620871657,1,stochastic,2027
27,-0.7143371717031552,2.220329038031415,1,stochastic,2027
27,5.825110445668442,0.005499129538592218,1,stochastic,2027
27,0.969111954826596,0.7077005090945534,0,stochastic,2027
27,2.009524407692556,1.0174796246934084,0,stochastic,2027
27,2.851004462052856,0.6898804119309545,0,stochastic,2027
27,1.626523454266061,0.8591778252006941,0,stochastic,2027
27,2.1382639161473813,1.2166451107774192,0,stochastic,2027
27,2.6921486607106946,0.4674780561197913,0,stochastic,2027
27,0.510979173825773,0.08882137024668013,0,stochastic,2027
27,0.01891534639327963,-0.047890418602584583,0,stochastic,2027
27,0.9616558758942588,0.9885879360462151,0,stochastic,2027
27,1.478388392314337,1.957662260807487,1,stochastic,2027
27,9.37423984068217,0.6807100433600928,1,stochastic,2027
27,-1.4647090526870326,4.101454786365115,1,stochastic,2027
27,2.3553000033864393,-0.04111236206847502,0,stochastic,2027
27,0.8047319394749112,1.6018012110546733,0,stochastic,2027
27,8.347802153855742,3.326095836752448,1,stochastic,2027
28,1.5300697611106688,0.05149536131749699,0,stochastic,2028
28,-0.6867616977246875,1.9934734684411461,0,stochastic,2028
28,2.1620191935661897,1.3428276008756281,0,stochastic,2028
28,0.41853475923817485,0.45917598407490834,0,stochastic,2028
28,-0.7407065041782803,0.6751070890558492,0,stochastic,2028
28,3.0282199265067518,2.072875059083181,0,stochastic,2028
28,3.390834301559588,-0.9095640632615551,0,stochastic,2028
28,1.8323500081104203,1.6652785786280913,0,stochastic,2028
28,-0.9427983453188336,0.6085521231408373,0,stochastic,2028
28,-0.5257156813684647,-0.319713392110045,0,stochastic,2028
28,3.554722231211181,1.5036956183663979,1,stochastic,2028
28,2.0355706644570777,0.8856019273414043,0,stochastic,2028
28,3.4410175469178106,1.8474381835864426,0,stochastic,2028
28,-1.2192114914245922,1.1479311473417122,0,stochastic,2028
28,1.1016405342224331,0.8723286272181916,0,stochastic,2028
28,4.071910282448352,0.042956708092842355,1,stochastic,2028
28,1.3974509943607132,0.9095774336114787,0,stochastic,2028
28,0.3919543528914202,0.807782233768621,0,stochastic,2028
28,0.6220582081596152,1.2634122901240254,0,stochastic,2028
28,-0.13388284914527282,1.5815971274314091,0,stochastic,2028
28,1.4050595214065758,-0.7283902381818996,0,stochastic,2028
28,6.667610024257244,3.250024230836948,1,stochastic,2028
28,1.778016869836236,0.05040948128287015,0,stochastic,2028
28,3.309815290636326,5.184505095100707,1,stochastic,2028
28,1.9724546011508792,1.6695225177733866,0,stochastic,2028
28,-0.7229857742115278,2.150364703757621,0,stochastic,2028
28,1.862002485724664,0.487220941666334,0,stochastic,2028
28,6.111732109218653,6.540007540876101,1,stochastic,2028
28,0.8352099716253216,0.615613626376744,0,stochastic,2028
28,0.16231359120744115,0.727492918403821,0,stochastic,2028
29,1.542146866859553,0.6680653552560472,0,stochastic,2029
29,3.005189631865591,-0.9319693580947375,0,stochastic,2029
29,8.288437593245927,1.7749185301608343,1,stochastic,2029
29,1.4620331950935253,2.9151288834405213,0,stochastic,2029
29,-0.13776661835649806,2.274956539116947,1,stochastic,2029
29,1.1253299038954592,0.2314555518265501,0,stochastic,2029
29,1.2709264384824794,0.8971007676268914,0,stochastic,2029
29,0.8097300127343916,-0.5951575519131611,0,stochastic,2029
29,1.5041808360121989,0.5618981176569222,0,stochastic,2029
29,3.2627367325583143,9.111092510708996,1,stochastic,2029
29,0.14515403740622435,1.987455989417108,0,stochastic,2029
29,1.6962974994507722,-0.849925023662562,0,stochastic,2029
29,0.9445834129172033,0.4696145219718194,0,stochastic,2029
29,1.5726328029465875,1.4692997092314082,0,stochastic,2029
29,1.5473927873153723,0.48811719930488184,0,stochastic,2029
29,1.0056645951964243,0.8235456250543722,0,stochastic,2029
29,0.9742747421504234,1.2237299754978461,0,stochastic,2029
29,0.23168940430149265,-0.6199803120435365,0,stochastic,2029
29,1.7594424027072255,0.28529067465521485,0,stochastic,2029
29,6.681194929143038,10.770989303024827,1,stochastic,2029
29,0.2510673955939303,1.2074116406273148,0,stochastic,2029
29,0.13893022478874395,2.5812434653480283,0,stochastic,2029
29,0.9149766085257262,-0.37059420916904684,0,stochastic,2029
29,2.537461478257467,1.8193759876007332,1,stochastic,2029
29,1.6990282027684585,1.664241245279917,0,stochastic,2029
29,3.5608969419577896,4.072890817949851,1,stochastic,2029
29,1.998391093565412,5.614205986252898,1,stochastic,2029
29,1.6498766240648304,1.2489525758932445,0,stochastic,2029
29,1.6948178797055924,1.9779957579028706,0,stochastic,2029
29,0.631176729983945,1.9426273553932034,0,stochastic,2029
